market,region,district,date,commodity,price_type,price,currency,source
Makola,Greater Accra,AMA-Okaikoi South,2025-04-16,Eggplants,Wholesale,17.86,GHS,MoFA SRID
Makola,Greater Accra,AMA-Okaikoi South,2025-04-16,Maize,Wholesale,9.0,GHS,MoFA SRID
Makola,Greater Accra,AMA-Okaikoi South,2025-04-16,Maize (yellow),Wholesale,9.56,GHS,MoFA SRID
Makola,Greater Accra,AMA-Okaikoi South,2025-04-16,Millet,Wholesale,13.97,GHS,MoFA SRID
Makola,Greater Accra,AMA-Okaikoi South,2025-04-16,Onions,Wholesale,15.04,GHS,MoFA SRID
Makola,Greater Accra,AMA-Okaikoi South,2025-04-16,Peppers (dried),Wholesale,120.0,GHS,MoFA SRID
Makola,Greater Accra,AMA-Okaikoi South,2025-04-16,Peppers (fresh),Wholesale,27.95,GHS,MoFA SRID
Makola,Greater Accra,AMA-Okaikoi South,2025-04-16,Plantains (apentu),Wholesale,31.25,GHS,MoFA SRID
Makola,Greater Accra,AMA-Okaikoi South,2025-04-16,Rice (imported),Wholesale,16.33,GHS,MoFA SRID
Makola,Greater Accra,AMA-Okaikoi South,2025-04-16,Rice (local),Wholesale,15.4,GHS,MoFA SRID
Makola,Greater Accra,AMA-Okaikoi South,2025-04-16,Sorghum,Wholesale,4.37,GHS,MoFA SRID
Makola,Greater Accra,AMA-Okaikoi South,2025-04-16,Tomatoes (local),Wholesale,13.33,GHS,MoFA SRID
Makola,Greater Accra,AMA-Okaikoi South,2025-04-16,Tomatoes (navrongo),Wholesale,15.73,GHS,MoFA SRID
Agbogbloshie,Greater Accra,AMA-Okaikoi South,2025-04-21,Eggplants,Retail,22.22,GHS,MoFA SRID
Agbogbloshie,Greater Accra,AMA-Okaikoi South,2025-04-21,Eggs,Retail,65.0,GHS,MoFA SRID
Agbogbloshie,Greater Accra,AMA-Okaikoi South,2025-04-21,Gari,Retail,12.0,GHS,MoFA SRID
Agbogbloshie,Greater Accra,AMA-Okaikoi South,2025-04-21,Maize,Retail,11.2,GHS,MoFA SRID
Agbogbloshie,Greater Accra,AMA-Okaikoi South,2025-04-21,Maize (yellow),Retail,12.0,GHS,MoFA SRID
Agbogbloshie,Greater Accra,AMA-Okaikoi South,2025-04-21,Millet,Retail,16.89,GHS,MoFA SRID
Agbogbloshie,Greater Accra,AMA-Okaikoi South,2025-04-21,Onions,Retail,22.54,GHS,MoFA SRID
Agbogbloshie,Greater Accra,AMA-Okaikoi South,2025-04-21,Peppers (dried),Retail,36.11,GHS,MoFA SRID
Agbogbloshie,Greater Accra,AMA-Okaikoi South,2025-04-21,Peppers (fresh),Retail,25.0,GHS,MoFA SRID
Agbogbloshie,Greater Accra,AMA-Okaikoi South,2025-04-21,Plantains (apem),Retail,33.33,GHS,MoFA SRID
Agbogbloshie,Greater Accra,AMA-Okaikoi South,2025-04-21,Plantains (apentu),Retail,33.33,GHS,MoFA SRID
Agbogbloshie,Greater Accra,AMA-Okaikoi South,2025-04-21,Rice (imported),Retail,17.67,GHS,MoFA SRID
Agbogbloshie,Greater Accra,AMA-Okaikoi South,2025-04-21,Rice (local),Retail,16.67,GHS,MoFA SRID
Agbogbloshie,Greater Accra,AMA-Okaikoi South,2025-04-21,Sorghum,Retail,10.94,GHS,MoFA SRID
Agbogbloshie,Greater Accra,AMA-Okaikoi South,2025-04-21,Tomatoes (local),Retail,15.73,GHS,MoFA SRID
Agbogbloshie,Greater Accra,AMA-Okaikoi South,2025-04-21,Tomatoes (navrongo),Retail,19.46,GHS,MoFA SRID
Makola,Greater Accra,AMA-Okaikoi South,2025-04-21,Eggplants,Retail,33.33,GHS,MoFA SRID
Makola,Greater Accra,AMA-Okaikoi South,2025-04-21,Eggs,Retail,63.33,GHS,MoFA SRID
Makola,Greater Accra,AMA-Okaikoi South,2025-04-21,Gari,Retail,28.0,GHS,MoFA SRID
Makola,Greater Accra,AMA-Okaikoi South,2025-04-21,Maize,Retail,12.0,GHS,MoFA SRID
Makola,Greater Accra,AMA-Okaikoi South,2025-04-21,Maize (yellow),Retail,13.33,GHS,MoFA SRID
Makola,Greater Accra,AMA-Okaikoi South,2025-04-21,Millet,Retail,18.75,GHS,MoFA SRID
Makola,Greater Accra,AMA-Okaikoi South,2025-04-21,Onions,Retail,28.57,GHS,MoFA SRID
Makola,Greater Accra,AMA-Okaikoi South,2025-04-21,Peppers (fresh),Retail,25.0,GHS,MoFA SRID
Makola,Greater Accra,AMA-Okaikoi South,2025-04-21,Plantains (apem),Retail,40.0,GHS,MoFA SRID
Makola,Greater Accra,AMA-Okaikoi South,2025-04-21,Plantains (apentu),Retail,40.0,GHS,MoFA SRID
Makola,Greater Accra,AMA-Okaikoi South,2025-04-21,Rice (imported),Retail,17.0,GHS,MoFA SRID
Makola,Greater Accra,AMA-Okaikoi South,2025-04-21,Rice (local),Retail,17.0,GHS,MoFA SRID
Makola,Greater Accra,AMA-Okaikoi South,2025-04-21,Sorghum,Retail,12.5,GHS,MoFA SRID
Makola,Greater Accra,AMA-Okaikoi South,2025-04-21,Tomatoes (local),Retail,17.8,GHS,MoFA SRID
Makola,Greater Accra,AMA-Okaikoi South,2025-04-21,Tomatoes (navrongo),Retail,20.61,GHS,MoFA SRID
Bamboi,Savannah,Bole,2025-05-17,Cowpeas (white),Wholesale,23.12,GHS,MoFA SRID
Bamboi,Savannah,Bole,2025-05-17,Eggplants,Wholesale,14.91,GHS,MoFA SRID
Bamboi,Savannah,Bole,2025-05-17,Eggs,Wholesale,70.0,GHS,MoFA SRID
Bamboi,Savannah,Bole,2025-05-17,Gari,Wholesale,18.38,GHS,MoFA SRID
Bamboi,Savannah,Bole,2025-05-17,Maize,Wholesale,7.79,GHS,MoFA SRID
Bamboi,Savannah,Bole,2025-05-17,Maize (yellow),Wholesale,6.47,GHS,MoFA SRID
Bamboi,Savannah,Bole,2025-05-17,Millet,Wholesale,17.5,GHS,MoFA SRID
Bamboi,Savannah,Bole,2025-05-17,Onions,Wholesale,15.11,GHS,MoFA SRID
Bamboi,Savannah,Bole,2025-05-17,Peppers (fresh),Wholesale,14.05,GHS,MoFA SRID
Bamboi,Savannah,Bole,2025-05-17,Rice (imported),Wholesale,17.42,GHS,MoFA SRID
Bamboi,Savannah,Bole,2025-05-17,Rice (local),Wholesale,11.62,GHS,MoFA SRID
Bamboi,Savannah,Bole,2025-05-17,Sorghum,Wholesale,12.5,GHS,MoFA SRID
Bamboi,Savannah,Bole,2025-05-17,Soybeans,Wholesale,17.5,GHS,MoFA SRID
Bamboi,Savannah,Bole,2025-05-17,Tomatoes (local),Wholesale,11.86,GHS,MoFA SRID
Bamboi,Savannah,Bole,2025-05-17,Yam,Wholesale,14.0,GHS,MoFA SRID
Bamboi,Savannah,Bole,2025-05-17,Yam (puna),Wholesale,18.0,GHS,MoFA SRID
Goaso,Ahafo,Asunafo North Municipal,2025-06-03,Cowpeas (white),Wholesale,19.74,GHS,MoFA SRID
Goaso,Ahafo,Asunafo North Municipal,2025-06-03,Eggs,Wholesale,55.0,GHS,MoFA SRID
Goaso,Ahafo,Asunafo North Municipal,2025-06-03,Maize,Wholesale,12.02,GHS,MoFA SRID
Goaso,Ahafo,Asunafo North Municipal,2025-06-03,Maize (yellow),Wholesale,12.35,GHS,MoFA SRID
Goaso,Ahafo,Asunafo North Municipal,2025-06-03,Millet,Wholesale,17.15,GHS,MoFA SRID
Goaso,Ahafo,Asunafo North Municipal,2025-06-03,Onions,Wholesale,16.76,GHS,MoFA SRID
Goaso,Ahafo,Asunafo North Municipal,2025-06-03,Plantains (apentu),Wholesale,19.66,GHS,MoFA SRID
Goaso,Ahafo,Asunafo North Municipal,2025-06-03,Rice (local),Wholesale,19.74,GHS,MoFA SRID
Goaso,Ahafo,Asunafo North Municipal,2025-06-03,Sorghum,Wholesale,16.67,GHS,MoFA SRID
Goaso,Ahafo,Asunafo North Municipal,2025-06-03,Tomatoes (local),Wholesale,21.03,GHS,MoFA SRID
Goaso,Ahafo,Asunafo North Municipal,2025-06-03,Yam (puna),Wholesale,16.01,GHS,MoFA SRID
Bibiani,Western North,Bibiani Anhwiaso Bekwai Municipal,2025-06-14,Cassava,Wholesale,5.67,GHS,MoFA SRID
Bibiani,Western North,Bibiani Anhwiaso Bekwai Municipal,2025-06-14,Cowpeas (white),Wholesale,20.44,GHS,MoFA SRID
Bibiani,Western North,Bibiani Anhwiaso Bekwai Municipal,2025-06-14,Eggplants,Wholesale,13.72,GHS,MoFA SRID
Bibiani,Western North,Bibiani Anhwiaso Bekwai Municipal,2025-06-14,Gari,Wholesale,18.96,GHS,MoFA SRID
Bibiani,Western North,Bibiani Anhwiaso Bekwai Municipal,2025-06-14,Maize,Wholesale,11.03,GHS,MoFA SRID
Bibiani,Western North,Bibiani Anhwiaso Bekwai Municipal,2025-06-14,Maize (yellow),Wholesale,11.66,GHS,MoFA SRID
Bibiani,Western North,Bibiani Anhwiaso Bekwai Municipal,2025-06-14,Meat (chicken),Wholesale,24.8,GHS,MoFA SRID
Bibiani,Western North,Bibiani Anhwiaso Bekwai Municipal,2025-06-14,Millet,Wholesale,20.42,GHS,MoFA SRID
Bibiani,Western North,Bibiani Anhwiaso Bekwai Municipal,2025-06-14,Onions,Wholesale,31.22,GHS,MoFA SRID
Bibiani,Western North,Bibiani Anhwiaso Bekwai Municipal,2025-06-14,Peppers (fresh),Wholesale,91.71,GHS,MoFA SRID
Bibiani,Western North,Bibiani Anhwiaso Bekwai Municipal,2025-06-14,Plantains (apem),Wholesale,13.43,GHS,MoFA SRID
Bibiani,Western North,Bibiani Anhwiaso Bekwai Municipal,2025-06-14,Plantains (apentu),Wholesale,14.31,GHS,MoFA SRID
Bibiani,Western North,Bibiani Anhwiaso Bekwai Municipal,2025-06-14,Rice (imported),Wholesale,17.98,GHS,MoFA SRID
Bibiani,Western North,Bibiani Anhwiaso Bekwai Municipal,2025-06-14,Rice (local),Wholesale,17.7,GHS,MoFA SRID
Bibiani,Western North,Bibiani Anhwiaso Bekwai Municipal,2025-06-14,Soybeans,Wholesale,17.16,GHS,MoFA SRID
Bibiani,Western North,Bibiani Anhwiaso Bekwai Municipal,2025-06-14,Tomatoes (local),Wholesale,52.28,GHS,MoFA SRID
Bibiani,Western North,Bibiani Anhwiaso Bekwai Municipal,2025-06-14,Tomatoes (navrongo),Wholesale,85.03,GHS,MoFA SRID
Kintampo,Bono East,Kintampo North Municipal,2025-06-14,Cowpeas (white),Wholesale,12.97,GHS,MoFA SRID
Kintampo,Bono East,Kintampo North Municipal,2025-06-14,Eggplants,Wholesale,24.18,GHS,MoFA SRID
Kintampo,Bono East,Kintampo North Municipal,2025-06-14,Eggs,Wholesale,68.33,GHS,MoFA SRID
Kintampo,Bono East,Kintampo North Municipal,2025-06-14,Gari,Wholesale,10.43,GHS,MoFA SRID
Kintampo,Bono East,Kintampo North Municipal,2025-06-14,Maize,Wholesale,6.97,GHS,MoFA SRID
Kintampo,Bono East,Kintampo North Municipal,2025-06-14,Maize (yellow),Wholesale,7.23,GHS,MoFA SRID
Kintampo,Bono East,Kintampo North Municipal,2025-06-14,Meat (chicken),Wholesale,42.38,GHS,MoFA SRID
Kintampo,Bono East,Kintampo North Municipal,2025-06-14,Millet,Wholesale,8.39,GHS,MoFA SRID
Kintampo,Bono East,Kintampo North Municipal,2025-06-14,Onions,Wholesale,10.96,GHS,MoFA SRID
Kintampo,Bono East,Kintampo North Municipal,2025-06-14,Peppers (dried),Wholesale,91.62,GHS,MoFA SRID
Kintampo,Bono East,Kintampo North Municipal,2025-06-14,Peppers (fresh),Wholesale,43.55,GHS,MoFA SRID
Kintampo,Bono East,Kintampo North Municipal,2025-06-14,Plantains (apem),Wholesale,34.2,GHS,MoFA SRID
Kintampo,Bono East,Kintampo North Municipal,2025-06-14,Plantains (apentu),Wholesale,24.96,GHS,MoFA SRID
Kintampo,Bono East,Kintampo North Municipal,2025-06-14,Rice (imported),Wholesale,15.9,GHS,MoFA SRID
Kintampo,Bono East,Kintampo North Municipal,2025-06-14,Rice (local),Wholesale,12.17,GHS,MoFA SRID
Kintampo,Bono East,Kintampo North Municipal,2025-06-14,Sorghum,Wholesale,9.2,GHS,MoFA SRID
Kintampo,Bono East,Kintampo North Municipal,2025-06-14,Tomatoes (navrongo),Wholesale,37.98,GHS,MoFA SRID
Kintampo,Bono East,Kintampo North Municipal,2025-06-14,Yam,Wholesale,8.42,GHS,MoFA SRID
Kintampo,Bono East,Kintampo North Municipal,2025-06-14,Yam (puna),Wholesale,8.62,GHS,MoFA SRID
Tema Community One Main Market,Greater Accra,TMA-Tema East,2025-06-14,Cowpeas (white),Wholesale,18.25,GHS,MoFA SRID
Tema Community One Main Market,Greater Accra,TMA-Tema East,2025-06-14,Eggplants,Wholesale,33.91,GHS,MoFA SRID
Tema Community One Main Market,Greater Accra,TMA-Tema East,2025-06-14,Eggs,Wholesale,66.67,GHS,MoFA SRID
Tema Community One Main Market,Greater Accra,TMA-Tema East,2025-06-14,Gari,Wholesale,20.48,GHS,MoFA SRID
Tema Community One Main Market,Greater Accra,TMA-Tema East,2025-06-14,Maize,Wholesale,14.0,GHS,MoFA SRID
Tema Community One Main Market,Greater Accra,TMA-Tema East,2025-06-14,Maize (yellow),Wholesale,15.0,GHS,MoFA SRID
Tema Community One Main Market,Greater Accra,TMA-Tema East,2025-06-14,Millet,Wholesale,219.45,GHS,MoFA SRID
Tema Community One Main Market,Greater Accra,TMA-Tema East,2025-06-14,Onions,Wholesale,16.91,GHS,MoFA SRID
Tema Community One Main Market,Greater Accra,TMA-Tema East,2025-06-14,Peppers (dried),Wholesale,86.84,GHS,MoFA SRID
Tema Community One Main Market,Greater Accra,TMA-Tema East,2025-06-14,Peppers (fresh),Wholesale,94.53,GHS,MoFA SRID
Tema Community One Main Market,Greater Accra,TMA-Tema East,2025-06-14,Plantains (apem),Wholesale,145.3,GHS,MoFA SRID
Tema Community One Main Market,Greater Accra,TMA-Tema East,2025-06-14,Plantains (apentu),Wholesale,135.22,GHS,MoFA SRID
Tema Community One Main Market,Greater Accra,TMA-Tema East,2025-06-14,Rice (imported),Wholesale,28.33,GHS,MoFA SRID
Tema Community One Main Market,Greater Accra,TMA-Tema East,2025-06-14,Rice (local),Wholesale,24.8,GHS,MoFA SRID
Tema Community One Main Market,Greater Accra,TMA-Tema East,2025-06-14,Sorghum,Wholesale,16.69,GHS,MoFA SRID
Tema Community One Main Market,Greater Accra,TMA-Tema East,2025-06-14,Soybeans,Wholesale,16.0,GHS,MoFA SRID
Tema Community One Main Market,Greater Accra,TMA-Tema East,2025-06-14,Tomatoes (local),Wholesale,26.79,GHS,MoFA SRID
Tema Community One Main Market,Greater Accra,TMA-Tema East,2025-06-14,Tomatoes (navrongo),Wholesale,44.12,GHS,MoFA SRID
Tema Community One Main Market,Greater Accra,TMA-Tema East,2025-06-14,Yam,Wholesale,53.71,GHS,MoFA SRID
Tema Community One Main Market,Greater Accra,TMA-Tema East,2025-06-14,Yam (puna),Wholesale,67.32,GHS,MoFA SRID
Wa,Upper West,Wa Municipal,2025-06-15,Cowpeas (white),Wholesale,16.67,GHS,MoFA SRID
Wa,Upper West,Wa Municipal,2025-06-15,Maize,Wholesale,6.8,GHS,MoFA SRID
Wa,Upper West,Wa Municipal,2025-06-15,Maize (yellow),Wholesale,6.8,GHS,MoFA SRID
Wa,Upper West,Wa Municipal,2025-06-15,Millet,Wholesale,11.2,GHS,MoFA SRID
Wa,Upper West,Wa Municipal,2025-06-15,Rice (local),Wholesale,8.04,GHS,MoFA SRID
Wa,Upper West,Wa Municipal,2025-06-15,Sorghum,Wholesale,7.47,GHS,MoFA SRID
Wa,Upper West,Wa Municipal,2025-06-15,Soybeans,Wholesale,8.0,GHS,MoFA SRID
Wa,Upper West,Wa Municipal,2025-06-15,Yam,Wholesale,14.84,GHS,MoFA SRID
Wa,Upper West,Wa Municipal,2025-06-15,Yam (puna),Wholesale,24.17,GHS,MoFA SRID
Agbogbloshie,Greater Accra,AMA-Okaikoi South,2025-06-16,Eggplants,Wholesale,25.52,GHS,MoFA SRID
Agbogbloshie,Greater Accra,AMA-Okaikoi South,2025-06-16,Eggs,Wholesale,67.5,GHS,MoFA SRID
Agbogbloshie,Greater Accra,AMA-Okaikoi South,2025-06-16,Maize,Wholesale,9.0,GHS,MoFA SRID
Agbogbloshie,Greater Accra,AMA-Okaikoi South,2025-06-16,Maize (yellow),Wholesale,9.33,GHS,MoFA SRID
Agbogbloshie,Greater Accra,AMA-Okaikoi South,2025-06-16,Millet,Wholesale,15.23,GHS,MoFA SRID
Agbogbloshie,Greater Accra,AMA-Okaikoi South,2025-06-16,Onions,Wholesale,15.15,GHS,MoFA SRID
Agbogbloshie,Greater Accra,AMA-Okaikoi South,2025-06-16,Plantains (apentu),Wholesale,26.08,GHS,MoFA SRID
Agbogbloshie,Greater Accra,AMA-Okaikoi South,2025-06-16,Rice (imported),Wholesale,15.4,GHS,MoFA SRID
Agbogbloshie,Greater Accra,AMA-Okaikoi South,2025-06-16,Rice (local),Wholesale,14.9,GHS,MoFA SRID
Agbogbloshie,Greater Accra,AMA-Okaikoi South,2025-06-16,Sorghum,Wholesale,4.13,GHS,MoFA SRID
Agbogbloshie,Greater Accra,AMA-Okaikoi South,2025-06-16,Tomatoes (local),Wholesale,12.47,GHS,MoFA SRID
Agbogbloshie,Greater Accra,AMA-Okaikoi South,2025-06-16,Tomatoes (navrongo),Wholesale,13.62,GHS,MoFA SRID
Bolga,Upper East,Bolgatanga Municipal,2025-06-16,Cowpeas (white),Wholesale,13.99,GHS,MoFA SRID
Bolga,Upper East,Bolgatanga Municipal,2025-06-16,Maize,Wholesale,6.89,GHS,MoFA SRID
Bolga,Upper East,Bolgatanga Municipal,2025-06-16,Maize (yellow),Wholesale,6.89,GHS,MoFA SRID
Bolga,Upper East,Bolgatanga Municipal,2025-06-16,Millet,Wholesale,9.17,GHS,MoFA SRID
Bolga,Upper East,Bolgatanga Municipal,2025-06-16,Plantains (apem),Wholesale,10.96,GHS,MoFA SRID
Bolga,Upper East,Bolgatanga Municipal,2025-06-16,Plantains (apentu),Wholesale,8.84,GHS,MoFA SRID
Bolga,Upper East,Bolgatanga Municipal,2025-06-16,Rice (imported),Wholesale,10.35,GHS,MoFA SRID
Bolga,Upper East,Bolgatanga Municipal,2025-06-16,Rice (local),Wholesale,13.5,GHS,MoFA SRID
Bolga,Upper East,Bolgatanga Municipal,2025-06-16,Sorghum,Wholesale,7.33,GHS,MoFA SRID
Bolga,Upper East,Bolgatanga Municipal,2025-06-16,Soybeans,Wholesale,7.3,GHS,MoFA SRID
Nana Bosomah,Bono,Sunyani Municipal,2025-06-18,Maize,Wholesale,7.69,GHS,MoFA SRID
Nana Bosomah,Bono,Sunyani Municipal,2025-06-18,Maize (yellow),Wholesale,7.69,GHS,MoFA SRID
Nana Bosomah,Bono,Sunyani Municipal,2025-06-18,Meat (chicken),Wholesale,50.0,GHS,MoFA SRID
Nana Bosomah,Bono,Sunyani Municipal,2025-06-18,Peppers (dried),Wholesale,74.07,GHS,MoFA SRID
Nana Bosomah,Bono,Sunyani Municipal,2025-06-18,Plantains (apem),Wholesale,16.08,GHS,MoFA SRID
Nana Bosomah,Bono,Sunyani Municipal,2025-06-18,Plantains (apentu),Wholesale,18.35,GHS,MoFA SRID
Nana Bosomah,Bono,Sunyani Municipal,2025-06-18,Rice (imported),Wholesale,16.65,GHS,MoFA SRID
Nana Bosomah,Bono,Sunyani Municipal,2025-06-18,Rice (local),Wholesale,15.84,GHS,MoFA SRID
Nana Bosomah,Bono,Sunyani Municipal,2025-06-18,Tomatoes (navrongo),Wholesale,15.79,GHS,MoFA SRID
Goaso,Ahafo,Asunafo North Municipal,2025-06-19,Cowpeas (white),Wholesale,18.67,GHS,MoFA SRID
Goaso,Ahafo,Asunafo North Municipal,2025-06-19,Eggplants,Wholesale,7.86,GHS,MoFA SRID
Goaso,Ahafo,Asunafo North Municipal,2025-06-19,Eggs,Wholesale,51.67,GHS,MoFA SRID
Goaso,Ahafo,Asunafo North Municipal,2025-06-19,Gari,Wholesale,14.61,GHS,MoFA SRID
Goaso,Ahafo,Asunafo North Municipal,2025-06-19,Maize,Wholesale,11.66,GHS,MoFA SRID
Goaso,Ahafo,Asunafo North Municipal,2025-06-19,Maize (yellow),Wholesale,11.87,GHS,MoFA SRID
Goaso,Ahafo,Asunafo North Municipal,2025-06-19,Millet,Wholesale,13.82,GHS,MoFA SRID
Goaso,Ahafo,Asunafo North Municipal,2025-06-19,Peppers (dried),Wholesale,36.05,GHS,MoFA SRID
Goaso,Ahafo,Asunafo North Municipal,2025-06-19,Peppers (fresh),Wholesale,22.81,GHS,MoFA SRID
Goaso,Ahafo,Asunafo North Municipal,2025-06-19,Plantains (apem),Wholesale,31.62,GHS,MoFA SRID
Goaso,Ahafo,Asunafo North Municipal,2025-06-19,Plantains (apentu),Wholesale,23.09,GHS,MoFA SRID
Goaso,Ahafo,Asunafo North Municipal,2025-06-19,Rice (local),Wholesale,18.79,GHS,MoFA SRID
Goaso,Ahafo,Asunafo North Municipal,2025-06-19,Sorghum,Wholesale,16.52,GHS,MoFA SRID
Goaso,Ahafo,Asunafo North Municipal,2025-06-19,Tomatoes (local),Wholesale,16.65,GHS,MoFA SRID
Goaso,Ahafo,Asunafo North Municipal,2025-06-19,Yam (puna),Wholesale,19.46,GHS,MoFA SRID
Koforidua,Eastern,New Juaben South Municipal,2025-06-19,Cassava,Wholesale,2.86,GHS,MoFA SRID
Koforidua,Eastern,New Juaben South Municipal,2025-06-19,Eggplants,Wholesale,20.0,GHS,MoFA SRID
Koforidua,Eastern,New Juaben South Municipal,2025-06-19,Eggs,Wholesale,54.0,GHS,MoFA SRID
Koforidua,Eastern,New Juaben South Municipal,2025-06-19,Gari,Wholesale,10.94,GHS,MoFA SRID
Koforidua,Eastern,New Juaben South Municipal,2025-06-19,Maize (yellow),Wholesale,7.29,GHS,MoFA SRID
Koforidua,Eastern,New Juaben South Municipal,2025-06-19,Onions,Wholesale,21.28,GHS,MoFA SRID
Koforidua,Eastern,New Juaben South Municipal,2025-06-19,Peppers (fresh),Wholesale,18.75,GHS,MoFA SRID
Koforidua,Eastern,New Juaben South Municipal,2025-06-19,Tomatoes (local),Wholesale,25.0,GHS,MoFA SRID
Koforidua,Eastern,New Juaben South Municipal,2025-06-19,Tomatoes (navrongo),Wholesale,37.5,GHS,MoFA SRID
Koforidua,Eastern,New Juaben South Municipal,2025-06-19,Yam,Wholesale,10.53,GHS,MoFA SRID
Bibiani,Western North,Bibiani Anhwiaso Bekwai Municipal,2025-06-20,Cassava,Wholesale,3.32,GHS,MoFA SRID
Bibiani,Western North,Bibiani Anhwiaso Bekwai Municipal,2025-06-20,Eggplants,Wholesale,12.36,GHS,MoFA SRID
Bibiani,Western North,Bibiani Anhwiaso Bekwai Municipal,2025-06-20,Gari,Wholesale,18.29,GHS,MoFA SRID
Bibiani,Western North,Bibiani Anhwiaso Bekwai Municipal,2025-06-20,Maize,Wholesale,11.0,GHS,MoFA SRID
Bibiani,Western North,Bibiani Anhwiaso Bekwai Municipal,2025-06-20,Maize (yellow),Wholesale,12.0,GHS,MoFA SRID
Bibiani,Western North,Bibiani Anhwiaso Bekwai Municipal,2025-06-20,Meat (chicken),Wholesale,24.6,GHS,MoFA SRID
Bibiani,Western North,Bibiani Anhwiaso Bekwai Municipal,2025-06-20,Millet,Wholesale,17.28,GHS,MoFA SRID
Bibiani,Western North,Bibiani Anhwiaso Bekwai Municipal,2025-06-20,Onions,Wholesale,17.55,GHS,MoFA SRID
Bibiani,Western North,Bibiani Anhwiaso Bekwai Municipal,2025-06-20,Peppers (dried),Wholesale,34.63,GHS,MoFA SRID
Bibiani,Western North,Bibiani Anhwiaso Bekwai Municipal,2025-06-20,Peppers (fresh),Wholesale,51.73,GHS,MoFA SRID
Bibiani,Western North,Bibiani Anhwiaso Bekwai Municipal,2025-06-20,Plantains (apem),Wholesale,14.96,GHS,MoFA SRID
Bibiani,Western North,Bibiani Anhwiaso Bekwai Municipal,2025-06-20,Plantains (apentu),Wholesale,13.1,GHS,MoFA SRID
Bibiani,Western North,Bibiani Anhwiaso Bekwai Municipal,2025-06-20,Rice (imported),Wholesale,15.89,GHS,MoFA SRID
Bibiani,Western North,Bibiani Anhwiaso Bekwai Municipal,2025-06-20,Rice (local),Wholesale,18.36,GHS,MoFA SRID
Bibiani,Western North,Bibiani Anhwiaso Bekwai Municipal,2025-06-20,Soybeans,Wholesale,16.44,GHS,MoFA SRID
Bibiani,Western North,Bibiani Anhwiaso Bekwai Municipal,2025-06-20,Tomatoes (local),Wholesale,31.89,GHS,MoFA SRID
Bibiani,Western North,Bibiani Anhwiaso Bekwai Municipal,2025-06-20,Tomatoes (navrongo),Wholesale,45.33,GHS,MoFA SRID
Bibiani,Western North,Bibiani Anhwiaso Bekwai Municipal,2025-06-20,Yam,Wholesale,8.54,GHS,MoFA SRID
Bibiani,Western North,Bibiani Anhwiaso Bekwai Municipal,2025-06-20,Yam (puna),Wholesale,14.51,GHS,MoFA SRID
Bolga,Upper East,Bolgatanga Municipal,2025-06-21,Cowpeas (white),Wholesale,11.8,GHS,MoFA SRID
Bolga,Upper East,Bolgatanga Municipal,2025-06-21,Maize,Wholesale,5.47,GHS,MoFA SRID
Bolga,Upper East,Bolgatanga Municipal,2025-06-21,Maize (yellow),Wholesale,5.47,GHS,MoFA SRID
Bolga,Upper East,Bolgatanga Municipal,2025-06-21,Millet,Wholesale,8.0,GHS,MoFA SRID
Bolga,Upper East,Bolgatanga Municipal,2025-06-21,Onions,Wholesale,15.74,GHS,MoFA SRID
Bolga,Upper East,Bolgatanga Municipal,2025-06-21,Plantains (apem),Wholesale,16.08,GHS,MoFA SRID
Bolga,Upper East,Bolgatanga Municipal,2025-06-21,Plantains (apentu),Wholesale,12.58,GHS,MoFA SRID
Bolga,Upper East,Bolgatanga Municipal,2025-06-21,Rice (imported),Wholesale,10.23,GHS,MoFA SRID
Bolga,Upper East,Bolgatanga Municipal,2025-06-21,Sorghum,Wholesale,6.12,GHS,MoFA SRID
Bolga,Upper East,Bolgatanga Municipal,2025-06-21,Soybeans,Wholesale,6.28,GHS,MoFA SRID
Ho,Volta,Ho Municipal,2025-06-22,Maize,Wholesale,8.48,GHS,MoFA SRID
Kintampo,Bono East,Kintampo North Municipal,2025-06-22,Cassava,Wholesale,10.0,GHS,MoFA SRID
Kintampo,Bono East,Kintampo North Municipal,2025-06-22,Cowpeas (white),Wholesale,12.53,GHS,MoFA SRID
Kintampo,Bono East,Kintampo North Municipal,2025-06-22,Eggplants,Wholesale,10.6,GHS,MoFA SRID
Kintampo,Bono East,Kintampo North Municipal,2025-06-22,Eggs,Wholesale,65.0,GHS,MoFA SRID
Kintampo,Bono East,Kintampo North Municipal,2025-06-22,Gari,Wholesale,11.03,GHS,MoFA SRID
Kintampo,Bono East,Kintampo North Municipal,2025-06-22,Maize,Wholesale,6.16,GHS,MoFA SRID
Kintampo,Bono East,Kintampo North Municipal,2025-06-22,Maize (yellow),Wholesale,6.11,GHS,MoFA SRID
Kintampo,Bono East,Kintampo North Municipal,2025-06-22,Meat (chicken),Wholesale,37.38,GHS,MoFA SRID
Kintampo,Bono East,Kintampo North Municipal,2025-06-22,Millet,Wholesale,7.34,GHS,MoFA SRID
Kintampo,Bono East,Kintampo North Municipal,2025-06-22,Onions,Wholesale,10.29,GHS,MoFA SRID
Kintampo,Bono East,Kintampo North Municipal,2025-06-22,Peppers (dried),Wholesale,93.19,GHS,MoFA SRID
Kintampo,Bono East,Kintampo North Municipal,2025-06-22,Peppers (fresh),Wholesale,47.03,GHS,MoFA SRID
Kintampo,Bono East,Kintampo North Municipal,2025-06-22,Rice (imported),Wholesale,17.4,GHS,MoFA SRID
Kintampo,Bono East,Kintampo North Municipal,2025-06-22,Rice (local),Wholesale,11.82,GHS,MoFA SRID
Kintampo,Bono East,Kintampo North Municipal,2025-06-22,Sorghum,Wholesale,8.28,GHS,MoFA SRID
Kintampo,Bono East,Kintampo North Municipal,2025-06-22,Tomatoes (navrongo),Wholesale,24.74,GHS,MoFA SRID
Kintampo,Bono East,Kintampo North Municipal,2025-06-22,Yam,Wholesale,7.42,GHS,MoFA SRID
Kintampo,Bono East,Kintampo North Municipal,2025-06-22,Yam (puna),Wholesale,8.59,GHS,MoFA SRID
Techiman,Bono East,Techiman Municipal,2025-06-22,Cassava,Wholesale,2.24,GHS,MoFA SRID
Techiman,Bono East,Techiman Municipal,2025-06-22,Cowpeas (white),Wholesale,17.53,GHS,MoFA SRID
Techiman,Bono East,Techiman Municipal,2025-06-22,Eggplants,Wholesale,6.71,GHS,MoFA SRID
Techiman,Bono East,Techiman Municipal,2025-06-22,Eggs,Wholesale,60.0,GHS,MoFA SRID
Techiman,Bono East,Techiman Municipal,2025-06-22,Gari,Wholesale,11.95,GHS,MoFA SRID
Techiman,Bono East,Techiman Municipal,2025-06-22,Maize,Wholesale,7.31,GHS,MoFA SRID
Techiman,Bono East,Techiman Municipal,2025-06-22,Maize (yellow),Wholesale,7.69,GHS,MoFA SRID
Techiman,Bono East,Techiman Municipal,2025-06-22,Meat (chicken),Wholesale,47.0,GHS,MoFA SRID
Techiman,Bono East,Techiman Municipal,2025-06-22,Millet,Wholesale,11.06,GHS,MoFA SRID
Techiman,Bono East,Techiman Municipal,2025-06-22,Onions,Wholesale,12.42,GHS,MoFA SRID
Techiman,Bono East,Techiman Municipal,2025-06-22,Peppers (dried),Wholesale,125.76,GHS,MoFA SRID
Techiman,Bono East,Techiman Municipal,2025-06-22,Peppers (fresh),Wholesale,21.5,GHS,MoFA SRID
Techiman,Bono East,Techiman Municipal,2025-06-22,Plantains (apentu),Wholesale,17.37,GHS,MoFA SRID
Techiman,Bono East,Techiman Municipal,2025-06-22,Rice (imported),Wholesale,15.98,GHS,MoFA SRID
Techiman,Bono East,Techiman Municipal,2025-06-22,Rice (local),Wholesale,12.46,GHS,MoFA SRID
Techiman,Bono East,Techiman Municipal,2025-06-22,Sorghum,Wholesale,10.12,GHS,MoFA SRID
Techiman,Bono East,Techiman Municipal,2025-06-22,Soybeans,Wholesale,10.37,GHS,MoFA SRID
Techiman,Bono East,Techiman Municipal,2025-06-22,Tomatoes (local),Wholesale,10.29,GHS,MoFA SRID
Techiman,Bono East,Techiman Municipal,2025-06-22,Yam,Wholesale,12.46,GHS,MoFA SRID
Wa,Upper West,Wa Municipal,2025-06-22,Cowpeas (white),Wholesale,19.67,GHS,MoFA SRID
Wa,Upper West,Wa Municipal,2025-06-22,Maize,Wholesale,6.0,GHS,MoFA SRID
Wa,Upper West,Wa Municipal,2025-06-22,Maize (yellow),Wholesale,6.0,GHS,MoFA SRID
Wa,Upper West,Wa Municipal,2025-06-22,Millet,Wholesale,11.2,GHS,MoFA SRID
Wa,Upper West,Wa Municipal,2025-06-22,Rice (imported),Wholesale,13.7,GHS,MoFA SRID
Wa,Upper West,Wa Municipal,2025-06-22,Rice (local),Wholesale,9.0,GHS,MoFA SRID
Wa,Upper West,Wa Municipal,2025-06-22,Sorghum,Wholesale,8.0,GHS,MoFA SRID
Wa,Upper West,Wa Municipal,2025-06-22,Soybeans,Wholesale,7.93,GHS,MoFA SRID
Wa,Upper West,Wa Municipal,2025-06-22,Yam,Wholesale,13.82,GHS,MoFA SRID
Wa,Upper West,Wa Municipal,2025-06-22,Yam (puna),Wholesale,25.34,GHS,MoFA SRID
Tema Community One Main Market,Greater Accra,TMA-Tema East,2025-06-24,Cowpeas (white),Wholesale,18.0,GHS,MoFA SRID
Tema Community One Main Market,Greater Accra,TMA-Tema East,2025-06-24,Eggplants,Wholesale,18.18,GHS,MoFA SRID
Tema Community One Main Market,Greater Accra,TMA-Tema East,2025-06-24,Eggs,Wholesale,66.67,GHS,MoFA SRID
Tema Community One Main Market,Greater Accra,TMA-Tema East,2025-06-24,Gari,Wholesale,20.95,GHS,MoFA SRID
Tema Community One Main Market,Greater Accra,TMA-Tema East,2025-06-24,Maize,Wholesale,14.0,GHS,MoFA SRID
Tema Community One Main Market,Greater Accra,TMA-Tema East,2025-06-24,Maize (yellow),Wholesale,15.0,GHS,MoFA SRID
Tema Community One Main Market,Greater Accra,TMA-Tema East,2025-06-24,Millet,Wholesale,16.91,GHS,MoFA SRID
Tema Community One Main Market,Greater Accra,TMA-Tema East,2025-06-24,Onions,Wholesale,17.89,GHS,MoFA SRID
Tema Community One Main Market,Greater Accra,TMA-Tema East,2025-06-24,Peppers (dried),Wholesale,72.7,GHS,MoFA SRID
Tema Community One Main Market,Greater Accra,TMA-Tema East,2025-06-24,Peppers (fresh),Wholesale,99.34,GHS,MoFA SRID
Tema Community One Main Market,Greater Accra,TMA-Tema East,2025-06-24,Plantains (apem),Wholesale,137.98,GHS,MoFA SRID
Tema Community One Main Market,Greater Accra,TMA-Tema East,2025-06-24,Plantains (apentu),Wholesale,103.77,GHS,MoFA SRID
Tema Community One Main Market,Greater Accra,TMA-Tema East,2025-06-24,Rice (imported),Wholesale,27.13,GHS,MoFA SRID
Tema Community One Main Market,Greater Accra,TMA-Tema East,2025-06-24,Rice (local),Wholesale,24.67,GHS,MoFA SRID
Tema Community One Main Market,Greater Accra,TMA-Tema East,2025-06-24,Sorghum,Wholesale,16.91,GHS,MoFA SRID
Tema Community One Main Market,Greater Accra,TMA-Tema East,2025-06-24,Soybeans,Wholesale,16.0,GHS,MoFA SRID
Tema Community One Main Market,Greater Accra,TMA-Tema East,2025-06-24,Tomatoes (local),Wholesale,14.63,GHS,MoFA SRID
Tema Community One Main Market,Greater Accra,TMA-Tema East,2025-06-24,Tomatoes (navrongo),Wholesale,26.32,GHS,MoFA SRID
Tema Community One Main Market,Greater Accra,TMA-Tema East,2025-06-24,Yam,Wholesale,46.02,GHS,MoFA SRID
Tema Community One Main Market,Greater Accra,TMA-Tema East,2025-06-24,Yam (puna),Wholesale,59.21,GHS,MoFA SRID
Garu,Upper East,Garu,2025-06-25,Cowpeas (white),Wholesale,21.0,GHS,MoFA SRID
Garu,Upper East,Garu,2025-06-25,Maize,Wholesale,7.0,GHS,MoFA SRID
Garu,Upper East,Garu,2025-06-25,Maize (yellow),Wholesale,7.0,GHS,MoFA SRID
Garu,Upper East,Garu,2025-06-25,Millet,Wholesale,14.0,GHS,MoFA SRID
Garu,Upper East,Garu,2025-06-25,Rice (local),Wholesale,18.0,GHS,MoFA SRID
Garu,Upper East,Garu,2025-06-25,Sorghum,Wholesale,11.0,GHS,MoFA SRID
Garu,Upper East,Garu,2025-06-25,Soybeans,Wholesale,13.0,GHS,MoFA SRID
Gbintiri,North East,East Mamprusi Municipal,2025-06-25,Cowpeas (white),Wholesale,15.34,GHS,MoFA SRID
Gbintiri,North East,East Mamprusi Municipal,2025-06-25,Gari,Wholesale,12.0,GHS,MoFA SRID
Gbintiri,North East,East Mamprusi Municipal,2025-06-25,Maize,Wholesale,5.33,GHS,MoFA SRID
Gbintiri,North East,East Mamprusi Municipal,2025-06-25,Maize (yellow),Wholesale,5.29,GHS,MoFA SRID
Gbintiri,North East,East Mamprusi Municipal,2025-06-25,Millet,Wholesale,6.96,GHS,MoFA SRID
Gbintiri,North East,East Mamprusi Municipal,2025-06-25,Sorghum,Wholesale,6.58,GHS,MoFA SRID
Gbintiri,North East,East Mamprusi Municipal,2025-06-25,Soybeans,Wholesale,6.83,GHS,MoFA SRID
Nana Bosomah,Bono,Sunyani Municipal,2025-06-25,Cassava,Wholesale,2.5,GHS,MoFA SRID
Nana Bosomah,Bono,Sunyani Municipal,2025-06-25,Maize,Wholesale,7.69,GHS,MoFA SRID
Nana Bosomah,Bono,Sunyani Municipal,2025-06-25,Maize (yellow),Wholesale,7.69,GHS,MoFA SRID
Nana Bosomah,Bono,Sunyani Municipal,2025-06-25,Meat (chicken),Wholesale,45.0,GHS,MoFA SRID
Nana Bosomah,Bono,Sunyani Municipal,2025-06-25,Peppers (dried),Wholesale,92.59,GHS,MoFA SRID
Nana Bosomah,Bono,Sunyani Municipal,2025-06-25,Peppers (fresh),Wholesale,16.13,GHS,MoFA SRID
Nana Bosomah,Bono,Sunyani Municipal,2025-06-25,Plantains (apem),Wholesale,16.5,GHS,MoFA SRID
Nana Bosomah,Bono,Sunyani Municipal,2025-06-25,Plantains (apentu),Wholesale,18.58,GHS,MoFA SRID
Nana Bosomah,Bono,Sunyani Municipal,2025-06-25,Rice (imported),Wholesale,18.25,GHS,MoFA SRID
Nana Bosomah,Bono,Sunyani Municipal,2025-06-25,Rice (local),Wholesale,11.84,GHS,MoFA SRID
Koforidua,Eastern,New Juaben South Municipal,2025-06-26,Cowpeas (white),Wholesale,25.0,GHS,MoFA SRID
Koforidua,Eastern,New Juaben South Municipal,2025-06-26,Eggplants,Wholesale,5.0,GHS,MoFA SRID
Koforidua,Eastern,New Juaben South Municipal,2025-06-26,Gari,Wholesale,10.94,GHS,MoFA SRID
Koforidua,Eastern,New Juaben South Municipal,2025-06-26,Maize (yellow),Wholesale,8.33,GHS,MoFA SRID
Koforidua,Eastern,New Juaben South Municipal,2025-06-26,Meat (chicken),Wholesale,45.0,GHS,MoFA SRID
Koforidua,Eastern,New Juaben South Municipal,2025-06-26,Onions,Wholesale,20.0,GHS,MoFA SRID
Koforidua,Eastern,New Juaben South Municipal,2025-06-26,Peppers (fresh),Wholesale,8.82,GHS,MoFA SRID
Koforidua,Eastern,New Juaben South Municipal,2025-06-26,Rice (imported),Wholesale,14.22,GHS,MoFA SRID
Koforidua,Eastern,New Juaben South Municipal,2025-06-26,Tomatoes (local),Wholesale,21.88,GHS,MoFA SRID
Koforidua,Eastern,New Juaben South Municipal,2025-06-26,Yam,Wholesale,14.71,GHS,MoFA SRID
Techiman,Bono East,Techiman Municipal,2025-06-26,Cassava,Wholesale,2.03,GHS,MoFA SRID
Techiman,Bono East,Techiman Municipal,2025-06-26,Cowpeas (white),Wholesale,13.57,GHS,MoFA SRID
Techiman,Bono East,Techiman Municipal,2025-06-26,Eggplants,Wholesale,6.77,GHS,MoFA SRID
Techiman,Bono East,Techiman Municipal,2025-06-26,Eggs,Wholesale,63.33,GHS,MoFA SRID
Techiman,Bono East,Techiman Municipal,2025-06-26,Gari,Wholesale,11.32,GHS,MoFA SRID
Techiman,Bono East,Techiman Municipal,2025-06-26,Maize,Wholesale,6.54,GHS,MoFA SRID
Techiman,Bono East,Techiman Municipal,2025-06-26,Maize (yellow),Wholesale,7.31,GHS,MoFA SRID
Techiman,Bono East,Techiman Municipal,2025-06-26,Meat (chicken),Wholesale,47.67,GHS,MoFA SRID
Techiman,Bono East,Techiman Municipal,2025-06-26,Millet,Wholesale,11.06,GHS,MoFA SRID
Techiman,Bono East,Techiman Municipal,2025-06-26,Onions,Wholesale,13.31,GHS,MoFA SRID
Techiman,Bono East,Techiman Municipal,2025-06-26,Peppers (dried),Wholesale,123.33,GHS,MoFA SRID
Techiman,Bono East,Techiman Municipal,2025-06-26,Peppers (fresh),Wholesale,9.75,GHS,MoFA SRID
Techiman,Bono East,Techiman Municipal,2025-06-26,Plantains (apentu),Wholesale,19.04,GHS,MoFA SRID
Techiman,Bono East,Techiman Municipal,2025-06-26,Rice (imported),Wholesale,16.3,GHS,MoFA SRID
Techiman,Bono East,Techiman Municipal,2025-06-26,Rice (local),Wholesale,11.84,GHS,MoFA SRID
Techiman,Bono East,Techiman Municipal,2025-06-26,Sorghum,Wholesale,8.42,GHS,MoFA SRID
Techiman,Bono East,Techiman Municipal,2025-06-26,Soybeans,Wholesale,8.64,GHS,MoFA SRID
Techiman,Bono East,Techiman Municipal,2025-06-26,Tomatoes (local),Wholesale,8.92,GHS,MoFA SRID
Techiman,Bono East,Techiman Municipal,2025-06-26,Yam,Wholesale,12.88,GHS,MoFA SRID
Techiman,Bono East,Techiman Municipal,2025-06-26,Yam (puna),Wholesale,10.68,GHS,MoFA SRID
Tema Community One Main Market,Greater Accra,TMA-Tema East,2025-06-26,Cowpeas (white),Wholesale,19.44,GHS,MoFA SRID
Tema Community One Main Market,Greater Accra,TMA-Tema East,2025-06-26,Eggplants,Wholesale,16.88,GHS,MoFA SRID
Tema Community One Main Market,Greater Accra,TMA-Tema East,2025-06-26,Eggs,Wholesale,68.33,GHS,MoFA SRID
Tema Community One Main Market,Greater Accra,TMA-Tema East,2025-06-26,Gari,Wholesale,23.81,GHS,MoFA SRID
Tema Community One Main Market,Greater Accra,TMA-Tema East,2025-06-26,Maize,Wholesale,14.0,GHS,MoFA SRID
Tema Community One Main Market,Greater Accra,TMA-Tema East,2025-06-26,Maize (yellow),Wholesale,15.0,GHS,MoFA SRID
Tema Community One Main Market,Greater Accra,TMA-Tema East,2025-06-26,Millet,Wholesale,16.91,GHS,MoFA SRID
Tema Community One Main Market,Greater Accra,TMA-Tema East,2025-06-26,Onions,Wholesale,23.08,GHS,MoFA SRID
Tema Community One Main Market,Greater Accra,TMA-Tema East,2025-06-26,Peppers (dried),Wholesale,93.33,GHS,MoFA SRID
Tema Community One Main Market,Greater Accra,TMA-Tema East,2025-06-26,Peppers (fresh),Wholesale,79.63,GHS,MoFA SRID
Tema Community One Main Market,Greater Accra,TMA-Tema East,2025-06-26,Plantains (apem),Wholesale,140.4,GHS,MoFA SRID
Tema Community One Main Market,Greater Accra,TMA-Tema East,2025-06-26,Plantains (apentu),Wholesale,110.73,GHS,MoFA SRID
Tema Community One Main Market,Greater Accra,TMA-Tema East,2025-06-26,Rice (imported),Wholesale,27.53,GHS,MoFA SRID
Tema Community One Main Market,Greater Accra,TMA-Tema East,2025-06-26,Rice (local),Wholesale,24.93,GHS,MoFA SRID
Tema Community One Main Market,Greater Accra,TMA-Tema East,2025-06-26,Sorghum,Wholesale,16.67,GHS,MoFA SRID
Tema Community One Main Market,Greater Accra,TMA-Tema East,2025-06-26,Soybeans,Wholesale,16.0,GHS,MoFA SRID
Tema Community One Main Market,Greater Accra,TMA-Tema East,2025-06-26,Tomatoes (local),Wholesale,15.17,GHS,MoFA SRID
Tema Community One Main Market,Greater Accra,TMA-Tema East,2025-06-26,Tomatoes (navrongo),Wholesale,29.71,GHS,MoFA SRID
Tema Community One Main Market,Greater Accra,TMA-Tema East,2025-06-26,Yam,Wholesale,45.73,GHS,MoFA SRID
Tema Community One Main Market,Greater Accra,TMA-Tema East,2025-06-26,Yam (puna),Wholesale,59.21,GHS,MoFA SRID
Bibiani,Western North,Bibiani Anhwiaso Bekwai Municipal,2025-06-27,Cassava,Wholesale,4.03,GHS,MoFA SRID
Bibiani,Western North,Bibiani Anhwiaso Bekwai Municipal,2025-06-27,Cowpeas (white),Wholesale,16.51,GHS,MoFA SRID
Bibiani,Western North,Bibiani Anhwiaso Bekwai Municipal,2025-06-27,Eggplants,Wholesale,7.71,GHS,MoFA SRID
Bibiani,Western North,Bibiani Anhwiaso Bekwai Municipal,2025-06-27,Gari,Wholesale,20.86,GHS,MoFA SRID
Bibiani,Western North,Bibiani Anhwiaso Bekwai Municipal,2025-06-27,Maize,Wholesale,11.43,GHS,MoFA SRID
Bibiani,Western North,Bibiani Anhwiaso Bekwai Municipal,2025-06-27,Maize (yellow),Wholesale,12.16,GHS,MoFA SRID
Bibiani,Western North,Bibiani Anhwiaso Bekwai Municipal,2025-06-27,Meat (chicken),Wholesale,24.25,GHS,MoFA SRID
Bibiani,Western North,Bibiani Anhwiaso Bekwai Municipal,2025-06-27,Millet,Wholesale,14.82,GHS,MoFA SRID
Bibiani,Western North,Bibiani Anhwiaso Bekwai Municipal,2025-06-27,Onions,Wholesale,19.99,GHS,MoFA SRID
Bibiani,Western North,Bibiani Anhwiaso Bekwai Municipal,2025-06-27,Peppers (dried),Wholesale,31.11,GHS,MoFA SRID
Bibiani,Western North,Bibiani Anhwiaso Bekwai Municipal,2025-06-27,Peppers (fresh),Wholesale,23.34,GHS,MoFA SRID
Bibiani,Western North,Bibiani Anhwiaso Bekwai Municipal,2025-06-27,Plantains (apem),Wholesale,17.4,GHS,MoFA SRID
Bibiani,Western North,Bibiani Anhwiaso Bekwai Municipal,2025-06-27,Plantains (apentu),Wholesale,15.83,GHS,MoFA SRID
Bibiani,Western North,Bibiani Anhwiaso Bekwai Municipal,2025-06-27,Rice (imported),Wholesale,15.04,GHS,MoFA SRID
Bibiani,Western North,Bibiani Anhwiaso Bekwai Municipal,2025-06-27,Rice (local),Wholesale,15.87,GHS,MoFA SRID
Bibiani,Western North,Bibiani Anhwiaso Bekwai Municipal,2025-06-27,Soybeans,Wholesale,16.01,GHS,MoFA SRID
Bibiani,Western North,Bibiani Anhwiaso Bekwai Municipal,2025-06-27,Tomatoes (local),Wholesale,23.44,GHS,MoFA SRID
Bibiani,Western North,Bibiani Anhwiaso Bekwai Municipal,2025-06-27,Tomatoes (navrongo),Wholesale,30.21,GHS,MoFA SRID
Goaso,Ahafo,Asunafo North Municipal,2025-06-27,Cowpeas (white),Wholesale,20.14,GHS,MoFA SRID
Goaso,Ahafo,Asunafo North Municipal,2025-06-27,Eggplants,Wholesale,7.55,GHS,MoFA SRID
Goaso,Ahafo,Asunafo North Municipal,2025-06-27,Eggs,Wholesale,53.33,GHS,MoFA SRID
Goaso,Ahafo,Asunafo North Municipal,2025-06-27,Maize,Wholesale,10.69,GHS,MoFA SRID
Goaso,Ahafo,Asunafo North Municipal,2025-06-27,Maize (yellow),Wholesale,10.61,GHS,MoFA SRID
Goaso,Ahafo,Asunafo North Municipal,2025-06-27,Millet,Wholesale,15.56,GHS,MoFA SRID
Goaso,Ahafo,Asunafo North Municipal,2025-06-27,Peppers (fresh),Wholesale,32.95,GHS,MoFA SRID
Goaso,Ahafo,Asunafo North Municipal,2025-06-27,Plantains (apentu),Wholesale,29.79,GHS,MoFA SRID
Goaso,Ahafo,Asunafo North Municipal,2025-06-27,Rice (local),Wholesale,20.28,GHS,MoFA SRID
Goaso,Ahafo,Asunafo North Municipal,2025-06-27,Sorghum,Wholesale,16.45,GHS,MoFA SRID
Goaso,Ahafo,Asunafo North Municipal,2025-06-27,Tomatoes (local),Wholesale,12.99,GHS,MoFA SRID
Goaso,Ahafo,Asunafo North Municipal,2025-06-27,Yam (puna),Wholesale,16.64,GHS,MoFA SRID
Bolga,Upper East,Bolgatanga Municipal,2025-06-28,Cowpeas (white),Wholesale,12.62,GHS,MoFA SRID
Bolga,Upper East,Bolgatanga Municipal,2025-06-28,Maize,Wholesale,5.12,GHS,MoFA SRID
Bolga,Upper East,Bolgatanga Municipal,2025-06-28,Maize (yellow),Wholesale,5.33,GHS,MoFA SRID
Bolga,Upper East,Bolgatanga Municipal,2025-06-28,Millet,Wholesale,8.17,GHS,MoFA SRID
Bolga,Upper East,Bolgatanga Municipal,2025-06-28,Onions,Wholesale,18.16,GHS,MoFA SRID
Bolga,Upper East,Bolgatanga Municipal,2025-06-28,Plantains (apem),Wholesale,12.8,GHS,MoFA SRID
Bolga,Upper East,Bolgatanga Municipal,2025-06-28,Plantains (apentu),Wholesale,11.15,GHS,MoFA SRID
Bolga,Upper East,Bolgatanga Municipal,2025-06-28,Rice (imported),Wholesale,9.0,GHS,MoFA SRID
Bolga,Upper East,Bolgatanga Municipal,2025-06-28,Rice (local),Wholesale,11.9,GHS,MoFA SRID
Bolga,Upper East,Bolgatanga Municipal,2025-06-28,Sorghum,Wholesale,6.15,GHS,MoFA SRID
Bolga,Upper East,Bolgatanga Municipal,2025-06-28,Soybeans,Wholesale,5.8,GHS,MoFA SRID
Kintampo,Bono East,Kintampo North Municipal,2025-06-28,Cassava,Wholesale,7.86,GHS,MoFA SRID
Kintampo,Bono East,Kintampo North Municipal,2025-06-28,Cowpeas (white),Wholesale,11.33,GHS,MoFA SRID
Kintampo,Bono East,Kintampo North Municipal,2025-06-28,Eggplants,Wholesale,10.84,GHS,MoFA SRID
Kintampo,Bono East,Kintampo North Municipal,2025-06-28,Eggs,Wholesale,58.33,GHS,MoFA SRID
Kintampo,Bono East,Kintampo North Municipal,2025-06-28,Gari,Wholesale,10.88,GHS,MoFA SRID
Kintampo,Bono East,Kintampo North Municipal,2025-06-28,Maize,Wholesale,6.03,GHS,MoFA SRID
Kintampo,Bono East,Kintampo North Municipal,2025-06-28,Maize (yellow),Wholesale,5.93,GHS,MoFA SRID
Kintampo,Bono East,Kintampo North Municipal,2025-06-28,Meat (chicken),Wholesale,43.11,GHS,MoFA SRID
Kintampo,Bono East,Kintampo North Municipal,2025-06-28,Millet,Wholesale,9.16,GHS,MoFA SRID
Kintampo,Bono East,Kintampo North Municipal,2025-06-28,Onions,Wholesale,10.87,GHS,MoFA SRID
Kintampo,Bono East,Kintampo North Municipal,2025-06-28,Peppers (dried),Wholesale,60.95,GHS,MoFA SRID
Kintampo,Bono East,Kintampo North Municipal,2025-06-28,Peppers (fresh),Wholesale,33.36,GHS,MoFA SRID
Kintampo,Bono East,Kintampo North Municipal,2025-06-28,Rice (imported),Wholesale,17.2,GHS,MoFA SRID
Kintampo,Bono East,Kintampo North Municipal,2025-06-28,Rice (local),Wholesale,11.95,GHS,MoFA SRID
Kintampo,Bono East,Kintampo North Municipal,2025-06-28,Sorghum,Wholesale,8.93,GHS,MoFA SRID
Kintampo,Bono East,Kintampo North Municipal,2025-06-28,Tomatoes (navrongo),Wholesale,25.71,GHS,MoFA SRID
Kintampo,Bono East,Kintampo North Municipal,2025-06-28,Yam,Wholesale,7.58,GHS,MoFA SRID
Kintampo,Bono East,Kintampo North Municipal,2025-06-28,Yam (puna),Wholesale,8.85,GHS,MoFA SRID
Wa,Upper West,Wa Municipal,2025-06-29,Cowpeas (white),Wholesale,16.0,GHS,MoFA SRID
Wa,Upper West,Wa Municipal,2025-06-29,Maize,Wholesale,6.0,GHS,MoFA SRID
Wa,Upper West,Wa Municipal,2025-06-29,Maize (yellow),Wholesale,6.0,GHS,MoFA SRID
Wa,Upper West,Wa Municipal,2025-06-29,Millet,Wholesale,12.0,GHS,MoFA SRID
Wa,Upper West,Wa Municipal,2025-06-29,Rice (imported),Wholesale,10.0,GHS,MoFA SRID
Wa,Upper West,Wa Municipal,2025-06-29,Rice (local),Wholesale,10.12,GHS,MoFA SRID
Wa,Upper West,Wa Municipal,2025-06-29,Sorghum,Wholesale,9.2,GHS,MoFA SRID
Wa,Upper West,Wa Municipal,2025-06-29,Soybeans,Wholesale,8.8,GHS,MoFA SRID
Wa,Upper West,Wa Municipal,2025-06-29,Yam,Wholesale,5.01,GHS,MoFA SRID
Wa,Upper West,Wa Municipal,2025-06-29,Yam (puna),Wholesale,9.01,GHS,MoFA SRID
Makola,Greater Accra,AMA-Okaikoi South,2025-07-01,Eggplants,Wholesale,16.85,GHS,MoFA SRID
Makola,Greater Accra,AMA-Okaikoi South,2025-07-01,Gari,Wholesale,12.57,GHS,MoFA SRID
Makola,Greater Accra,AMA-Okaikoi South,2025-07-01,Maize,Wholesale,9.33,GHS,MoFA SRID
Makola,Greater Accra,AMA-Okaikoi South,2025-07-01,Maize (yellow),Wholesale,9.67,GHS,MoFA SRID
Makola,Greater Accra,AMA-Okaikoi South,2025-07-01,Millet,Wholesale,15.05,GHS,MoFA SRID
Makola,Greater Accra,AMA-Okaikoi South,2025-07-01,Onions,Wholesale,15.82,GHS,MoFA SRID
Makola,Greater Accra,AMA-Okaikoi South,2025-07-01,Peppers (fresh),Wholesale,57.69,GHS,MoFA SRID
Makola,Greater Accra,AMA-Okaikoi South,2025-07-01,Plantains (apentu),Wholesale,39.53,GHS,MoFA SRID
Makola,Greater Accra,AMA-Okaikoi South,2025-07-01,Rice (imported),Wholesale,7.74,GHS,MoFA SRID
Makola,Greater Accra,AMA-Okaikoi South,2025-07-01,Rice (local),Wholesale,17.09,GHS,MoFA SRID
Makola,Greater Accra,AMA-Okaikoi South,2025-07-01,Sorghum,Wholesale,4.59,GHS,MoFA SRID
Makola,Greater Accra,AMA-Okaikoi South,2025-07-01,Tomatoes (local),Wholesale,13.62,GHS,MoFA SRID
Makola,Greater Accra,AMA-Okaikoi South,2025-07-01,Tomatoes (navrongo),Wholesale,23.03,GHS,MoFA SRID
Nana Bosomah,Bono,Sunyani Municipal,2025-07-02,Cassava,Wholesale,2.5,GHS,MoFA SRID
Nana Bosomah,Bono,Sunyani Municipal,2025-07-02,Maize,Wholesale,7.69,GHS,MoFA SRID
Nana Bosomah,Bono,Sunyani Municipal,2025-07-02,Maize (yellow),Wholesale,7.69,GHS,MoFA SRID
Nana Bosomah,Bono,Sunyani Municipal,2025-07-02,Meat (chicken),Wholesale,50.0,GHS,MoFA SRID
Nana Bosomah,Bono,Sunyani Municipal,2025-07-02,Plantains (apem),Wholesale,17.67,GHS,MoFA SRID
Nana Bosomah,Bono,Sunyani Municipal,2025-07-02,Plantains (apentu),Wholesale,18.24,GHS,MoFA SRID
Nana Bosomah,Bono,Sunyani Municipal,2025-07-02,Rice (imported),Wholesale,21.34,GHS,MoFA SRID
Nana Bosomah,Bono,Sunyani Municipal,2025-07-02,Rice (local),Wholesale,12.41,GHS,MoFA SRID
Agbogbloshie,Greater Accra,AMA-Okaikoi South,2025-07-03,Eggplants,Wholesale,12.21,GHS,MoFA SRID
Agbogbloshie,Greater Accra,AMA-Okaikoi South,2025-07-03,Maize,Wholesale,9.33,GHS,MoFA SRID
Agbogbloshie,Greater Accra,AMA-Okaikoi South,2025-07-03,Maize (yellow),Wholesale,9.61,GHS,MoFA SRID
Agbogbloshie,Greater Accra,AMA-Okaikoi South,2025-07-03,Millet,Wholesale,13.37,GHS,MoFA SRID
Agbogbloshie,Greater Accra,AMA-Okaikoi South,2025-07-03,Onions,Wholesale,14.44,GHS,MoFA SRID
Agbogbloshie,Greater Accra,AMA-Okaikoi South,2025-07-03,Peppers (fresh),Wholesale,18.49,GHS,MoFA SRID
Agbogbloshie,Greater Accra,AMA-Okaikoi South,2025-07-03,Plantains (apem),Wholesale,21.66,GHS,MoFA SRID
Agbogbloshie,Greater Accra,AMA-Okaikoi South,2025-07-03,Plantains (apentu),Wholesale,30.87,GHS,MoFA SRID
Agbogbloshie,Greater Accra,AMA-Okaikoi South,2025-07-03,Rice (imported),Wholesale,13.58,GHS,MoFA SRID
Agbogbloshie,Greater Accra,AMA-Okaikoi South,2025-07-03,Rice (local),Wholesale,15.0,GHS,MoFA SRID
Agbogbloshie,Greater Accra,AMA-Okaikoi South,2025-07-03,Sorghum,Wholesale,3.91,GHS,MoFA SRID
Agbogbloshie,Greater Accra,AMA-Okaikoi South,2025-07-03,Tomatoes (local),Wholesale,17.39,GHS,MoFA SRID
Agbogbloshie,Greater Accra,AMA-Okaikoi South,2025-07-03,Tomatoes (navrongo),Wholesale,22.3,GHS,MoFA SRID
Koforidua,Eastern,New Juaben South Municipal,2025-07-03,Eggplants,Wholesale,5.4,GHS,MoFA SRID
Koforidua,Eastern,New Juaben South Municipal,2025-07-03,Eggs,Wholesale,56.67,GHS,MoFA SRID
Koforidua,Eastern,New Juaben South Municipal,2025-07-03,Gari,Wholesale,10.94,GHS,MoFA SRID
Koforidua,Eastern,New Juaben South Municipal,2025-07-03,Onions,Wholesale,16.46,GHS,MoFA SRID
Koforidua,Eastern,New Juaben South Municipal,2025-07-03,Peppers (fresh),Wholesale,15.74,GHS,MoFA SRID
Koforidua,Eastern,New Juaben South Municipal,2025-07-03,Plantains (apem),Wholesale,16.87,GHS,MoFA SRID
Koforidua,Eastern,New Juaben South Municipal,2025-07-03,Rice (imported),Wholesale,14.44,GHS,MoFA SRID
Koforidua,Eastern,New Juaben South Municipal,2025-07-03,Tomatoes (local),Wholesale,19.13,GHS,MoFA SRID
Koforidua,Eastern,New Juaben South Municipal,2025-07-03,Yam,Wholesale,16.26,GHS,MoFA SRID
Tuesday Market,Greater Accra,AMA-Okaikoi South,2025-07-03,Cassava,Retail,8.51,GHS,MoFA SRID
Tuesday Market,Greater Accra,AMA-Okaikoi South,2025-07-03,Eggplants,Retail,21.56,GHS,MoFA SRID
Tuesday Market,Greater Accra,AMA-Okaikoi South,2025-07-03,Eggs,Retail,60.0,GHS,MoFA SRID
Tuesday Market,Greater Accra,AMA-Okaikoi South,2025-07-03,Gari,Retail,13.04,GHS,MoFA SRID
Tuesday Market,Greater Accra,AMA-Okaikoi South,2025-07-03,Maize,Retail,18.96,GHS,MoFA SRID
Tuesday Market,Greater Accra,AMA-Okaikoi South,2025-07-03,Maize (yellow),Retail,11.54,GHS,MoFA SRID
Tuesday Market,Greater Accra,AMA-Okaikoi South,2025-07-03,Millet,Retail,19.2,GHS,MoFA SRID
Tuesday Market,Greater Accra,AMA-Okaikoi South,2025-07-03,Onions,Retail,46.88,GHS,MoFA SRID
Tuesday Market,Greater Accra,AMA-Okaikoi South,2025-07-03,Peppers (fresh),Retail,37.5,GHS,MoFA SRID
Tuesday Market,Greater Accra,AMA-Okaikoi South,2025-07-03,Plantains (apentu),Retail,28.57,GHS,MoFA SRID
Tuesday Market,Greater Accra,AMA-Okaikoi South,2025-07-03,Rice (imported),Retail,18.0,GHS,MoFA SRID
Tuesday Market,Greater Accra,AMA-Okaikoi South,2025-07-03,Rice (local),Retail,18.0,GHS,MoFA SRID
Tuesday Market,Greater Accra,AMA-Okaikoi South,2025-07-03,Sorghum,Retail,7.47,GHS,MoFA SRID
Tuesday Market,Greater Accra,AMA-Okaikoi South,2025-07-03,Tomatoes (navrongo),Retail,51.72,GHS,MoFA SRID
Tuesday Market,Greater Accra,AMA-Okaikoi South,2025-07-03,Yam,Retail,12.9,GHS,MoFA SRID
Tuesday Market,Greater Accra,AMA-Okaikoi South,2025-07-03,Yam (puna),Retail,12.0,GHS,MoFA SRID
Bibiani,Western North,Bibiani Anhwiaso Bekwai Municipal,2025-07-04,Cassava,Wholesale,2.89,GHS,MoFA SRID
Bibiani,Western North,Bibiani Anhwiaso Bekwai Municipal,2025-07-04,Cowpeas (white),Wholesale,5.29,GHS,MoFA SRID
Bibiani,Western North,Bibiani Anhwiaso Bekwai Municipal,2025-07-04,Eggplants,Wholesale,14.02,GHS,MoFA SRID
Bibiani,Western North,Bibiani Anhwiaso Bekwai Municipal,2025-07-04,Eggs,Wholesale,56.33,GHS,MoFA SRID
Bibiani,Western North,Bibiani Anhwiaso Bekwai Municipal,2025-07-04,Gari,Wholesale,14.21,GHS,MoFA SRID
Bibiani,Western North,Bibiani Anhwiaso Bekwai Municipal,2025-07-04,Maize,Wholesale,11.36,GHS,MoFA SRID
Bibiani,Western North,Bibiani Anhwiaso Bekwai Municipal,2025-07-04,Maize (yellow),Wholesale,12.26,GHS,MoFA SRID
Bibiani,Western North,Bibiani Anhwiaso Bekwai Municipal,2025-07-04,Millet,Wholesale,2.95,GHS,MoFA SRID
Bibiani,Western North,Bibiani Anhwiaso Bekwai Municipal,2025-07-04,Onions,Wholesale,33.2,GHS,MoFA SRID
Bibiani,Western North,Bibiani Anhwiaso Bekwai Municipal,2025-07-04,Peppers (dried),Wholesale,56.59,GHS,MoFA SRID
Bibiani,Western North,Bibiani Anhwiaso Bekwai Municipal,2025-07-04,Peppers (fresh),Wholesale,14.34,GHS,MoFA SRID
Bibiani,Western North,Bibiani Anhwiaso Bekwai Municipal,2025-07-04,Plantains (apem),Wholesale,34.33,GHS,MoFA SRID
Bibiani,Western North,Bibiani Anhwiaso Bekwai Municipal,2025-07-04,Plantains (apentu),Wholesale,30.33,GHS,MoFA SRID
Bibiani,Western North,Bibiani Anhwiaso Bekwai Municipal,2025-07-04,Rice (imported),Wholesale,15.81,GHS,MoFA SRID
Bibiani,Western North,Bibiani Anhwiaso Bekwai Municipal,2025-07-04,Rice (local),Wholesale,16.63,GHS,MoFA SRID
Bibiani,Western North,Bibiani Anhwiaso Bekwai Municipal,2025-07-04,Soybeans,Wholesale,4.15,GHS,MoFA SRID
Bibiani,Western North,Bibiani Anhwiaso Bekwai Municipal,2025-07-04,Tomatoes (local),Wholesale,19.01,GHS,MoFA SRID
Bibiani,Western North,Bibiani Anhwiaso Bekwai Municipal,2025-07-04,Tomatoes (navrongo),Wholesale,26.89,GHS,MoFA SRID
Bibiani,Western North,Bibiani Anhwiaso Bekwai Municipal,2025-07-04,Yam (puna),Wholesale,23.08,GHS,MoFA SRID
Techiman,Bono East,Techiman Municipal,2025-07-05,Cassava,Wholesale,1.9,GHS,MoFA SRID
Techiman,Bono East,Techiman Municipal,2025-07-05,Cowpeas (white),Wholesale,17.11,GHS,MoFA SRID
Techiman,Bono East,Techiman Municipal,2025-07-05,Eggplants,Wholesale,6.96,GHS,MoFA SRID
Techiman,Bono East,Techiman Municipal,2025-07-05,Eggs,Wholesale,61.67,GHS,MoFA SRID
Techiman,Bono East,Techiman Municipal,2025-07-05,Gari,Wholesale,11.17,GHS,MoFA SRID
Techiman,Bono East,Techiman Municipal,2025-07-05,Maize,Wholesale,6.46,GHS,MoFA SRID
Techiman,Bono East,Techiman Municipal,2025-07-05,Maize (yellow),Wholesale,7.14,GHS,MoFA SRID
Techiman,Bono East,Techiman Municipal,2025-07-05,Meat (chicken),Wholesale,47.33,GHS,MoFA SRID
Techiman,Bono East,Techiman Municipal,2025-07-05,Millet,Wholesale,10.91,GHS,MoFA SRID
Techiman,Bono East,Techiman Municipal,2025-07-05,Onions,Wholesale,15.03,GHS,MoFA SRID
Techiman,Bono East,Techiman Municipal,2025-07-05,Peppers (dried),Wholesale,128.62,GHS,MoFA SRID
Techiman,Bono East,Techiman Municipal,2025-07-05,Peppers (fresh),Wholesale,8.7,GHS,MoFA SRID
Techiman,Bono East,Techiman Municipal,2025-07-05,Plantains (apem),Wholesale,22.7,GHS,MoFA SRID
Techiman,Bono East,Techiman Municipal,2025-07-05,Plantains (apentu),Wholesale,22.12,GHS,MoFA SRID
Techiman,Bono East,Techiman Municipal,2025-07-05,Rice (imported),Wholesale,14.96,GHS,MoFA SRID
Techiman,Bono East,Techiman Municipal,2025-07-05,Rice (local),Wholesale,11.73,GHS,MoFA SRID
Techiman,Bono East,Techiman Municipal,2025-07-05,Sorghum,Wholesale,8.3,GHS,MoFA SRID
Techiman,Bono East,Techiman Municipal,2025-07-05,Soybeans,Wholesale,8.42,GHS,MoFA SRID
Techiman,Bono East,Techiman Municipal,2025-07-05,Tomatoes (local),Wholesale,10.12,GHS,MoFA SRID
Techiman,Bono East,Techiman Municipal,2025-07-05,Yam,Wholesale,15.26,GHS,MoFA SRID
Techiman,Bono East,Techiman Municipal,2025-07-05,Yam (puna),Wholesale,10.43,GHS,MoFA SRID
Goaso,Ahafo,Asunafo North Municipal,2025-07-06,Cowpeas (white),Wholesale,18.18,GHS,MoFA SRID
Goaso,Ahafo,Asunafo North Municipal,2025-07-06,Eggplants,Wholesale,7.98,GHS,MoFA SRID
Goaso,Ahafo,Asunafo North Municipal,2025-07-06,Eggs,Wholesale,50.0,GHS,MoFA SRID
Goaso,Ahafo,Asunafo North Municipal,2025-07-06,Gari,Wholesale,17.11,GHS,MoFA SRID
Goaso,Ahafo,Asunafo North Municipal,2025-07-06,Maize,Wholesale,11.33,GHS,MoFA SRID
Goaso,Ahafo,Asunafo North Municipal,2025-07-06,Maize (yellow),Wholesale,11.74,GHS,MoFA SRID
Goaso,Ahafo,Asunafo North Municipal,2025-07-06,Millet,Wholesale,18.67,GHS,MoFA SRID
Goaso,Ahafo,Asunafo North Municipal,2025-07-06,Peppers (fresh),Wholesale,14.51,GHS,MoFA SRID
Goaso,Ahafo,Asunafo North Municipal,2025-07-06,Rice (local),Wholesale,16.26,GHS,MoFA SRID
Goaso,Ahafo,Asunafo North Municipal,2025-07-06,Sorghum,Wholesale,16.02,GHS,MoFA SRID
Goaso,Ahafo,Asunafo North Municipal,2025-07-06,Tomatoes (local),Wholesale,13.65,GHS,MoFA SRID
Goaso,Ahafo,Asunafo North Municipal,2025-07-06,Yam (puna),Wholesale,18.48,GHS,MoFA SRID
Wa,Upper West,Wa Municipal,2025-07-06,Cowpeas (white),Wholesale,16.67,GHS,MoFA SRID
Wa,Upper West,Wa Municipal,2025-07-06,Maize,Wholesale,6.0,GHS,MoFA SRID
Wa,Upper West,Wa Municipal,2025-07-06,Maize (yellow),Wholesale,6.0,GHS,MoFA SRID
Wa,Upper West,Wa Municipal,2025-07-06,Millet,Wholesale,12.0,GHS,MoFA SRID
Wa,Upper West,Wa Municipal,2025-07-06,Rice (imported),Wholesale,10.83,GHS,MoFA SRID
Wa,Upper West,Wa Municipal,2025-07-06,Rice (local),Wholesale,7.54,GHS,MoFA SRID
Wa,Upper West,Wa Municipal,2025-07-06,Sorghum,Wholesale,7.2,GHS,MoFA SRID
Wa,Upper West,Wa Municipal,2025-07-06,Soybeans,Wholesale,8.0,GHS,MoFA SRID
Wa,Upper West,Wa Municipal,2025-07-06,Yam,Wholesale,14.45,GHS,MoFA SRID
Wa,Upper West,Wa Municipal,2025-07-06,Yam (puna),Wholesale,21.42,GHS,MoFA SRID
Kintampo,Bono East,Kintampo North Municipal,2025-07-07,Cassava,Wholesale,8.73,GHS,MoFA SRID
Kintampo,Bono East,Kintampo North Municipal,2025-07-07,Cowpeas (white),Wholesale,12.75,GHS,MoFA SRID
Kintampo,Bono East,Kintampo North Municipal,2025-07-07,Eggplants,Wholesale,11.59,GHS,MoFA SRID
Kintampo,Bono East,Kintampo North Municipal,2025-07-07,Eggs,Wholesale,58.33,GHS,MoFA SRID
Kintampo,Bono East,Kintampo North Municipal,2025-07-07,Gari,Wholesale,10.44,GHS,MoFA SRID
Kintampo,Bono East,Kintampo North Municipal,2025-07-07,Maize,Wholesale,6.13,GHS,MoFA SRID
Kintampo,Bono East,Kintampo North Municipal,2025-07-07,Maize (yellow),Wholesale,6.17,GHS,MoFA SRID
Kintampo,Bono East,Kintampo North Municipal,2025-07-07,Meat (chicken),Wholesale,39.01,GHS,MoFA SRID
Kintampo,Bono East,Kintampo North Municipal,2025-07-07,Millet,Wholesale,6.7,GHS,MoFA SRID
Kintampo,Bono East,Kintampo North Municipal,2025-07-07,Onions,Wholesale,11.62,GHS,MoFA SRID
Kintampo,Bono East,Kintampo North Municipal,2025-07-07,Peppers (dried),Wholesale,86.77,GHS,MoFA SRID
Kintampo,Bono East,Kintampo North Municipal,2025-07-07,Peppers (fresh),Wholesale,35.27,GHS,MoFA SRID
Kintampo,Bono East,Kintampo North Municipal,2025-07-07,Rice (imported),Wholesale,17.2,GHS,MoFA SRID
Kintampo,Bono East,Kintampo North Municipal,2025-07-07,Rice (local),Wholesale,11.52,GHS,MoFA SRID
Kintampo,Bono East,Kintampo North Municipal,2025-07-07,Sorghum,Wholesale,6.09,GHS,MoFA SRID
Kintampo,Bono East,Kintampo North Municipal,2025-07-07,Tomatoes (navrongo),Wholesale,27.19,GHS,MoFA SRID
Kintampo,Bono East,Kintampo North Municipal,2025-07-07,Yam,Wholesale,7.78,GHS,MoFA SRID
Kintampo,Bono East,Kintampo North Municipal,2025-07-07,Yam (puna),Wholesale,9.44,GHS,MoFA SRID
Nana Bosomah,Bono,Sunyani Municipal,2025-07-09,Maize,Wholesale,6.92,GHS,MoFA SRID
Nana Bosomah,Bono,Sunyani Municipal,2025-07-09,Maize (yellow),Wholesale,6.92,GHS,MoFA SRID
Nana Bosomah,Bono,Sunyani Municipal,2025-07-09,Peppers (dried),Wholesale,74.07,GHS,MoFA SRID
Nana Bosomah,Bono,Sunyani Municipal,2025-07-09,Peppers (fresh),Wholesale,27.72,GHS,MoFA SRID
Nana Bosomah,Bono,Sunyani Municipal,2025-07-09,Plantains (apem),Wholesale,17.59,GHS,MoFA SRID
Nana Bosomah,Bono,Sunyani Municipal,2025-07-09,Plantains (apentu),Wholesale,18.85,GHS,MoFA SRID
Nana Bosomah,Bono,Sunyani Municipal,2025-07-09,Rice (imported),Wholesale,15.34,GHS,MoFA SRID
Nana Bosomah,Bono,Sunyani Municipal,2025-07-09,Rice (local),Wholesale,11.89,GHS,MoFA SRID
Koforidua,Eastern,New Juaben South Municipal,2025-07-10,Cassava,Wholesale,2.5,GHS,MoFA SRID
Koforidua,Eastern,New Juaben South Municipal,2025-07-10,Eggplants,Wholesale,5.24,GHS,MoFA SRID
Koforidua,Eastern,New Juaben South Municipal,2025-07-10,Eggs,Wholesale,45.0,GHS,MoFA SRID
Koforidua,Eastern,New Juaben South Municipal,2025-07-10,Onions,Wholesale,24.13,GHS,MoFA SRID
Koforidua,Eastern,New Juaben South Municipal,2025-07-10,Peppers (fresh),Wholesale,6.53,GHS,MoFA SRID
Koforidua,Eastern,New Juaben South Municipal,2025-07-10,Plantains (apentu),Wholesale,12.07,GHS,MoFA SRID
Koforidua,Eastern,New Juaben South Municipal,2025-07-10,Tomatoes (local),Wholesale,9.11,GHS,MoFA SRID
Koforidua,Eastern,New Juaben South Municipal,2025-07-10,Yam (puna),Wholesale,16.29,GHS,MoFA SRID
Tema Community One Main Market,Greater Accra,TMA-Tema East,2025-07-10,Cowpeas (white),Wholesale,18.0,GHS,MoFA SRID
Tema Community One Main Market,Greater Accra,TMA-Tema East,2025-07-10,Eggplants,Wholesale,32.32,GHS,MoFA SRID
Tema Community One Main Market,Greater Accra,TMA-Tema East,2025-07-10,Eggs,Wholesale,68.33,GHS,MoFA SRID
Tema Community One Main Market,Greater Accra,TMA-Tema East,2025-07-10,Gari,Wholesale,25.76,GHS,MoFA SRID
Tema Community One Main Market,Greater Accra,TMA-Tema East,2025-07-10,Maize,Wholesale,14.0,GHS,MoFA SRID
Tema Community One Main Market,Greater Accra,TMA-Tema East,2025-07-10,Maize (yellow),Wholesale,15.0,GHS,MoFA SRID
Tema Community One Main Market,Greater Accra,TMA-Tema East,2025-07-10,Millet,Wholesale,16.67,GHS,MoFA SRID
Tema Community One Main Market,Greater Accra,TMA-Tema East,2025-07-10,Onions,Wholesale,17.15,GHS,MoFA SRID
Tema Community One Main Market,Greater Accra,TMA-Tema East,2025-07-10,Peppers (dried),Wholesale,87.45,GHS,MoFA SRID
Tema Community One Main Market,Greater Accra,TMA-Tema East,2025-07-10,Peppers (fresh),Wholesale,41.99,GHS,MoFA SRID
Tema Community One Main Market,Greater Accra,TMA-Tema East,2025-07-10,Plantains (apem),Wholesale,130.56,GHS,MoFA SRID
Tema Community One Main Market,Greater Accra,TMA-Tema East,2025-07-10,Plantains (apentu),Wholesale,97.48,GHS,MoFA SRID
Tema Community One Main Market,Greater Accra,TMA-Tema East,2025-07-10,Rice (imported),Wholesale,27.53,GHS,MoFA SRID
Tema Community One Main Market,Greater Accra,TMA-Tema East,2025-07-10,Rice (local),Wholesale,24.8,GHS,MoFA SRID
Tema Community One Main Market,Greater Accra,TMA-Tema East,2025-07-10,Sorghum,Wholesale,16.67,GHS,MoFA SRID
Tema Community One Main Market,Greater Accra,TMA-Tema East,2025-07-10,Soybeans,Wholesale,16.0,GHS,MoFA SRID
Tema Community One Main Market,Greater Accra,TMA-Tema East,2025-07-10,Tomatoes (local),Wholesale,14.75,GHS,MoFA SRID
Tema Community One Main Market,Greater Accra,TMA-Tema East,2025-07-10,Tomatoes (navrongo),Wholesale,26.56,GHS,MoFA SRID
Tema Community One Main Market,Greater Accra,TMA-Tema East,2025-07-10,Yam,Wholesale,47.61,GHS,MoFA SRID
Tema Community One Main Market,Greater Accra,TMA-Tema East,2025-07-10,Yam (puna),Wholesale,61.06,GHS,MoFA SRID
Goaso,Ahafo,Asunafo North Municipal,2025-07-11,Cassava,Wholesale,4.11,GHS,MoFA SRID
Goaso,Ahafo,Asunafo North Municipal,2025-07-11,Cowpeas (white),Wholesale,17.56,GHS,MoFA SRID
Goaso,Ahafo,Asunafo North Municipal,2025-07-11,Eggplants,Wholesale,7.25,GHS,MoFA SRID
Goaso,Ahafo,Asunafo North Municipal,2025-07-11,Eggs,Wholesale,50.0,GHS,MoFA SRID
Goaso,Ahafo,Asunafo North Municipal,2025-07-11,Maize,Wholesale,7.23,GHS,MoFA SRID
Goaso,Ahafo,Asunafo North Municipal,2025-07-11,Millet,Wholesale,16.0,GHS,MoFA SRID
Goaso,Ahafo,Asunafo North Municipal,2025-07-11,Onions,Wholesale,14.26,GHS,MoFA SRID
Goaso,Ahafo,Asunafo North Municipal,2025-07-11,Plantains (apentu),Wholesale,15.93,GHS,MoFA SRID
Goaso,Ahafo,Asunafo North Municipal,2025-07-11,Rice (local),Wholesale,17.33,GHS,MoFA SRID
Goaso,Ahafo,Asunafo North Municipal,2025-07-11,Sorghum,Wholesale,16.0,GHS,MoFA SRID
Goaso,Ahafo,Asunafo North Municipal,2025-07-11,Yam (puna),Wholesale,15.69,GHS,MoFA SRID
Tema Community One Main Market,Greater Accra,TMA-Tema East,2025-07-12,Cowpeas (white),Wholesale,18.5,GHS,MoFA SRID
Tema Community One Main Market,Greater Accra,TMA-Tema East,2025-07-12,Eggplants,Wholesale,33.33,GHS,MoFA SRID
Tema Community One Main Market,Greater Accra,TMA-Tema East,2025-07-12,Eggs,Wholesale,68.33,GHS,MoFA SRID
Tema Community One Main Market,Greater Accra,TMA-Tema East,2025-07-12,Gari,Wholesale,20.95,GHS,MoFA SRID
Tema Community One Main Market,Greater Accra,TMA-Tema East,2025-07-12,Maize,Wholesale,14.0,GHS,MoFA SRID
Tema Community One Main Market,Greater Accra,TMA-Tema East,2025-07-12,Maize (yellow),Wholesale,15.0,GHS,MoFA SRID
Tema Community One Main Market,Greater Accra,TMA-Tema East,2025-07-12,Millet,Wholesale,16.91,GHS,MoFA SRID
Tema Community One Main Market,Greater Accra,TMA-Tema East,2025-07-12,Onions,Wholesale,17.65,GHS,MoFA SRID
Tema Community One Main Market,Greater Accra,TMA-Tema East,2025-07-12,Peppers (dried),Wholesale,72.7,GHS,MoFA SRID
Tema Community One Main Market,Greater Accra,TMA-Tema East,2025-07-12,Peppers (fresh),Wholesale,46.27,GHS,MoFA SRID
Tema Community One Main Market,Greater Accra,TMA-Tema East,2025-07-12,Plantains (apem),Wholesale,131.22,GHS,MoFA SRID
Tema Community One Main Market,Greater Accra,TMA-Tema East,2025-07-12,Plantains (apentu),Wholesale,98.09,GHS,MoFA SRID
Tema Community One Main Market,Greater Accra,TMA-Tema East,2025-07-12,Rice (imported),Wholesale,27.53,GHS,MoFA SRID
Tema Community One Main Market,Greater Accra,TMA-Tema East,2025-07-12,Rice (local),Wholesale,24.93,GHS,MoFA SRID
Tema Community One Main Market,Greater Accra,TMA-Tema East,2025-07-12,Sorghum,Wholesale,16.91,GHS,MoFA SRID
Tema Community One Main Market,Greater Accra,TMA-Tema East,2025-07-12,Soybeans,Wholesale,16.0,GHS,MoFA SRID
Tema Community One Main Market,Greater Accra,TMA-Tema East,2025-07-12,Tomatoes (local),Wholesale,13.82,GHS,MoFA SRID
Tema Community One Main Market,Greater Accra,TMA-Tema East,2025-07-12,Tomatoes (navrongo),Wholesale,26.32,GHS,MoFA SRID
Tema Community One Main Market,Greater Accra,TMA-Tema East,2025-07-12,Yam,Wholesale,46.95,GHS,MoFA SRID
Tema Community One Main Market,Greater Accra,TMA-Tema East,2025-07-12,Yam (puna),Wholesale,60.94,GHS,MoFA SRID
Techiman,Bono East,Techiman Municipal,2025-07-13,Cassava,Wholesale,1.84,GHS,MoFA SRID
Techiman,Bono East,Techiman Municipal,2025-07-13,Cowpeas (white),Wholesale,17.57,GHS,MoFA SRID
Techiman,Bono East,Techiman Municipal,2025-07-13,Eggplants,Wholesale,9.25,GHS,MoFA SRID
Techiman,Bono East,Techiman Municipal,2025-07-13,Eggs,Wholesale,61.67,GHS,MoFA SRID
Techiman,Bono East,Techiman Municipal,2025-07-13,Gari,Wholesale,11.0,GHS,MoFA SRID
Techiman,Bono East,Techiman Municipal,2025-07-13,Maize,Wholesale,6.54,GHS,MoFA SRID
Techiman,Bono East,Techiman Municipal,2025-07-13,Maize (yellow),Wholesale,7.22,GHS,MoFA SRID
Techiman,Bono East,Techiman Municipal,2025-07-13,Meat (chicken),Wholesale,47.33,GHS,MoFA SRID
Techiman,Bono East,Techiman Municipal,2025-07-13,Millet,Wholesale,10.78,GHS,MoFA SRID
Techiman,Bono East,Techiman Municipal,2025-07-13,Onions,Wholesale,14.43,GHS,MoFA SRID
Techiman,Bono East,Techiman Municipal,2025-07-13,Peppers (dried),Wholesale,132.76,GHS,MoFA SRID
Techiman,Bono East,Techiman Municipal,2025-07-13,Peppers (fresh),Wholesale,9.78,GHS,MoFA SRID
Techiman,Bono East,Techiman Municipal,2025-07-13,Plantains (apem),Wholesale,20.86,GHS,MoFA SRID
Techiman,Bono East,Techiman Municipal,2025-07-13,Plantains (apentu),Wholesale,19.6,GHS,MoFA SRID
Techiman,Bono East,Techiman Municipal,2025-07-13,Rice (imported),Wholesale,15.12,GHS,MoFA SRID
Techiman,Bono East,Techiman Municipal,2025-07-13,Rice (local),Wholesale,10.5,GHS,MoFA SRID
Techiman,Bono East,Techiman Municipal,2025-07-13,Sorghum,Wholesale,8.31,GHS,MoFA SRID
Techiman,Bono East,Techiman Municipal,2025-07-13,Soybeans,Wholesale,8.52,GHS,MoFA SRID
Techiman,Bono East,Techiman Municipal,2025-07-13,Tomatoes (local),Wholesale,10.22,GHS,MoFA SRID
Techiman,Bono East,Techiman Municipal,2025-07-13,Yam,Wholesale,14.95,GHS,MoFA SRID
Techiman,Bono East,Techiman Municipal,2025-07-13,Yam (puna),Wholesale,10.32,GHS,MoFA SRID
Wa,Upper West,Wa Municipal,2025-07-13,Cowpeas (white),Wholesale,18.0,GHS,MoFA SRID
Wa,Upper West,Wa Municipal,2025-07-13,Maize,Wholesale,6.0,GHS,MoFA SRID
Wa,Upper West,Wa Municipal,2025-07-13,Maize (yellow),Wholesale,6.0,GHS,MoFA SRID
Wa,Upper West,Wa Municipal,2025-07-13,Millet,Wholesale,12.0,GHS,MoFA SRID
Wa,Upper West,Wa Municipal,2025-07-13,Rice (imported),Wholesale,10.83,GHS,MoFA SRID
Wa,Upper West,Wa Municipal,2025-07-13,Rice (local),Wholesale,6.87,GHS,MoFA SRID
Wa,Upper West,Wa Municipal,2025-07-13,Sorghum,Wholesale,9.6,GHS,MoFA SRID
Wa,Upper West,Wa Municipal,2025-07-13,Soybeans,Wholesale,7.05,GHS,MoFA SRID
Wa,Upper West,Wa Municipal,2025-07-13,Yam,Wholesale,18.21,GHS,MoFA SRID
Wa,Upper West,Wa Municipal,2025-07-13,Yam (puna),Wholesale,21.08,GHS,MoFA SRID
Tema Community One Main Market,Greater Accra,TMA-Tema East,2025-07-14,Cowpeas (white),Retail,23.33,GHS,MoFA SRID
Tema Community One Main Market,Greater Accra,TMA-Tema East,2025-07-14,Eggplants,Retail,30.55,GHS,MoFA SRID
Tema Community One Main Market,Greater Accra,TMA-Tema East,2025-07-14,Eggs,Retail,78.33,GHS,MoFA SRID
Tema Community One Main Market,Greater Accra,TMA-Tema East,2025-07-14,Gari,Retail,30.0,GHS,MoFA SRID
Tema Community One Main Market,Greater Accra,TMA-Tema East,2025-07-14,Maize,Retail,12.0,GHS,MoFA SRID
Tema Community One Main Market,Greater Accra,TMA-Tema East,2025-07-14,Maize (yellow),Retail,13.33,GHS,MoFA SRID
Tema Community One Main Market,Greater Accra,TMA-Tema East,2025-07-14,Meat (chicken),Retail,54.67,GHS,MoFA SRID
Tema Community One Main Market,Greater Accra,TMA-Tema East,2025-07-14,Millet,Retail,22.5,GHS,MoFA SRID
Tema Community One Main Market,Greater Accra,TMA-Tema East,2025-07-14,Onions,Retail,60.0,GHS,MoFA SRID
Tema Community One Main Market,Greater Accra,TMA-Tema East,2025-07-14,Peppers (dried),Retail,38.89,GHS,MoFA SRID
Tema Community One Main Market,Greater Accra,TMA-Tema East,2025-07-14,Peppers (fresh),Retail,38.05,GHS,MoFA SRID
Tema Community One Main Market,Greater Accra,TMA-Tema East,2025-07-14,Plantains (apem),Retail,125.0,GHS,MoFA SRID
Tema Community One Main Market,Greater Accra,TMA-Tema East,2025-07-14,Plantains (apentu),Retail,65.48,GHS,MoFA SRID
Tema Community One Main Market,Greater Accra,TMA-Tema East,2025-07-14,Rice (imported),Retail,24.0,GHS,MoFA SRID
Tema Community One Main Market,Greater Accra,TMA-Tema East,2025-07-14,Rice (local),Retail,22.67,GHS,MoFA SRID
Tema Community One Main Market,Greater Accra,TMA-Tema East,2025-07-14,Sorghum,Retail,23.33,GHS,MoFA SRID
Tema Community One Main Market,Greater Accra,TMA-Tema East,2025-07-14,Soybeans,Retail,20.0,GHS,MoFA SRID
Tema Community One Main Market,Greater Accra,TMA-Tema East,2025-07-14,Tomatoes (local),Retail,16.67,GHS,MoFA SRID
Tema Community One Main Market,Greater Accra,TMA-Tema East,2025-07-14,Tomatoes (navrongo),Retail,33.33,GHS,MoFA SRID
Tema Community One Main Market,Greater Accra,TMA-Tema East,2025-07-14,Yam,Retail,53.92,GHS,MoFA SRID
Tema Community One Main Market,Greater Accra,TMA-Tema East,2025-07-14,Yam (puna),Retail,86.19,GHS,MoFA SRID
Ho,Volta,Ho Municipal,2025-07-15,Cassava,Retail,4.92,GHS,MoFA SRID
Ho,Volta,Ho Municipal,2025-07-15,Cowpeas (white),Retail,25.23,GHS,MoFA SRID
Ho,Volta,Ho Municipal,2025-07-15,Eggplants,Retail,11.25,GHS,MoFA SRID
Ho,Volta,Ho Municipal,2025-07-15,Eggs,Retail,60.0,GHS,MoFA SRID
Ho,Volta,Ho Municipal,2025-07-15,Gari,Retail,13.19,GHS,MoFA SRID
Ho,Volta,Ho Municipal,2025-07-15,Maize,Retail,9.18,GHS,MoFA SRID
Ho,Volta,Ho Municipal,2025-07-15,Maize (yellow),Retail,8.93,GHS,MoFA SRID
Ho,Volta,Ho Municipal,2025-07-15,Meat (chicken),Retail,36.36,GHS,MoFA SRID
Ho,Volta,Ho Municipal,2025-07-15,Millet,Retail,14.29,GHS,MoFA SRID
Ho,Volta,Ho Municipal,2025-07-15,Onions,Retail,24.77,GHS,MoFA SRID
Ho,Volta,Ho Municipal,2025-07-15,Peppers (dried),Retail,111.11,GHS,MoFA SRID
Ho,Volta,Ho Municipal,2025-07-15,Peppers (fresh),Retail,40.0,GHS,MoFA SRID
Ho,Volta,Ho Municipal,2025-07-15,Plantains (apem),Retail,18.79,GHS,MoFA SRID
Ho,Volta,Ho Municipal,2025-07-15,Plantains (apentu),Retail,19.39,GHS,MoFA SRID
Ho,Volta,Ho Municipal,2025-07-15,Rice (imported),Retail,21.82,GHS,MoFA SRID
Ho,Volta,Ho Municipal,2025-07-15,Rice (local),Retail,17.55,GHS,MoFA SRID
Ho,Volta,Ho Municipal,2025-07-15,Sorghum,Retail,13.54,GHS,MoFA SRID
Ho,Volta,Ho Municipal,2025-07-15,Soybeans,Retail,14.58,GHS,MoFA SRID
Ho,Volta,Ho Municipal,2025-07-15,Tomatoes (local),Retail,17.79,GHS,MoFA SRID
Ho,Volta,Ho Municipal,2025-07-15,Tomatoes (navrongo),Retail,23.34,GHS,MoFA SRID
Ho,Volta,Ho Municipal,2025-07-15,Yam,Retail,10.01,GHS,MoFA SRID
Bamboi,Savannah,Bole,2025-07-16,Cowpeas (white),Retail,15.86,GHS,MoFA SRID
Bamboi,Savannah,Bole,2025-07-16,Eggplants,Retail,60.9,GHS,MoFA SRID
Bamboi,Savannah,Bole,2025-07-16,Eggs,Retail,70.0,GHS,MoFA SRID
Bamboi,Savannah,Bole,2025-07-16,Gari,Retail,13.89,GHS,MoFA SRID
Bamboi,Savannah,Bole,2025-07-16,Maize,Retail,8.0,GHS,MoFA SRID
Bamboi,Savannah,Bole,2025-07-16,Maize (yellow),Retail,8.0,GHS,MoFA SRID
Bamboi,Savannah,Bole,2025-07-16,Millet,Retail,14.58,GHS,MoFA SRID
Bamboi,Savannah,Bole,2025-07-16,Onions,Retail,24.61,GHS,MoFA SRID
Bamboi,Savannah,Bole,2025-07-16,Peppers (dried),Retail,39.23,GHS,MoFA SRID
Bamboi,Savannah,Bole,2025-07-16,Peppers (fresh),Retail,34.47,GHS,MoFA SRID
Bamboi,Savannah,Bole,2025-07-16,Rice (imported),Retail,20.83,GHS,MoFA SRID
Bamboi,Savannah,Bole,2025-07-16,Rice (local),Retail,16.67,GHS,MoFA SRID
Bamboi,Savannah,Bole,2025-07-16,Sorghum,Retail,12.5,GHS,MoFA SRID
Bamboi,Savannah,Bole,2025-07-16,Soybeans,Retail,12.13,GHS,MoFA SRID
Bamboi,Savannah,Bole,2025-07-16,Tomatoes (local),Retail,33.47,GHS,MoFA SRID
Bamboi,Savannah,Bole,2025-07-16,Yam,Retail,27.5,GHS,MoFA SRID
Bamboi,Savannah,Bole,2025-07-16,Yam (puna),Retail,26.67,GHS,MoFA SRID
Koforidua,Eastern,New Juaben South Municipal,2025-07-16,Cassava,Wholesale,4.17,GHS,MoFA SRID
Koforidua,Eastern,New Juaben South Municipal,2025-07-16,Eggplants,Wholesale,4.62,GHS,MoFA SRID
Koforidua,Eastern,New Juaben South Municipal,2025-07-16,Gari,Wholesale,11.62,GHS,MoFA SRID
Koforidua,Eastern,New Juaben South Municipal,2025-07-16,Onions,Wholesale,24.29,GHS,MoFA SRID
Koforidua,Eastern,New Juaben South Municipal,2025-07-16,Peppers (fresh),Wholesale,6.53,GHS,MoFA SRID
Koforidua,Eastern,New Juaben South Municipal,2025-07-16,Plantains (apentu),Wholesale,12.36,GHS,MoFA SRID
Koforidua,Eastern,New Juaben South Municipal,2025-07-16,Tomatoes (local),Wholesale,8.82,GHS,MoFA SRID
Koforidua,Eastern,New Juaben South Municipal,2025-07-16,Yam (puna),Wholesale,12.78,GHS,MoFA SRID
Mankessim,Central,Mfantsiman Municipal,2025-07-16,Cassava,Retail,5.03,GHS,MoFA SRID
Mankessim,Central,Mfantsiman Municipal,2025-07-16,Cowpeas (white),Retail,18.07,GHS,MoFA SRID
Mankessim,Central,Mfantsiman Municipal,2025-07-16,Eggplants,Retail,19.13,GHS,MoFA SRID
Mankessim,Central,Mfantsiman Municipal,2025-07-16,Eggs,Retail,63.75,GHS,MoFA SRID
Mankessim,Central,Mfantsiman Municipal,2025-07-16,Gari,Retail,15.12,GHS,MoFA SRID
Mankessim,Central,Mfantsiman Municipal,2025-07-16,Maize,Retail,8.66,GHS,MoFA SRID
Mankessim,Central,Mfantsiman Municipal,2025-07-16,Maize (yellow),Retail,9.48,GHS,MoFA SRID
Mankessim,Central,Mfantsiman Municipal,2025-07-16,Meat (chicken),Retail,42.0,GHS,MoFA SRID
Mankessim,Central,Mfantsiman Municipal,2025-07-16,Millet,Retail,19.86,GHS,MoFA SRID
Mankessim,Central,Mfantsiman Municipal,2025-07-16,Onions,Retail,21.67,GHS,MoFA SRID
Mankessim,Central,Mfantsiman Municipal,2025-07-16,Peppers (dried),Retail,99.37,GHS,MoFA SRID
Mankessim,Central,Mfantsiman Municipal,2025-07-16,Peppers (fresh),Retail,41.2,GHS,MoFA SRID
Mankessim,Central,Mfantsiman Municipal,2025-07-16,Plantains (apem),Retail,29.41,GHS,MoFA SRID
Mankessim,Central,Mfantsiman Municipal,2025-07-16,Plantains (apentu),Retail,24.41,GHS,MoFA SRID
Mankessim,Central,Mfantsiman Municipal,2025-07-16,Rice (imported),Retail,16.08,GHS,MoFA SRID
Mankessim,Central,Mfantsiman Municipal,2025-07-16,Rice (local),Retail,17.88,GHS,MoFA SRID
Mankessim,Central,Mfantsiman Municipal,2025-07-16,Soybeans,Retail,17.82,GHS,MoFA SRID
Mankessim,Central,Mfantsiman Municipal,2025-07-16,Tomatoes (local),Retail,18.34,GHS,MoFA SRID
Mankessim,Central,Mfantsiman Municipal,2025-07-16,Yam,Retail,17.08,GHS,MoFA SRID
Nana Bosomah,Bono,Sunyani Municipal,2025-07-16,Cassava,Retail,2.78,GHS,MoFA SRID
Nana Bosomah,Bono,Sunyani Municipal,2025-07-16,Eggplants,Retail,6.69,GHS,MoFA SRID
Nana Bosomah,Bono,Sunyani Municipal,2025-07-16,Gari,Retail,11.74,GHS,MoFA SRID
Nana Bosomah,Bono,Sunyani Municipal,2025-07-16,Maize,Retail,6.67,GHS,MoFA SRID
Nana Bosomah,Bono,Sunyani Municipal,2025-07-16,Maize (yellow),Retail,6.67,GHS,MoFA SRID
Nana Bosomah,Bono,Sunyani Municipal,2025-07-16,Millet,Retail,14.0,GHS,MoFA SRID
Nana Bosomah,Bono,Sunyani Municipal,2025-07-16,Plantains (apem),Retail,43.33,GHS,MoFA SRID
Nana Bosomah,Bono,Sunyani Municipal,2025-07-16,Plantains (apentu),Retail,35.55,GHS,MoFA SRID
Nana Bosomah,Bono,Sunyani Municipal,2025-07-16,Rice (imported),Retail,19.25,GHS,MoFA SRID
Nana Bosomah,Bono,Sunyani Municipal,2025-07-16,Rice (local),Retail,13.89,GHS,MoFA SRID
Nana Bosomah,Bono,Sunyani Municipal,2025-07-16,Sorghum,Retail,12.25,GHS,MoFA SRID
Nana Bosomah,Bono,Sunyani Municipal,2025-07-16,Tomatoes (local),Retail,21.74,GHS,MoFA SRID
Nana Bosomah,Bono,Sunyani Municipal,2025-07-16,Tomatoes (navrongo),Retail,21.74,GHS,MoFA SRID
Nana Bosomah,Bono,Sunyani Municipal,2025-07-16,Yam,Retail,11.11,GHS,MoFA SRID
Nana Bosomah,Bono,Sunyani Municipal,2025-07-16,Yam (puna),Retail,11.11,GHS,MoFA SRID
Obuasi,Ashanti,Obuasi Municipal,2025-07-16,Cassava,Retail,4.57,GHS,MoFA SRID
Obuasi,Ashanti,Obuasi Municipal,2025-07-16,Cowpeas (white),Retail,19.23,GHS,MoFA SRID
Obuasi,Ashanti,Obuasi Municipal,2025-07-16,Eggplants,Retail,19.74,GHS,MoFA SRID
Obuasi,Ashanti,Obuasi Municipal,2025-07-16,Eggs,Retail,58.33,GHS,MoFA SRID
Obuasi,Ashanti,Obuasi Municipal,2025-07-16,Maize,Retail,12.5,GHS,MoFA SRID
Obuasi,Ashanti,Obuasi Municipal,2025-07-16,Millet,Retail,15.19,GHS,MoFA SRID
Obuasi,Ashanti,Obuasi Municipal,2025-07-16,Onions,Retail,21.51,GHS,MoFA SRID
Obuasi,Ashanti,Obuasi Municipal,2025-07-16,Peppers (fresh),Retail,35.09,GHS,MoFA SRID
Obuasi,Ashanti,Obuasi Municipal,2025-07-16,Plantains (apentu),Retail,40.39,GHS,MoFA SRID
Obuasi,Ashanti,Obuasi Municipal,2025-07-16,Rice (local),Retail,16.86,GHS,MoFA SRID
Obuasi,Ashanti,Obuasi Municipal,2025-07-16,Soybeans,Retail,16.91,GHS,MoFA SRID
Obuasi,Ashanti,Obuasi Municipal,2025-07-16,Tomatoes (navrongo),Retail,25.0,GHS,MoFA SRID
Obuasi,Ashanti,Obuasi Municipal,2025-07-16,Yam,Retail,12.65,GHS,MoFA SRID
Agbogbloshie,Greater Accra,AMA-Okaikoi South,2025-07-17,Eggplants,Retail,45.42,GHS,MoFA SRID
Agbogbloshie,Greater Accra,AMA-Okaikoi South,2025-07-17,Eggs,Retail,63.33,GHS,MoFA SRID
Agbogbloshie,Greater Accra,AMA-Okaikoi South,2025-07-17,Gari,Retail,12.26,GHS,MoFA SRID
Agbogbloshie,Greater Accra,AMA-Okaikoi South,2025-07-17,Maize,Retail,10.8,GHS,MoFA SRID
Agbogbloshie,Greater Accra,AMA-Okaikoi South,2025-07-17,Maize (yellow),Retail,11.23,GHS,MoFA SRID
Agbogbloshie,Greater Accra,AMA-Okaikoi South,2025-07-17,Millet,Retail,17.36,GHS,MoFA SRID
Agbogbloshie,Greater Accra,AMA-Okaikoi South,2025-07-17,Peppers (dried),Retail,41.67,GHS,MoFA SRID
Agbogbloshie,Greater Accra,AMA-Okaikoi South,2025-07-17,Peppers (fresh),Retail,25.0,GHS,MoFA SRID
Agbogbloshie,Greater Accra,AMA-Okaikoi South,2025-07-17,Plantains (apentu),Retail,23.21,GHS,MoFA SRID
Agbogbloshie,Greater Accra,AMA-Okaikoi South,2025-07-17,Rice (imported),Retail,17.33,GHS,MoFA SRID
Agbogbloshie,Greater Accra,AMA-Okaikoi South,2025-07-17,Rice (local),Retail,19.33,GHS,MoFA SRID
Agbogbloshie,Greater Accra,AMA-Okaikoi South,2025-07-17,Sorghum,Retail,10.71,GHS,MoFA SRID
Agbogbloshie,Greater Accra,AMA-Okaikoi South,2025-07-17,Tomatoes (local),Retail,42.86,GHS,MoFA SRID
Agbogbloshie,Greater Accra,AMA-Okaikoi South,2025-07-17,Tomatoes (navrongo),Retail,59.49,GHS,MoFA SRID
Agbogbloshie,Greater Accra,AMA-Okaikoi South,2025-07-17,Yam (puna),Retail,15.56,GHS,MoFA SRID
Bibiani,Western North,Bibiani Anhwiaso Bekwai Municipal,2025-07-17,Cassava,Retail,3.57,GHS,MoFA SRID
Bibiani,Western North,Bibiani Anhwiaso Bekwai Municipal,2025-07-17,Cowpeas (white),Retail,38.89,GHS,MoFA SRID
Bibiani,Western North,Bibiani Anhwiaso Bekwai Municipal,2025-07-17,Eggplants,Retail,23.26,GHS,MoFA SRID
Bibiani,Western North,Bibiani Anhwiaso Bekwai Municipal,2025-07-17,Eggs,Retail,62.0,GHS,MoFA SRID
Bibiani,Western North,Bibiani Anhwiaso Bekwai Municipal,2025-07-17,Gari,Retail,18.33,GHS,MoFA SRID
Bibiani,Western North,Bibiani Anhwiaso Bekwai Municipal,2025-07-17,Maize,Retail,10.4,GHS,MoFA SRID
Bibiani,Western North,Bibiani Anhwiaso Bekwai Municipal,2025-07-17,Maize (yellow),Retail,12.41,GHS,MoFA SRID
Bibiani,Western North,Bibiani Anhwiaso Bekwai Municipal,2025-07-17,Millet,Retail,19.79,GHS,MoFA SRID
Bibiani,Western North,Bibiani Anhwiaso Bekwai Municipal,2025-07-17,Onions,Retail,27.51,GHS,MoFA SRID
Bibiani,Western North,Bibiani Anhwiaso Bekwai Municipal,2025-07-17,Peppers (dried),Retail,33.75,GHS,MoFA SRID
Bibiani,Western North,Bibiani Anhwiaso Bekwai Municipal,2025-07-17,Peppers (fresh),Retail,22.67,GHS,MoFA SRID
Bibiani,Western North,Bibiani Anhwiaso Bekwai Municipal,2025-07-17,Plantains (apem),Retail,21.22,GHS,MoFA SRID
Bibiani,Western North,Bibiani Anhwiaso Bekwai Municipal,2025-07-17,Plantains (apentu),Retail,24.34,GHS,MoFA SRID
Bibiani,Western North,Bibiani Anhwiaso Bekwai Municipal,2025-07-17,Rice (imported),Retail,22.64,GHS,MoFA SRID
Bibiani,Western North,Bibiani Anhwiaso Bekwai Municipal,2025-07-17,Rice (local),Retail,26.11,GHS,MoFA SRID
Bibiani,Western North,Bibiani Anhwiaso Bekwai Municipal,2025-07-17,Soybeans,Retail,21.88,GHS,MoFA SRID
Bibiani,Western North,Bibiani Anhwiaso Bekwai Municipal,2025-07-17,Tomatoes (local),Retail,23.8,GHS,MoFA SRID
Bibiani,Western North,Bibiani Anhwiaso Bekwai Municipal,2025-07-17,Tomatoes (navrongo),Retail,28.97,GHS,MoFA SRID
Bibiani,Western North,Bibiani Anhwiaso Bekwai Municipal,2025-07-17,Yam,Retail,12.51,GHS,MoFA SRID
Bibiani,Western North,Bibiani Anhwiaso Bekwai Municipal,2025-07-17,Yam (puna),Retail,11.56,GHS,MoFA SRID
Bibiani,Western North,Bibiani Anhwiaso Bekwai Municipal,2025-07-18,Cassava,Wholesale,7.86,GHS,MoFA SRID
Bibiani,Western North,Bibiani Anhwiaso Bekwai Municipal,2025-07-18,Cowpeas (white),Wholesale,21.79,GHS,MoFA SRID
Bibiani,Western North,Bibiani Anhwiaso Bekwai Municipal,2025-07-18,Eggplants,Wholesale,12.82,GHS,MoFA SRID
Bibiani,Western North,Bibiani Anhwiaso Bekwai Municipal,2025-07-18,Eggs,Wholesale,65.0,GHS,MoFA SRID
Bibiani,Western North,Bibiani Anhwiaso Bekwai Municipal,2025-07-18,Gari,Wholesale,11.32,GHS,MoFA SRID
Bibiani,Western North,Bibiani Anhwiaso Bekwai Municipal,2025-07-18,Maize,Wholesale,9.66,GHS,MoFA SRID
Bibiani,Western North,Bibiani Anhwiaso Bekwai Municipal,2025-07-18,Maize (yellow),Wholesale,10.36,GHS,MoFA SRID
Bibiani,Western North,Bibiani Anhwiaso Bekwai Municipal,2025-07-18,Meat (chicken),Wholesale,23.67,GHS,MoFA SRID
Bibiani,Western North,Bibiani Anhwiaso Bekwai Municipal,2025-07-18,Millet,Wholesale,17.14,GHS,MoFA SRID
Bibiani,Western North,Bibiani Anhwiaso Bekwai Municipal,2025-07-18,Onions,Wholesale,20.02,GHS,MoFA SRID
Bibiani,Western North,Bibiani Anhwiaso Bekwai Municipal,2025-07-18,Peppers (dried),Wholesale,88.41,GHS,MoFA SRID
Bibiani,Western North,Bibiani Anhwiaso Bekwai Municipal,2025-07-18,Peppers (fresh),Wholesale,14.09,GHS,MoFA SRID
Bibiani,Western North,Bibiani Anhwiaso Bekwai Municipal,2025-07-18,Plantains (apem),Wholesale,16.43,GHS,MoFA SRID
Bibiani,Western North,Bibiani Anhwiaso Bekwai Municipal,2025-07-18,Plantains (apentu),Wholesale,13.1,GHS,MoFA SRID
Bibiani,Western North,Bibiani Anhwiaso Bekwai Municipal,2025-07-18,Rice (imported),Wholesale,17.06,GHS,MoFA SRID
Bibiani,Western North,Bibiani Anhwiaso Bekwai Municipal,2025-07-18,Rice (local),Wholesale,15.97,GHS,MoFA SRID
Bibiani,Western North,Bibiani Anhwiaso Bekwai Municipal,2025-07-18,Sorghum,Wholesale,18.68,GHS,MoFA SRID
Bibiani,Western North,Bibiani Anhwiaso Bekwai Municipal,2025-07-18,Soybeans,Wholesale,19.87,GHS,MoFA SRID
Bibiani,Western North,Bibiani Anhwiaso Bekwai Municipal,2025-07-18,Tomatoes (local),Wholesale,13.3,GHS,MoFA SRID
Bibiani,Western North,Bibiani Anhwiaso Bekwai Municipal,2025-07-18,Tomatoes (navrongo),Wholesale,27.92,GHS,MoFA SRID
Bibiani,Western North,Bibiani Anhwiaso Bekwai Municipal,2025-07-18,Yam,Wholesale,16.54,GHS,MoFA SRID
Bibiani,Western North,Bibiani Anhwiaso Bekwai Municipal,2025-07-18,Yam (puna),Wholesale,16.65,GHS,MoFA SRID
Nana Bosomah,Bono,Sunyani Municipal,2025-07-18,Cowpeas (white),Retail,16.67,GHS,MoFA SRID
Nana Bosomah,Bono,Sunyani Municipal,2025-07-18,Onions,Retail,15.57,GHS,MoFA SRID
Nana Bosomah,Bono,Sunyani Municipal,2025-07-18,Peppers (dried),Retail,83.33,GHS,MoFA SRID
Nana Bosomah,Bono,Sunyani Municipal,2025-07-18,Peppers (fresh),Retail,37.5,GHS,MoFA SRID
Nana Bosomah,Bono,Sunyani Municipal,2025-07-18,Soybeans,Retail,12.5,GHS,MoFA SRID
Techiman,Bono East,Techiman Municipal,2025-07-18,Cassava,Retail,2.86,GHS,MoFA SRID
Techiman,Bono East,Techiman Municipal,2025-07-18,Cassava,Wholesale,1.75,GHS,MoFA SRID
Techiman,Bono East,Techiman Municipal,2025-07-18,Cowpeas (white),Retail,18.79,GHS,MoFA SRID
Techiman,Bono East,Techiman Municipal,2025-07-18,Cowpeas (white),Wholesale,17.35,GHS,MoFA SRID
Techiman,Bono East,Techiman Municipal,2025-07-18,Eggplants,Retail,11.67,GHS,MoFA SRID
Techiman,Bono East,Techiman Municipal,2025-07-18,Eggplants,Wholesale,10.32,GHS,MoFA SRID
Techiman,Bono East,Techiman Municipal,2025-07-18,Eggs,Retail,62.67,GHS,MoFA SRID
Techiman,Bono East,Techiman Municipal,2025-07-18,Eggs,Wholesale,56.0,GHS,MoFA SRID
Techiman,Bono East,Techiman Municipal,2025-07-18,Gari,Retail,12.3,GHS,MoFA SRID
Techiman,Bono East,Techiman Municipal,2025-07-18,Gari,Wholesale,11.15,GHS,MoFA SRID
Techiman,Bono East,Techiman Municipal,2025-07-18,Maize,Retail,7.32,GHS,MoFA SRID
Techiman,Bono East,Techiman Municipal,2025-07-18,Maize,Wholesale,6.54,GHS,MoFA SRID
Techiman,Bono East,Techiman Municipal,2025-07-18,Maize (yellow),Retail,7.96,GHS,MoFA SRID
Techiman,Bono East,Techiman Municipal,2025-07-18,Maize (yellow),Wholesale,7.31,GHS,MoFA SRID
Techiman,Bono East,Techiman Municipal,2025-07-18,Meat (chicken),Retail,50.28,GHS,MoFA SRID
Techiman,Bono East,Techiman Municipal,2025-07-18,Meat (chicken),Wholesale,46.0,GHS,MoFA SRID
Techiman,Bono East,Techiman Municipal,2025-07-18,Millet,Retail,11.85,GHS,MoFA SRID
Techiman,Bono East,Techiman Municipal,2025-07-18,Millet,Wholesale,11.18,GHS,MoFA SRID
Techiman,Bono East,Techiman Municipal,2025-07-18,Onions,Retail,15.08,GHS,MoFA SRID
Techiman,Bono East,Techiman Municipal,2025-07-18,Onions,Wholesale,14.29,GHS,MoFA SRID
Techiman,Bono East,Techiman Municipal,2025-07-18,Peppers (dried),Retail,129.17,GHS,MoFA SRID
Techiman,Bono East,Techiman Municipal,2025-07-18,Peppers (dried),Wholesale,122.62,GHS,MoFA SRID
Techiman,Bono East,Techiman Municipal,2025-07-18,Peppers (fresh),Retail,12.04,GHS,MoFA SRID
Techiman,Bono East,Techiman Municipal,2025-07-18,Peppers (fresh),Wholesale,9.56,GHS,MoFA SRID
Techiman,Bono East,Techiman Municipal,2025-07-18,Plantains (apem),Retail,21.06,GHS,MoFA SRID
Techiman,Bono East,Techiman Municipal,2025-07-18,Plantains (apem),Wholesale,19.21,GHS,MoFA SRID
Techiman,Bono East,Techiman Municipal,2025-07-18,Plantains (apentu),Retail,22.25,GHS,MoFA SRID
Techiman,Bono East,Techiman Municipal,2025-07-18,Plantains (apentu),Wholesale,18.01,GHS,MoFA SRID
Techiman,Bono East,Techiman Municipal,2025-07-18,Rice (imported),Retail,17.41,GHS,MoFA SRID
Techiman,Bono East,Techiman Municipal,2025-07-18,Rice (imported),Wholesale,16.01,GHS,MoFA SRID
Techiman,Bono East,Techiman Municipal,2025-07-18,Rice (local),Retail,11.09,GHS,MoFA SRID
Techiman,Bono East,Techiman Municipal,2025-07-18,Rice (local),Wholesale,9.61,GHS,MoFA SRID
Techiman,Bono East,Techiman Municipal,2025-07-18,Sorghum,Retail,9.15,GHS,MoFA SRID
Techiman,Bono East,Techiman Municipal,2025-07-18,Sorghum,Wholesale,8.89,GHS,MoFA SRID
Techiman,Bono East,Techiman Municipal,2025-07-18,Soybeans,Retail,9.27,GHS,MoFA SRID
Techiman,Bono East,Techiman Municipal,2025-07-18,Soybeans,Wholesale,8.63,GHS,MoFA SRID
Techiman,Bono East,Techiman Municipal,2025-07-18,Tomatoes (local),Retail,12.0,GHS,MoFA SRID
Techiman,Bono East,Techiman Municipal,2025-07-18,Tomatoes (local),Wholesale,10.52,GHS,MoFA SRID
Techiman,Bono East,Techiman Municipal,2025-07-18,Yam,Retail,17.67,GHS,MoFA SRID
Techiman,Bono East,Techiman Municipal,2025-07-18,Yam,Wholesale,14.93,GHS,MoFA SRID
Techiman,Bono East,Techiman Municipal,2025-07-18,Yam (puna),Retail,13.3,GHS,MoFA SRID
Techiman,Bono East,Techiman Municipal,2025-07-18,Yam (puna),Wholesale,10.11,GHS,MoFA SRID
Kintampo,Bono East,Kintampo North Municipal,2025-07-19,Cowpeas (white),Wholesale,13.14,GHS,MoFA SRID
Kintampo,Bono East,Kintampo North Municipal,2025-07-19,Eggplants,Wholesale,7.91,GHS,MoFA SRID
Kintampo,Bono East,Kintampo North Municipal,2025-07-19,Eggs,Wholesale,61.67,GHS,MoFA SRID
Kintampo,Bono East,Kintampo North Municipal,2025-07-19,Maize,Wholesale,6.07,GHS,MoFA SRID
Kintampo,Bono East,Kintampo North Municipal,2025-07-19,Maize (yellow),Wholesale,6.07,GHS,MoFA SRID
Kintampo,Bono East,Kintampo North Municipal,2025-07-19,Millet,Wholesale,7.78,GHS,MoFA SRID
Kintampo,Bono East,Kintampo North Municipal,2025-07-19,Onions,Wholesale,14.76,GHS,MoFA SRID
Kintampo,Bono East,Kintampo North Municipal,2025-07-19,Peppers (fresh),Wholesale,15.0,GHS,MoFA SRID
Kintampo,Bono East,Kintampo North Municipal,2025-07-19,Sorghum,Wholesale,6.94,GHS,MoFA SRID
Kintampo,Bono East,Kintampo North Municipal,2025-07-19,Soybeans,Wholesale,10.0,GHS,MoFA SRID
Kintampo,Bono East,Kintampo North Municipal,2025-07-19,Tomatoes (local),Wholesale,10.81,GHS,MoFA SRID
Nana Bosomah,Bono,Sunyani Municipal,2025-07-19,Eggs,Retail,55.0,GHS,MoFA SRID
Nana Bosomah,Bono,Sunyani Municipal,2025-07-19,Meat (chicken),Retail,52.0,GHS,MoFA SRID
Tema Community One Main Market,Greater Accra,TMA-Tema East,2025-07-19,Cowpeas (white),Wholesale,18.75,GHS,MoFA SRID
Tema Community One Main Market,Greater Accra,TMA-Tema East,2025-07-19,Eggplants,Wholesale,32.83,GHS,MoFA SRID
Tema Community One Main Market,Greater Accra,TMA-Tema East,2025-07-19,Eggs,Wholesale,66.67,GHS,MoFA SRID
Tema Community One Main Market,Greater Accra,TMA-Tema East,2025-07-19,Gari,Wholesale,20.48,GHS,MoFA SRID
Tema Community One Main Market,Greater Accra,TMA-Tema East,2025-07-19,Maize,Wholesale,14.0,GHS,MoFA SRID
Tema Community One Main Market,Greater Accra,TMA-Tema East,2025-07-19,Maize (yellow),Wholesale,15.0,GHS,MoFA SRID
Tema Community One Main Market,Greater Accra,TMA-Tema East,2025-07-19,Millet,Wholesale,16.91,GHS,MoFA SRID
Tema Community One Main Market,Greater Accra,TMA-Tema East,2025-07-19,Onions,Wholesale,17.52,GHS,MoFA SRID
Tema Community One Main Market,Greater Accra,TMA-Tema East,2025-07-19,Peppers (dried),Wholesale,68.26,GHS,MoFA SRID
Tema Community One Main Market,Greater Accra,TMA-Tema East,2025-07-19,Peppers (fresh),Wholesale,45.5,GHS,MoFA SRID
Tema Community One Main Market,Greater Accra,TMA-Tema East,2025-07-19,Plantains (apem),Wholesale,84.14,GHS,MoFA SRID
Tema Community One Main Market,Greater Accra,TMA-Tema East,2025-07-19,Plantains (apentu),Wholesale,53.46,GHS,MoFA SRID
Tema Community One Main Market,Greater Accra,TMA-Tema East,2025-07-19,Rice (imported),Wholesale,27.95,GHS,MoFA SRID
Tema Community One Main Market,Greater Accra,TMA-Tema East,2025-07-19,Rice (local),Wholesale,26.66,GHS,MoFA SRID
Tema Community One Main Market,Greater Accra,TMA-Tema East,2025-07-19,Sorghum,Wholesale,16.67,GHS,MoFA SRID
Tema Community One Main Market,Greater Accra,TMA-Tema East,2025-07-19,Soybeans,Wholesale,16.0,GHS,MoFA SRID
Tema Community One Main Market,Greater Accra,TMA-Tema East,2025-07-19,Tomatoes (local),Wholesale,13.01,GHS,MoFA SRID
Tema Community One Main Market,Greater Accra,TMA-Tema East,2025-07-19,Tomatoes (navrongo),Wholesale,26.56,GHS,MoFA SRID
Tema Community One Main Market,Greater Accra,TMA-Tema East,2025-07-19,Yam,Wholesale,39.84,GHS,MoFA SRID
Tema Community One Main Market,Greater Accra,TMA-Tema East,2025-07-19,Yam (puna),Wholesale,53.33,GHS,MoFA SRID
Goaso,Ahafo,Asunafo North Municipal,2025-07-20,Cowpeas (white),Retail,19.01,GHS,MoFA SRID
Goaso,Ahafo,Asunafo North Municipal,2025-07-20,Eggplants,Retail,7.93,GHS,MoFA SRID
Goaso,Ahafo,Asunafo North Municipal,2025-07-20,Eggs,Retail,58.33,GHS,MoFA SRID
Goaso,Ahafo,Asunafo North Municipal,2025-07-20,Gari,Retail,13.5,GHS,MoFA SRID
Goaso,Ahafo,Asunafo North Municipal,2025-07-20,Maize,Retail,9.05,GHS,MoFA SRID
Goaso,Ahafo,Asunafo North Municipal,2025-07-20,Maize (yellow),Retail,9.19,GHS,MoFA SRID
Goaso,Ahafo,Asunafo North Municipal,2025-07-20,Millet,Retail,13.46,GHS,MoFA SRID
Goaso,Ahafo,Asunafo North Municipal,2025-07-20,Peppers (fresh),Retail,18.06,GHS,MoFA SRID
Goaso,Ahafo,Asunafo North Municipal,2025-07-20,Plantains (apentu),Retail,14.65,GHS,MoFA SRID
Goaso,Ahafo,Asunafo North Municipal,2025-07-20,Rice (local),Retail,18.37,GHS,MoFA SRID
Goaso,Ahafo,Asunafo North Municipal,2025-07-20,Tomatoes (local),Retail,8.59,GHS,MoFA SRID
Goaso,Ahafo,Asunafo North Municipal,2025-07-20,Yam (puna),Retail,17.97,GHS,MoFA SRID
Kintampo,Bono East,Kintampo North Municipal,2025-07-20,Cowpeas (white),Retail,13.21,GHS,MoFA SRID
Kintampo,Bono East,Kintampo North Municipal,2025-07-20,Eggplants,Retail,8.37,GHS,MoFA SRID
Kintampo,Bono East,Kintampo North Municipal,2025-07-20,Gari,Retail,11.03,GHS,MoFA SRID
Kintampo,Bono East,Kintampo North Municipal,2025-07-20,Maize,Retail,7.6,GHS,MoFA SRID
Kintampo,Bono East,Kintampo North Municipal,2025-07-20,Maize (yellow),Retail,7.41,GHS,MoFA SRID
Kintampo,Bono East,Kintampo North Municipal,2025-07-20,Millet,Retail,11.6,GHS,MoFA SRID
Kintampo,Bono East,Kintampo North Municipal,2025-07-20,Onions,Retail,15.02,GHS,MoFA SRID
Kintampo,Bono East,Kintampo North Municipal,2025-07-20,Peppers (fresh),Retail,16.49,GHS,MoFA SRID
Kintampo,Bono East,Kintampo North Municipal,2025-07-20,Rice (local),Retail,13.35,GHS,MoFA SRID
Kintampo,Bono East,Kintampo North Municipal,2025-07-20,Sorghum,Retail,9.62,GHS,MoFA SRID
Kintampo,Bono East,Kintampo North Municipal,2025-07-20,Soybeans,Retail,11.45,GHS,MoFA SRID
Kintampo,Bono East,Kintampo North Municipal,2025-07-20,Tomatoes (local),Retail,11.33,GHS,MoFA SRID
Goaso,Ahafo,Asunafo North Municipal,2025-07-21,Cowpeas (white),Wholesale,16.9,GHS,MoFA SRID
Goaso,Ahafo,Asunafo North Municipal,2025-07-21,Eggplants,Wholesale,7.58,GHS,MoFA SRID
Goaso,Ahafo,Asunafo North Municipal,2025-07-21,Eggs,Wholesale,51.67,GHS,MoFA SRID
Goaso,Ahafo,Asunafo North Municipal,2025-07-21,Gari,Wholesale,14.98,GHS,MoFA SRID
Goaso,Ahafo,Asunafo North Municipal,2025-07-21,Maize,Wholesale,10.2,GHS,MoFA SRID
Goaso,Ahafo,Asunafo North Municipal,2025-07-21,Maize (yellow),Wholesale,9.51,GHS,MoFA SRID
Goaso,Ahafo,Asunafo North Municipal,2025-07-21,Millet,Wholesale,13.15,GHS,MoFA SRID
Goaso,Ahafo,Asunafo North Municipal,2025-07-21,Peppers (fresh),Wholesale,14.58,GHS,MoFA SRID
Goaso,Ahafo,Asunafo North Municipal,2025-07-21,Plantains (apentu),Wholesale,23.9,GHS,MoFA SRID
Goaso,Ahafo,Asunafo North Municipal,2025-07-21,Rice (local),Wholesale,16.88,GHS,MoFA SRID
Goaso,Ahafo,Asunafo North Municipal,2025-07-21,Tomatoes (local),Wholesale,13.7,GHS,MoFA SRID
Goaso,Ahafo,Asunafo North Municipal,2025-07-21,Yam (puna),Wholesale,19.01,GHS,MoFA SRID
Tema Community One Main Market,Greater Accra,TMA-Tema East,2025-07-22,Cowpeas (white),Retail,25.0,GHS,MoFA SRID
Tema Community One Main Market,Greater Accra,TMA-Tema East,2025-07-22,Eggplants,Retail,41.67,GHS,MoFA SRID
Tema Community One Main Market,Greater Accra,TMA-Tema East,2025-07-22,Eggs,Retail,78.33,GHS,MoFA SRID
Tema Community One Main Market,Greater Accra,TMA-Tema East,2025-07-22,Gari,Retail,30.0,GHS,MoFA SRID
Tema Community One Main Market,Greater Accra,TMA-Tema East,2025-07-22,Maize,Retail,12.0,GHS,MoFA SRID
Tema Community One Main Market,Greater Accra,TMA-Tema East,2025-07-22,Maize (yellow),Retail,13.72,GHS,MoFA SRID
Tema Community One Main Market,Greater Accra,TMA-Tema East,2025-07-22,Meat (chicken),Retail,55.0,GHS,MoFA SRID
Tema Community One Main Market,Greater Accra,TMA-Tema East,2025-07-22,Millet,Retail,22.5,GHS,MoFA SRID
Tema Community One Main Market,Greater Accra,TMA-Tema East,2025-07-22,Onions,Retail,54.29,GHS,MoFA SRID
Tema Community One Main Market,Greater Accra,TMA-Tema East,2025-07-22,Peppers (dried),Retail,88.89,GHS,MoFA SRID
Tema Community One Main Market,Greater Accra,TMA-Tema East,2025-07-22,Peppers (fresh),Retail,46.11,GHS,MoFA SRID
Tema Community One Main Market,Greater Accra,TMA-Tema East,2025-07-22,Plantains (apem),Retail,136.91,GHS,MoFA SRID
Tema Community One Main Market,Greater Accra,TMA-Tema East,2025-07-22,Plantains (apentu),Retail,65.48,GHS,MoFA SRID
Tema Community One Main Market,Greater Accra,TMA-Tema East,2025-07-22,Rice (imported),Retail,24.67,GHS,MoFA SRID
Tema Community One Main Market,Greater Accra,TMA-Tema East,2025-07-22,Rice (local),Retail,24.0,GHS,MoFA SRID
Tema Community One Main Market,Greater Accra,TMA-Tema East,2025-07-22,Sorghum,Retail,22.5,GHS,MoFA SRID
Tema Community One Main Market,Greater Accra,TMA-Tema East,2025-07-22,Soybeans,Retail,20.0,GHS,MoFA SRID
Tema Community One Main Market,Greater Accra,TMA-Tema East,2025-07-22,Tomatoes (local),Retail,24.44,GHS,MoFA SRID
Tema Community One Main Market,Greater Accra,TMA-Tema East,2025-07-22,Tomatoes (navrongo),Retail,28.89,GHS,MoFA SRID
Tema Community One Main Market,Greater Accra,TMA-Tema East,2025-07-22,Yam,Retail,37.04,GHS,MoFA SRID
Tema Community One Main Market,Greater Accra,TMA-Tema East,2025-07-22,Yam (puna),Retail,49.67,GHS,MoFA SRID
Agbogbloshie,Greater Accra,AMA-Okaikoi South,2025-07-23,Eggplants,Retail,51.33,GHS,MoFA SRID
Agbogbloshie,Greater Accra,AMA-Okaikoi South,2025-07-23,Eggs,Retail,63.33,GHS,MoFA SRID
Agbogbloshie,Greater Accra,AMA-Okaikoi South,2025-07-23,Gari,Retail,13.04,GHS,MoFA SRID
Agbogbloshie,Greater Accra,AMA-Okaikoi South,2025-07-23,Maize,Retail,11.67,GHS,MoFA SRID
Agbogbloshie,Greater Accra,AMA-Okaikoi South,2025-07-23,Maize (yellow),Retail,12.0,GHS,MoFA SRID
Agbogbloshie,Greater Accra,AMA-Okaikoi South,2025-07-23,Millet,Retail,18.19,GHS,MoFA SRID
Agbogbloshie,Greater Accra,AMA-Okaikoi South,2025-07-23,Peppers (fresh),Retail,22.22,GHS,MoFA SRID
Agbogbloshie,Greater Accra,AMA-Okaikoi South,2025-07-23,Rice (imported),Retail,17.0,GHS,MoFA SRID
Agbogbloshie,Greater Accra,AMA-Okaikoi South,2025-07-23,Rice (local),Retail,15.67,GHS,MoFA SRID
Agbogbloshie,Greater Accra,AMA-Okaikoi South,2025-07-23,Sorghum,Retail,10.71,GHS,MoFA SRID
Agbogbloshie,Greater Accra,AMA-Okaikoi South,2025-07-23,Tomatoes (local),Retail,31.27,GHS,MoFA SRID
Agbogbloshie,Greater Accra,AMA-Okaikoi South,2025-07-23,Tomatoes (navrongo),Retail,56.25,GHS,MoFA SRID
Agbogbloshie,Greater Accra,AMA-Okaikoi South,2025-07-23,Yam (puna),Retail,13.55,GHS,MoFA SRID
Makola,Greater Accra,AMA-Okaikoi South,2025-07-23,Eggs,Retail,68.75,GHS,MoFA SRID
Makola,Greater Accra,AMA-Okaikoi South,2025-07-23,Gari,Retail,13.04,GHS,MoFA SRID
Makola,Greater Accra,AMA-Okaikoi South,2025-07-23,Maize,Retail,12.5,GHS,MoFA SRID
Makola,Greater Accra,AMA-Okaikoi South,2025-07-23,Maize (yellow),Retail,14.0,GHS,MoFA SRID
Makola,Greater Accra,AMA-Okaikoi South,2025-07-23,Millet,Retail,19.2,GHS,MoFA SRID
Makola,Greater Accra,AMA-Okaikoi South,2025-07-23,Onions,Retail,14.48,GHS,MoFA SRID
Makola,Greater Accra,AMA-Okaikoi South,2025-07-23,Peppers (fresh),Retail,25.0,GHS,MoFA SRID
Makola,Greater Accra,AMA-Okaikoi South,2025-07-23,Plantains (apem),Retail,37.78,GHS,MoFA SRID
Makola,Greater Accra,AMA-Okaikoi South,2025-07-23,Plantains (apentu),Retail,37.78,GHS,MoFA SRID
Makola,Greater Accra,AMA-Okaikoi South,2025-07-23,Rice (imported),Retail,18.0,GHS,MoFA SRID
Makola,Greater Accra,AMA-Okaikoi South,2025-07-23,Rice (local),Retail,19.0,GHS,MoFA SRID
Makola,Greater Accra,AMA-Okaikoi South,2025-07-23,Sorghum,Retail,12.86,GHS,MoFA SRID
Makola,Greater Accra,AMA-Okaikoi South,2025-07-23,Tomatoes (local),Retail,20.4,GHS,MoFA SRID
Makola,Greater Accra,AMA-Okaikoi South,2025-07-23,Tomatoes (navrongo),Retail,27.79,GHS,MoFA SRID
Makola,Greater Accra,AMA-Okaikoi South,2025-07-23,Yam (puna),Retail,12.17,GHS,MoFA SRID
Mankessim,Central,Mfantsiman Municipal,2025-07-23,Cassava,Retail,12.73,GHS,MoFA SRID
Mankessim,Central,Mfantsiman Municipal,2025-07-23,Cowpeas (white),Retail,18.63,GHS,MoFA SRID
Mankessim,Central,Mfantsiman Municipal,2025-07-23,Eggplants,Retail,20.0,GHS,MoFA SRID
Mankessim,Central,Mfantsiman Municipal,2025-07-23,Eggs,Retail,67.5,GHS,MoFA SRID
Mankessim,Central,Mfantsiman Municipal,2025-07-23,Gari,Retail,15.12,GHS,MoFA SRID
Mankessim,Central,Mfantsiman Municipal,2025-07-23,Maize,Retail,8.73,GHS,MoFA SRID
Mankessim,Central,Mfantsiman Municipal,2025-07-23,Maize (yellow),Retail,10.25,GHS,MoFA SRID
Mankessim,Central,Mfantsiman Municipal,2025-07-23,Meat (chicken),Retail,43.0,GHS,MoFA SRID
Mankessim,Central,Mfantsiman Municipal,2025-07-23,Millet,Retail,20.78,GHS,MoFA SRID
Mankessim,Central,Mfantsiman Municipal,2025-07-23,Onions,Retail,21.51,GHS,MoFA SRID
Mankessim,Central,Mfantsiman Municipal,2025-07-23,Peppers (dried),Retail,107.79,GHS,MoFA SRID
Mankessim,Central,Mfantsiman Municipal,2025-07-23,Peppers (fresh),Retail,45.81,GHS,MoFA SRID
Mankessim,Central,Mfantsiman Municipal,2025-07-23,Plantains (apem),Retail,57.54,GHS,MoFA SRID
Mankessim,Central,Mfantsiman Municipal,2025-07-23,Plantains (apentu),Retail,25.59,GHS,MoFA SRID
Mankessim,Central,Mfantsiman Municipal,2025-07-23,Rice (imported),Retail,17.32,GHS,MoFA SRID
Mankessim,Central,Mfantsiman Municipal,2025-07-23,Rice (local),Retail,18.99,GHS,MoFA SRID
Mankessim,Central,Mfantsiman Municipal,2025-07-23,Soybeans,Retail,18.9,GHS,MoFA SRID
Mankessim,Central,Mfantsiman Municipal,2025-07-23,Tomatoes (local),Retail,24.71,GHS,MoFA SRID
Mankessim,Central,Mfantsiman Municipal,2025-07-23,Yam,Retail,16.05,GHS,MoFA SRID
Nana Bosomah,Bono,Sunyani Municipal,2025-07-23,Cassava,Retail,2.81,GHS,MoFA SRID
Nana Bosomah,Bono,Sunyani Municipal,2025-07-23,Gari,Retail,12.5,GHS,MoFA SRID
Nana Bosomah,Bono,Sunyani Municipal,2025-07-23,Gari,Wholesale,10.33,GHS,MoFA SRID
Nana Bosomah,Bono,Sunyani Municipal,2025-07-23,Maize,Retail,6.77,GHS,MoFA SRID
Nana Bosomah,Bono,Sunyani Municipal,2025-07-23,Maize,Wholesale,6.15,GHS,MoFA SRID
Nana Bosomah,Bono,Sunyani Municipal,2025-07-23,Maize (yellow),Retail,6.77,GHS,MoFA SRID
Nana Bosomah,Bono,Sunyani Municipal,2025-07-23,Maize (yellow),Wholesale,6.15,GHS,MoFA SRID
Nana Bosomah,Bono,Sunyani Municipal,2025-07-23,Millet,Retail,12.0,GHS,MoFA SRID
Nana Bosomah,Bono,Sunyani Municipal,2025-07-23,Plantains (apem),Retail,40.0,GHS,MoFA SRID
Nana Bosomah,Bono,Sunyani Municipal,2025-07-23,Plantains (apem),Wholesale,15.69,GHS,MoFA SRID
Nana Bosomah,Bono,Sunyani Municipal,2025-07-23,Plantains (apentu),Retail,38.67,GHS,MoFA SRID
Nana Bosomah,Bono,Sunyani Municipal,2025-07-23,Plantains (apentu),Wholesale,18.09,GHS,MoFA SRID
Nana Bosomah,Bono,Sunyani Municipal,2025-07-23,Rice (imported),Retail,20.66,GHS,MoFA SRID
Nana Bosomah,Bono,Sunyani Municipal,2025-07-23,Rice (imported),Wholesale,17.55,GHS,MoFA SRID
Nana Bosomah,Bono,Sunyani Municipal,2025-07-23,Rice (local),Retail,14.44,GHS,MoFA SRID
Nana Bosomah,Bono,Sunyani Municipal,2025-07-23,Rice (local),Wholesale,12.0,GHS,MoFA SRID
Nana Bosomah,Bono,Sunyani Municipal,2025-07-23,Sorghum,Retail,11.2,GHS,MoFA SRID
Nana Bosomah,Bono,Sunyani Municipal,2025-07-23,Yam,Retail,10.65,GHS,MoFA SRID
Nana Bosomah,Bono,Sunyani Municipal,2025-07-23,Yam (puna),Retail,12.0,GHS,MoFA SRID
Tuesday Market,Greater Accra,AMA-Okaikoi South,2025-07-23,Eggplants,Retail,44.14,GHS,MoFA SRID
Tuesday Market,Greater Accra,AMA-Okaikoi South,2025-07-23,Eggs,Retail,68.33,GHS,MoFA SRID
Tuesday Market,Greater Accra,AMA-Okaikoi South,2025-07-23,Gari,Retail,13.04,GHS,MoFA SRID
Tuesday Market,Greater Accra,AMA-Okaikoi South,2025-07-23,Maize,Retail,12.5,GHS,MoFA SRID
Tuesday Market,Greater Accra,AMA-Okaikoi South,2025-07-23,Maize (yellow),Retail,14.0,GHS,MoFA SRID
Tuesday Market,Greater Accra,AMA-Okaikoi South,2025-07-23,Millet,Retail,19.2,GHS,MoFA SRID
Tuesday Market,Greater Accra,AMA-Okaikoi South,2025-07-23,Onions,Retail,26.98,GHS,MoFA SRID
Tuesday Market,Greater Accra,AMA-Okaikoi South,2025-07-23,Peppers (fresh),Retail,25.0,GHS,MoFA SRID
Tuesday Market,Greater Accra,AMA-Okaikoi South,2025-07-23,Rice (imported),Retail,17.0,GHS,MoFA SRID
Tuesday Market,Greater Accra,AMA-Okaikoi South,2025-07-23,Rice (local),Retail,18.67,GHS,MoFA SRID
Tuesday Market,Greater Accra,AMA-Okaikoi South,2025-07-23,Sorghum,Retail,13.04,GHS,MoFA SRID
Tuesday Market,Greater Accra,AMA-Okaikoi South,2025-07-23,Tomatoes (local),Retail,42.86,GHS,MoFA SRID
Tuesday Market,Greater Accra,AMA-Okaikoi South,2025-07-23,Tomatoes (navrongo),Retail,57.7,GHS,MoFA SRID
Bibiani,Western North,Bibiani Anhwiaso Bekwai Municipal,2025-07-24,Cassava,Retail,3.7,GHS,MoFA SRID
Bibiani,Western North,Bibiani Anhwiaso Bekwai Municipal,2025-07-24,Eggplants,Retail,17.33,GHS,MoFA SRID
Bibiani,Western North,Bibiani Anhwiaso Bekwai Municipal,2025-07-24,Eggs,Retail,62.0,GHS,MoFA SRID
Bibiani,Western North,Bibiani Anhwiaso Bekwai Municipal,2025-07-24,Gari,Retail,25.28,GHS,MoFA SRID
Bibiani,Western North,Bibiani Anhwiaso Bekwai Municipal,2025-07-24,Maize,Retail,12.22,GHS,MoFA SRID
Bibiani,Western North,Bibiani Anhwiaso Bekwai Municipal,2025-07-24,Maize (yellow),Retail,13.18,GHS,MoFA SRID
Bibiani,Western North,Bibiani Anhwiaso Bekwai Municipal,2025-07-24,Millet,Retail,16.88,GHS,MoFA SRID
Bibiani,Western North,Bibiani Anhwiaso Bekwai Municipal,2025-07-24,Onions,Retail,30.64,GHS,MoFA SRID
Bibiani,Western North,Bibiani Anhwiaso Bekwai Municipal,2025-07-24,Peppers (dried),Retail,26.94,GHS,MoFA SRID
Bibiani,Western North,Bibiani Anhwiaso Bekwai Municipal,2025-07-24,Peppers (fresh),Retail,30.36,GHS,MoFA SRID
Bibiani,Western North,Bibiani Anhwiaso Bekwai Municipal,2025-07-24,Plantains (apem),Retail,18.47,GHS,MoFA SRID
Bibiani,Western North,Bibiani Anhwiaso Bekwai Municipal,2025-07-24,Plantains (apentu),Retail,18.26,GHS,MoFA SRID
Bibiani,Western North,Bibiani Anhwiaso Bekwai Municipal,2025-07-24,Rice (imported),Retail,16.45,GHS,MoFA SRID
Bibiani,Western North,Bibiani Anhwiaso Bekwai Municipal,2025-07-24,Rice (local),Retail,19.83,GHS,MoFA SRID
Bibiani,Western North,Bibiani Anhwiaso Bekwai Municipal,2025-07-24,Soybeans,Retail,15.0,GHS,MoFA SRID
Bibiani,Western North,Bibiani Anhwiaso Bekwai Municipal,2025-07-24,Tomatoes (local),Retail,17.76,GHS,MoFA SRID
Bibiani,Western North,Bibiani Anhwiaso Bekwai Municipal,2025-07-24,Yam,Retail,14.11,GHS,MoFA SRID
Bibiani,Western North,Bibiani Anhwiaso Bekwai Municipal,2025-07-24,Yam (puna),Retail,13.78,GHS,MoFA SRID
Ho,Volta,Ho Municipal,2025-07-24,Cassava,Retail,4.97,GHS,MoFA SRID
Ho,Volta,Ho Municipal,2025-07-24,Cowpeas (white),Retail,21.96,GHS,MoFA SRID
Ho,Volta,Ho Municipal,2025-07-24,Eggplants,Retail,12.5,GHS,MoFA SRID
Ho,Volta,Ho Municipal,2025-07-24,Eggs,Retail,60.0,GHS,MoFA SRID
Ho,Volta,Ho Municipal,2025-07-24,Gari,Retail,13.24,GHS,MoFA SRID
Ho,Volta,Ho Municipal,2025-07-24,Maize,Retail,9.1,GHS,MoFA SRID
Ho,Volta,Ho Municipal,2025-07-24,Maize (yellow),Retail,8.93,GHS,MoFA SRID
Ho,Volta,Ho Municipal,2025-07-24,Meat (chicken),Retail,36.36,GHS,MoFA SRID
Ho,Volta,Ho Municipal,2025-07-24,Millet,Retail,14.19,GHS,MoFA SRID
Ho,Volta,Ho Municipal,2025-07-24,Onions,Retail,23.95,GHS,MoFA SRID
Ho,Volta,Ho Municipal,2025-07-24,Peppers (dried),Retail,100.0,GHS,MoFA SRID
Ho,Volta,Ho Municipal,2025-07-24,Peppers (fresh),Retail,40.0,GHS,MoFA SRID
Ho,Volta,Ho Municipal,2025-07-24,Plantains (apem),Retail,18.18,GHS,MoFA SRID
Ho,Volta,Ho Municipal,2025-07-24,Plantains (apentu),Retail,18.79,GHS,MoFA SRID
Ho,Volta,Ho Municipal,2025-07-24,Rice (imported),Retail,23.46,GHS,MoFA SRID
Ho,Volta,Ho Municipal,2025-07-24,Rice (local),Retail,17.86,GHS,MoFA SRID
Ho,Volta,Ho Municipal,2025-07-24,Sorghum,Retail,14.58,GHS,MoFA SRID
Ho,Volta,Ho Municipal,2025-07-24,Soybeans,Retail,14.39,GHS,MoFA SRID
Ho,Volta,Ho Municipal,2025-07-24,Tomatoes (local),Retail,12.68,GHS,MoFA SRID
Ho,Volta,Ho Municipal,2025-07-24,Yam,Retail,9.69,GHS,MoFA SRID
Koforidua,Eastern,New Juaben South Municipal,2025-07-24,Cowpeas (white),Retail,31.3,GHS,MoFA SRID
Koforidua,Eastern,New Juaben South Municipal,2025-07-24,Cowpeas (white),Wholesale,6.61,GHS,MoFA SRID
Koforidua,Eastern,New Juaben South Municipal,2025-07-24,Eggplants,Retail,22.03,GHS,MoFA SRID
Koforidua,Eastern,New Juaben South Municipal,2025-07-24,Eggplants,Wholesale,11.67,GHS,MoFA SRID
Koforidua,Eastern,New Juaben South Municipal,2025-07-24,Eggs,Wholesale,65.0,GHS,MoFA SRID
Koforidua,Eastern,New Juaben South Municipal,2025-07-24,Gari,Retail,14.06,GHS,MoFA SRID
Koforidua,Eastern,New Juaben South Municipal,2025-07-24,Gari,Wholesale,14.06,GHS,MoFA SRID
Koforidua,Eastern,New Juaben South Municipal,2025-07-24,Onions,Retail,17.83,GHS,MoFA SRID
Koforidua,Eastern,New Juaben South Municipal,2025-07-24,Onions,Wholesale,20.0,GHS,MoFA SRID
Koforidua,Eastern,New Juaben South Municipal,2025-07-24,Peppers (fresh),Retail,22.11,GHS,MoFA SRID
Koforidua,Eastern,New Juaben South Municipal,2025-07-24,Peppers (fresh),Wholesale,17.65,GHS,MoFA SRID
Koforidua,Eastern,New Juaben South Municipal,2025-07-24,Plantains (apentu),Retail,16.48,GHS,MoFA SRID
Koforidua,Eastern,New Juaben South Municipal,2025-07-24,Plantains (apentu),Wholesale,21.05,GHS,MoFA SRID
Koforidua,Eastern,New Juaben South Municipal,2025-07-24,Tomatoes (local),Retail,12.53,GHS,MoFA SRID
Koforidua,Eastern,New Juaben South Municipal,2025-07-24,Tomatoes (local),Wholesale,11.76,GHS,MoFA SRID
Koforidua,Eastern,New Juaben South Municipal,2025-07-24,Yam (puna),Retail,19.77,GHS,MoFA SRID
Koforidua,Eastern,New Juaben South Municipal,2025-07-24,Yam (puna),Wholesale,21.13,GHS,MoFA SRID
Techiman,Bono East,Techiman Municipal,2025-07-24,Cassava,Wholesale,1.92,GHS,MoFA SRID
Techiman,Bono East,Techiman Municipal,2025-07-24,Cowpeas (white),Wholesale,17.57,GHS,MoFA SRID
Techiman,Bono East,Techiman Municipal,2025-07-24,Eggplants,Wholesale,14.7,GHS,MoFA SRID
Techiman,Bono East,Techiman Municipal,2025-07-24,Eggs,Wholesale,60.0,GHS,MoFA SRID
Techiman,Bono East,Techiman Municipal,2025-07-24,Gari,Wholesale,10.98,GHS,MoFA SRID
Techiman,Bono East,Techiman Municipal,2025-07-24,Maize,Wholesale,6.54,GHS,MoFA SRID
Techiman,Bono East,Techiman Municipal,2025-07-24,Maize (yellow),Wholesale,7.31,GHS,MoFA SRID
Techiman,Bono East,Techiman Municipal,2025-07-24,Meat (chicken),Wholesale,47.33,GHS,MoFA SRID
Techiman,Bono East,Techiman Municipal,2025-07-24,Millet,Wholesale,10.93,GHS,MoFA SRID
Techiman,Bono East,Techiman Municipal,2025-07-24,Onions,Wholesale,14.63,GHS,MoFA SRID
Techiman,Bono East,Techiman Municipal,2025-07-24,Peppers (dried),Wholesale,117.58,GHS,MoFA SRID
Techiman,Bono East,Techiman Municipal,2025-07-24,Peppers (fresh),Wholesale,10.72,GHS,MoFA SRID
Techiman,Bono East,Techiman Municipal,2025-07-24,Plantains (apem),Wholesale,17.23,GHS,MoFA SRID
Techiman,Bono East,Techiman Municipal,2025-07-24,Plantains (apentu),Wholesale,15.54,GHS,MoFA SRID
Techiman,Bono East,Techiman Municipal,2025-07-24,Rice (imported),Wholesale,16.18,GHS,MoFA SRID
Techiman,Bono East,Techiman Municipal,2025-07-24,Rice (local),Wholesale,10.44,GHS,MoFA SRID
Techiman,Bono East,Techiman Municipal,2025-07-24,Sorghum,Wholesale,8.52,GHS,MoFA SRID
Techiman,Bono East,Techiman Municipal,2025-07-24,Soybeans,Wholesale,8.52,GHS,MoFA SRID
Techiman,Bono East,Techiman Municipal,2025-07-24,Tomatoes (local),Wholesale,10.3,GHS,MoFA SRID
Techiman,Bono East,Techiman Municipal,2025-07-24,Yam (puna),Wholesale,11.43,GHS,MoFA SRID
Bibiani,Western North,Bibiani Anhwiaso Bekwai Municipal,2025-07-25,Cowpeas (white),Wholesale,16.07,GHS,MoFA SRID
Bibiani,Western North,Bibiani Anhwiaso Bekwai Municipal,2025-07-25,Eggplants,Wholesale,24.4,GHS,MoFA SRID
Bibiani,Western North,Bibiani Anhwiaso Bekwai Municipal,2025-07-25,Eggs,Wholesale,65.0,GHS,MoFA SRID
Bibiani,Western North,Bibiani Anhwiaso Bekwai Municipal,2025-07-25,Gari,Wholesale,25.62,GHS,MoFA SRID
Bibiani,Western North,Bibiani Anhwiaso Bekwai Municipal,2025-07-25,Maize,Wholesale,6.86,GHS,MoFA SRID
Bibiani,Western North,Bibiani Anhwiaso Bekwai Municipal,2025-07-25,Maize (yellow),Wholesale,7.72,GHS,MoFA SRID
Bibiani,Western North,Bibiani Anhwiaso Bekwai Municipal,2025-07-25,Meat (chicken),Wholesale,22.25,GHS,MoFA SRID
Bibiani,Western North,Bibiani Anhwiaso Bekwai Municipal,2025-07-25,Millet,Wholesale,23.41,GHS,MoFA SRID
Bibiani,Western North,Bibiani Anhwiaso Bekwai Municipal,2025-07-25,Onions,Wholesale,29.65,GHS,MoFA SRID
Bibiani,Western North,Bibiani Anhwiaso Bekwai Municipal,2025-07-25,Peppers (fresh),Wholesale,24.82,GHS,MoFA SRID
Bibiani,Western North,Bibiani Anhwiaso Bekwai Municipal,2025-07-25,Plantains (apentu),Wholesale,7.42,GHS,MoFA SRID
Bibiani,Western North,Bibiani Anhwiaso Bekwai Municipal,2025-07-25,Rice (imported),Wholesale,17.79,GHS,MoFA SRID
Bibiani,Western North,Bibiani Anhwiaso Bekwai Municipal,2025-07-25,Rice (local),Wholesale,17.36,GHS,MoFA SRID
Bibiani,Western North,Bibiani Anhwiaso Bekwai Municipal,2025-07-25,Soybeans,Wholesale,24.67,GHS,MoFA SRID
Bibiani,Western North,Bibiani Anhwiaso Bekwai Municipal,2025-07-25,Tomatoes (local),Wholesale,23.81,GHS,MoFA SRID
Bibiani,Western North,Bibiani Anhwiaso Bekwai Municipal,2025-07-25,Tomatoes (navrongo),Wholesale,32.76,GHS,MoFA SRID
Goaso,Ahafo,Asunafo North Municipal,2025-07-25,Cassava,Retail,5.09,GHS,MoFA SRID
Goaso,Ahafo,Asunafo North Municipal,2025-07-25,Cowpeas (white),Retail,16.0,GHS,MoFA SRID
Goaso,Ahafo,Asunafo North Municipal,2025-07-25,Eggplants,Retail,12.22,GHS,MoFA SRID
Goaso,Ahafo,Asunafo North Municipal,2025-07-25,Eggs,Retail,60.0,GHS,MoFA SRID
Goaso,Ahafo,Asunafo North Municipal,2025-07-25,Gari,Retail,11.67,GHS,MoFA SRID
Goaso,Ahafo,Asunafo North Municipal,2025-07-25,Maize,Retail,8.39,GHS,MoFA SRID
Goaso,Ahafo,Asunafo North Municipal,2025-07-25,Maize (yellow),Retail,8.83,GHS,MoFA SRID
Goaso,Ahafo,Asunafo North Municipal,2025-07-25,Millet,Retail,16.33,GHS,MoFA SRID
Goaso,Ahafo,Asunafo North Municipal,2025-07-25,Peppers (fresh),Retail,19.45,GHS,MoFA SRID
Goaso,Ahafo,Asunafo North Municipal,2025-07-25,Plantains (apem),Retail,10.96,GHS,MoFA SRID
Goaso,Ahafo,Asunafo North Municipal,2025-07-25,Plantains (apentu),Retail,11.38,GHS,MoFA SRID
Goaso,Ahafo,Asunafo North Municipal,2025-07-25,Sorghum,Retail,13.0,GHS,MoFA SRID
Goaso,Ahafo,Asunafo North Municipal,2025-07-25,Tomatoes (local),Retail,6.32,GHS,MoFA SRID
Goaso,Ahafo,Asunafo North Municipal,2025-07-25,Yam (puna),Retail,8.16,GHS,MoFA SRID
Techiman,Bono East,Techiman Municipal,2025-07-25,Cassava,Retail,2.67,GHS,MoFA SRID
Techiman,Bono East,Techiman Municipal,2025-07-25,Cowpeas (white),Retail,18.52,GHS,MoFA SRID
Techiman,Bono East,Techiman Municipal,2025-07-25,Eggplants,Retail,16.67,GHS,MoFA SRID
Techiman,Bono East,Techiman Municipal,2025-07-25,Eggs,Retail,65.33,GHS,MoFA SRID
Techiman,Bono East,Techiman Municipal,2025-07-25,Gari,Retail,12.5,GHS,MoFA SRID
Techiman,Bono East,Techiman Municipal,2025-07-25,Maize,Retail,7.41,GHS,MoFA SRID
Techiman,Bono East,Techiman Municipal,2025-07-25,Maize (yellow),Retail,8.05,GHS,MoFA SRID
Techiman,Bono East,Techiman Municipal,2025-07-25,Meat (chicken),Retail,50.0,GHS,MoFA SRID
Techiman,Bono East,Techiman Municipal,2025-07-25,Millet,Retail,12.39,GHS,MoFA SRID
Techiman,Bono East,Techiman Municipal,2025-07-25,Onions,Retail,15.81,GHS,MoFA SRID
Techiman,Bono East,Techiman Municipal,2025-07-25,Peppers (dried),Retail,121.67,GHS,MoFA SRID
Techiman,Bono East,Techiman Municipal,2025-07-25,Peppers (fresh),Retail,12.5,GHS,MoFA SRID
Techiman,Bono East,Techiman Municipal,2025-07-25,Plantains (apem),Retail,18.19,GHS,MoFA SRID
Techiman,Bono East,Techiman Municipal,2025-07-25,Plantains (apentu),Retail,17.1,GHS,MoFA SRID
Techiman,Bono East,Techiman Municipal,2025-07-25,Rice (imported),Retail,17.55,GHS,MoFA SRID
Techiman,Bono East,Techiman Municipal,2025-07-25,Rice (local),Retail,11.65,GHS,MoFA SRID
Techiman,Bono East,Techiman Municipal,2025-07-25,Sorghum,Retail,9.26,GHS,MoFA SRID
Techiman,Bono East,Techiman Municipal,2025-07-25,Soybeans,Retail,9.38,GHS,MoFA SRID
Techiman,Bono East,Techiman Municipal,2025-07-25,Tomatoes (local),Retail,12.3,GHS,MoFA SRID
Techiman,Bono East,Techiman Municipal,2025-07-25,Yam,Retail,16.33,GHS,MoFA SRID
Techiman,Bono East,Techiman Municipal,2025-07-25,Yam (puna),Retail,13.12,GHS,MoFA SRID
Nana Bosomah,Bono,Sunyani Municipal,2025-07-26,Eggplants,Retail,5.57,GHS,MoFA SRID
Nana Bosomah,Bono,Sunyani Municipal,2025-07-26,Tomatoes (local),Retail,8.7,GHS,MoFA SRID
Nana Bosomah,Bono,Sunyani Municipal,2025-07-26,Tomatoes (navrongo),Retail,10.42,GHS,MoFA SRID
Tema Community One Main Market,Greater Accra,TMA-Tema East,2025-07-26,Cowpeas (white),Wholesale,19.44,GHS,MoFA SRID
Tema Community One Main Market,Greater Accra,TMA-Tema East,2025-07-26,Eggplants,Wholesale,41.56,GHS,MoFA SRID
Tema Community One Main Market,Greater Accra,TMA-Tema East,2025-07-26,Eggs,Wholesale,68.33,GHS,MoFA SRID
Tema Community One Main Market,Greater Accra,TMA-Tema East,2025-07-26,Gari,Wholesale,20.95,GHS,MoFA SRID
Tema Community One Main Market,Greater Accra,TMA-Tema East,2025-07-26,Maize,Wholesale,14.0,GHS,MoFA SRID
Tema Community One Main Market,Greater Accra,TMA-Tema East,2025-07-26,Maize (yellow),Wholesale,15.0,GHS,MoFA SRID
Tema Community One Main Market,Greater Accra,TMA-Tema East,2025-07-26,Millet,Wholesale,16.91,GHS,MoFA SRID
Tema Community One Main Market,Greater Accra,TMA-Tema East,2025-07-26,Onions,Wholesale,17.88,GHS,MoFA SRID
Tema Community One Main Market,Greater Accra,TMA-Tema East,2025-07-26,Peppers (dried),Wholesale,66.67,GHS,MoFA SRID
Tema Community One Main Market,Greater Accra,TMA-Tema East,2025-07-26,Peppers (fresh),Wholesale,49.4,GHS,MoFA SRID
Tema Community One Main Market,Greater Accra,TMA-Tema East,2025-07-26,Plantains (apem),Wholesale,105.94,GHS,MoFA SRID
Tema Community One Main Market,Greater Accra,TMA-Tema East,2025-07-26,Plantains (apentu),Wholesale,69.61,GHS,MoFA SRID
Tema Community One Main Market,Greater Accra,TMA-Tema East,2025-07-26,Rice (imported),Wholesale,28.15,GHS,MoFA SRID
Tema Community One Main Market,Greater Accra,TMA-Tema East,2025-07-26,Rice (local),Wholesale,25.8,GHS,MoFA SRID
Tema Community One Main Market,Greater Accra,TMA-Tema East,2025-07-26,Sorghum,Wholesale,16.91,GHS,MoFA SRID
Tema Community One Main Market,Greater Accra,TMA-Tema East,2025-07-26,Soybeans,Wholesale,16.0,GHS,MoFA SRID
Tema Community One Main Market,Greater Accra,TMA-Tema East,2025-07-26,Tomatoes (local),Wholesale,13.23,GHS,MoFA SRID
Tema Community One Main Market,Greater Accra,TMA-Tema East,2025-07-26,Tomatoes (navrongo),Wholesale,26.32,GHS,MoFA SRID
Tema Community One Main Market,Greater Accra,TMA-Tema East,2025-07-26,Yam,Wholesale,37.04,GHS,MoFA SRID
Tema Community One Main Market,Greater Accra,TMA-Tema East,2025-07-26,Yam (puna),Wholesale,49.67,GHS,MoFA SRID
Wa,Upper West,Wa Municipal,2025-07-26,Cowpeas (white),Retail,15.56,GHS,MoFA SRID
Wa,Upper West,Wa Municipal,2025-07-26,Cowpeas (white),Wholesale,19.0,GHS,MoFA SRID
Wa,Upper West,Wa Municipal,2025-07-26,Eggplants,Retail,13.54,GHS,MoFA SRID
Wa,Upper West,Wa Municipal,2025-07-26,Eggs,Retail,75.0,GHS,MoFA SRID
Wa,Upper West,Wa Municipal,2025-07-26,Gari,Retail,12.5,GHS,MoFA SRID
Wa,Upper West,Wa Municipal,2025-07-26,Maize,Retail,7.96,GHS,MoFA SRID
Wa,Upper West,Wa Municipal,2025-07-26,Maize,Wholesale,6.13,GHS,MoFA SRID
Wa,Upper West,Wa Municipal,2025-07-26,Maize (yellow),Retail,7.87,GHS,MoFA SRID
Wa,Upper West,Wa Municipal,2025-07-26,Maize (yellow),Wholesale,6.13,GHS,MoFA SRID
Wa,Upper West,Wa Municipal,2025-07-26,Meat (chicken),Retail,60.83,GHS,MoFA SRID
Wa,Upper West,Wa Municipal,2025-07-26,Millet,Retail,11.44,GHS,MoFA SRID
Wa,Upper West,Wa Municipal,2025-07-26,Millet,Wholesale,11.2,GHS,MoFA SRID
Wa,Upper West,Wa Municipal,2025-07-26,Onions,Retail,51.09,GHS,MoFA SRID
Wa,Upper West,Wa Municipal,2025-07-26,Peppers (dried),Retail,103.03,GHS,MoFA SRID
Wa,Upper West,Wa Municipal,2025-07-26,Peppers (fresh),Retail,47.86,GHS,MoFA SRID
Wa,Upper West,Wa Municipal,2025-07-26,Rice (imported),Retail,14.94,GHS,MoFA SRID
Wa,Upper West,Wa Municipal,2025-07-26,Rice (imported),Wholesale,11.5,GHS,MoFA SRID
Wa,Upper West,Wa Municipal,2025-07-26,Rice (local),Retail,11.21,GHS,MoFA SRID
Wa,Upper West,Wa Municipal,2025-07-26,Rice (local),Wholesale,8.45,GHS,MoFA SRID
Wa,Upper West,Wa Municipal,2025-07-26,Sorghum,Retail,9.87,GHS,MoFA SRID
Wa,Upper West,Wa Municipal,2025-07-26,Sorghum,Wholesale,9.6,GHS,MoFA SRID
Wa,Upper West,Wa Municipal,2025-07-26,Soybeans,Retail,8.0,GHS,MoFA SRID
Wa,Upper West,Wa Municipal,2025-07-26,Soybeans,Wholesale,7.13,GHS,MoFA SRID
Wa,Upper West,Wa Municipal,2025-07-26,Tomatoes (local),Retail,31.75,GHS,MoFA SRID
Wa,Upper West,Wa Municipal,2025-07-26,Tomatoes (navrongo),Retail,41.92,GHS,MoFA SRID
Wa,Upper West,Wa Municipal,2025-07-26,Yam,Retail,19.2,GHS,MoFA SRID
Wa,Upper West,Wa Municipal,2025-07-26,Yam,Wholesale,18.71,GHS,MoFA SRID
Wa,Upper West,Wa Municipal,2025-07-26,Yam (puna),Retail,32.59,GHS,MoFA SRID
Wa,Upper West,Wa Municipal,2025-07-26,Yam (puna),Wholesale,24.2,GHS,MoFA SRID
Bolga,Upper East,Bolgatanga Municipal,2025-07-27,Cowpeas (white),Retail,11.82,GHS,MoFA SRID
Bolga,Upper East,Bolgatanga Municipal,2025-07-27,Cowpeas (white),Wholesale,9.49,GHS,MoFA SRID
Bolga,Upper East,Bolgatanga Municipal,2025-07-27,Eggs,Retail,65.0,GHS,MoFA SRID
Bolga,Upper East,Bolgatanga Municipal,2025-07-27,Gari,Retail,10.89,GHS,MoFA SRID
Bolga,Upper East,Bolgatanga Municipal,2025-07-27,Maize,Retail,5.29,GHS,MoFA SRID
Bolga,Upper East,Bolgatanga Municipal,2025-07-27,Maize,Wholesale,5.05,GHS,MoFA SRID
Bolga,Upper East,Bolgatanga Municipal,2025-07-27,Maize (yellow),Retail,5.29,GHS,MoFA SRID
Bolga,Upper East,Bolgatanga Municipal,2025-07-27,Maize (yellow),Wholesale,5.05,GHS,MoFA SRID
Bolga,Upper East,Bolgatanga Municipal,2025-07-27,Meat (chicken),Retail,27.0,GHS,MoFA SRID
Bolga,Upper East,Bolgatanga Municipal,2025-07-27,Millet,Retail,10.34,GHS,MoFA SRID
Bolga,Upper East,Bolgatanga Municipal,2025-07-27,Millet,Wholesale,8.67,GHS,MoFA SRID
Bolga,Upper East,Bolgatanga Municipal,2025-07-27,Plantains (apem),Retail,8.52,GHS,MoFA SRID
Bolga,Upper East,Bolgatanga Municipal,2025-07-27,Plantains (apem),Wholesale,10.74,GHS,MoFA SRID
Bolga,Upper East,Bolgatanga Municipal,2025-07-27,Plantains (apentu),Retail,6.64,GHS,MoFA SRID
Bolga,Upper East,Bolgatanga Municipal,2025-07-27,Plantains (apentu),Wholesale,8.11,GHS,MoFA SRID
Bolga,Upper East,Bolgatanga Municipal,2025-07-27,Rice (imported),Retail,14.03,GHS,MoFA SRID
Bolga,Upper East,Bolgatanga Municipal,2025-07-27,Rice (imported),Wholesale,14.49,GHS,MoFA SRID
Bolga,Upper East,Bolgatanga Municipal,2025-07-27,Rice (local),Retail,10.99,GHS,MoFA SRID
Bolga,Upper East,Bolgatanga Municipal,2025-07-27,Rice (local),Wholesale,12.0,GHS,MoFA SRID
Bolga,Upper East,Bolgatanga Municipal,2025-07-27,Sorghum,Retail,8.62,GHS,MoFA SRID
Bolga,Upper East,Bolgatanga Municipal,2025-07-27,Sorghum,Wholesale,5.89,GHS,MoFA SRID
Bolga,Upper East,Bolgatanga Municipal,2025-07-27,Soybeans,Retail,8.62,GHS,MoFA SRID
Bolga,Upper East,Bolgatanga Municipal,2025-07-27,Soybeans,Wholesale,5.17,GHS,MoFA SRID
Bolga,Upper East,Bolgatanga Municipal,2025-07-27,Tomatoes (navrongo),Retail,6.53,GHS,MoFA SRID
Bolga,Upper East,Bolgatanga Municipal,2025-07-27,Yam,Retail,5.18,GHS,MoFA SRID
Bolga,Upper East,Bolgatanga Municipal,2025-07-27,Yam (puna),Retail,5.19,GHS,MoFA SRID
Goaso,Ahafo,Asunafo North Municipal,2025-07-27,Cowpeas (white),Wholesale,17.0,GHS,MoFA SRID
Goaso,Ahafo,Asunafo North Municipal,2025-07-27,Eggplants,Wholesale,7.25,GHS,MoFA SRID
Goaso,Ahafo,Asunafo North Municipal,2025-07-27,Eggs,Wholesale,50.0,GHS,MoFA SRID
Goaso,Ahafo,Asunafo North Municipal,2025-07-27,Gari,Wholesale,14.55,GHS,MoFA SRID
Goaso,Ahafo,Asunafo North Municipal,2025-07-27,Maize,Wholesale,9.0,GHS,MoFA SRID
Goaso,Ahafo,Asunafo North Municipal,2025-07-27,Maize (yellow),Wholesale,9.06,GHS,MoFA SRID
Goaso,Ahafo,Asunafo North Municipal,2025-07-27,Millet,Wholesale,17.6,GHS,MoFA SRID
Goaso,Ahafo,Asunafo North Municipal,2025-07-27,Plantains (apem),Wholesale,14.74,GHS,MoFA SRID
Goaso,Ahafo,Asunafo North Municipal,2025-07-27,Plantains (apentu),Wholesale,17.79,GHS,MoFA SRID
Goaso,Ahafo,Asunafo North Municipal,2025-07-27,Tomatoes (local),Wholesale,8.68,GHS,MoFA SRID
Goaso,Ahafo,Asunafo North Municipal,2025-07-27,Tomatoes (navrongo),Wholesale,11.92,GHS,MoFA SRID
Goaso,Ahafo,Asunafo North Municipal,2025-07-27,Yam (puna),Wholesale,7.72,GHS,MoFA SRID
Kintampo,Bono East,Kintampo North Municipal,2025-07-27,Cassava,Retail,2.41,GHS,MoFA SRID
Kintampo,Bono East,Kintampo North Municipal,2025-07-27,Cowpeas (white),Retail,13.55,GHS,MoFA SRID
Kintampo,Bono East,Kintampo North Municipal,2025-07-27,Cowpeas (white),Wholesale,9.52,GHS,MoFA SRID
Kintampo,Bono East,Kintampo North Municipal,2025-07-27,Eggplants,Retail,10.55,GHS,MoFA SRID
Kintampo,Bono East,Kintampo North Municipal,2025-07-27,Eggplants,Wholesale,9.69,GHS,MoFA SRID
Kintampo,Bono East,Kintampo North Municipal,2025-07-27,Gari,Retail,10.58,GHS,MoFA SRID
Kintampo,Bono East,Kintampo North Municipal,2025-07-27,Maize,Retail,7.6,GHS,MoFA SRID
Kintampo,Bono East,Kintampo North Municipal,2025-07-27,Maize,Wholesale,6.14,GHS,MoFA SRID
Kintampo,Bono East,Kintampo North Municipal,2025-07-27,Maize (yellow),Retail,7.55,GHS,MoFA SRID
Kintampo,Bono East,Kintampo North Municipal,2025-07-27,Maize (yellow),Wholesale,6.14,GHS,MoFA SRID
Kintampo,Bono East,Kintampo North Municipal,2025-07-27,Millet,Retail,11.92,GHS,MoFA SRID
Kintampo,Bono East,Kintampo North Municipal,2025-07-27,Millet,Wholesale,9.17,GHS,MoFA SRID
Kintampo,Bono East,Kintampo North Municipal,2025-07-27,Onions,Retail,15.02,GHS,MoFA SRID
Kintampo,Bono East,Kintampo North Municipal,2025-07-27,Onions,Wholesale,14.29,GHS,MoFA SRID
Kintampo,Bono East,Kintampo North Municipal,2025-07-27,Peppers (fresh),Retail,16.49,GHS,MoFA SRID
Kintampo,Bono East,Kintampo North Municipal,2025-07-27,Peppers (fresh),Wholesale,15.16,GHS,MoFA SRID
Kintampo,Bono East,Kintampo North Municipal,2025-07-27,Rice (local),Retail,12.6,GHS,MoFA SRID
Kintampo,Bono East,Kintampo North Municipal,2025-07-27,Sorghum,Retail,9.75,GHS,MoFA SRID
Kintampo,Bono East,Kintampo North Municipal,2025-07-27,Sorghum,Wholesale,7.5,GHS,MoFA SRID
Kintampo,Bono East,Kintampo North Municipal,2025-07-27,Soybeans,Retail,12.41,GHS,MoFA SRID
Kintampo,Bono East,Kintampo North Municipal,2025-07-27,Soybeans,Wholesale,10.0,GHS,MoFA SRID
Kintampo,Bono East,Kintampo North Municipal,2025-07-27,Tomatoes (local),Retail,11.96,GHS,MoFA SRID
Kintampo,Bono East,Kintampo North Municipal,2025-07-27,Tomatoes (local),Wholesale,10.71,GHS,MoFA SRID
Kintampo,Bono East,Kintampo North Municipal,2025-07-27,Yam,Retail,15.88,GHS,MoFA SRID
Tema Community One Main Market,Greater Accra,TMA-Tema East,2025-07-27,Cowpeas (white),Retail,25.0,GHS,MoFA SRID
Tema Community One Main Market,Greater Accra,TMA-Tema East,2025-07-27,Eggplants,Retail,61.11,GHS,MoFA SRID
Tema Community One Main Market,Greater Accra,TMA-Tema East,2025-07-27,Eggs,Retail,78.33,GHS,MoFA SRID
Tema Community One Main Market,Greater Accra,TMA-Tema East,2025-07-27,Gari,Retail,30.0,GHS,MoFA SRID
Tema Community One Main Market,Greater Accra,TMA-Tema East,2025-07-27,Maize,Retail,12.0,GHS,MoFA SRID
Tema Community One Main Market,Greater Accra,TMA-Tema East,2025-07-27,Maize (yellow),Retail,13.52,GHS,MoFA SRID
Tema Community One Main Market,Greater Accra,TMA-Tema East,2025-07-27,Meat (chicken),Retail,54.67,GHS,MoFA SRID
Tema Community One Main Market,Greater Accra,TMA-Tema East,2025-07-27,Millet,Retail,22.5,GHS,MoFA SRID
Tema Community One Main Market,Greater Accra,TMA-Tema East,2025-07-27,Onions,Retail,32.38,GHS,MoFA SRID
Tema Community One Main Market,Greater Accra,TMA-Tema East,2025-07-27,Peppers (dried),Retail,88.89,GHS,MoFA SRID
Tema Community One Main Market,Greater Accra,TMA-Tema East,2025-07-27,Peppers (fresh),Retail,45.14,GHS,MoFA SRID
Tema Community One Main Market,Greater Accra,TMA-Tema East,2025-07-27,Plantains (apem),Retail,108.33,GHS,MoFA SRID
Tema Community One Main Market,Greater Accra,TMA-Tema East,2025-07-27,Plantains (apentu),Retail,58.93,GHS,MoFA SRID
Tema Community One Main Market,Greater Accra,TMA-Tema East,2025-07-27,Rice (imported),Retail,22.67,GHS,MoFA SRID
Tema Community One Main Market,Greater Accra,TMA-Tema East,2025-07-27,Rice (local),Retail,24.67,GHS,MoFA SRID
Tema Community One Main Market,Greater Accra,TMA-Tema East,2025-07-27,Sorghum,Retail,21.0,GHS,MoFA SRID
Tema Community One Main Market,Greater Accra,TMA-Tema East,2025-07-27,Soybeans,Retail,21.33,GHS,MoFA SRID
Tema Community One Main Market,Greater Accra,TMA-Tema East,2025-07-27,Tomatoes (local),Retail,18.89,GHS,MoFA SRID
Tema Community One Main Market,Greater Accra,TMA-Tema East,2025-07-27,Tomatoes (navrongo),Retail,33.33,GHS,MoFA SRID
Tema Community One Main Market,Greater Accra,TMA-Tema East,2025-07-27,Yam,Retail,43.36,GHS,MoFA SRID
Tema Community One Main Market,Greater Accra,TMA-Tema East,2025-07-27,Yam (puna),Retail,68.65,GHS,MoFA SRID
Obuasi,Ashanti,Obuasi Municipal,2025-07-28,Cassava,Retail,3.34,GHS,MoFA SRID
Obuasi,Ashanti,Obuasi Municipal,2025-07-28,Eggplants,Retail,22.84,GHS,MoFA SRID
Obuasi,Ashanti,Obuasi Municipal,2025-07-28,Eggs,Retail,63.33,GHS,MoFA SRID
Obuasi,Ashanti,Obuasi Municipal,2025-07-28,Maize,Retail,10.97,GHS,MoFA SRID
Obuasi,Ashanti,Obuasi Municipal,2025-07-28,Maize (yellow),Retail,11.69,GHS,MoFA SRID
Obuasi,Ashanti,Obuasi Municipal,2025-07-28,Onions,Retail,17.65,GHS,MoFA SRID
Obuasi,Ashanti,Obuasi Municipal,2025-07-28,Peppers (fresh),Retail,25.0,GHS,MoFA SRID
Obuasi,Ashanti,Obuasi Municipal,2025-07-28,Rice (local),Retail,16.67,GHS,MoFA SRID
Obuasi,Ashanti,Obuasi Municipal,2025-07-28,Tomatoes (navrongo),Retail,26.37,GHS,MoFA SRID
Bibiani,Western North,Bibiani Anhwiaso Bekwai Municipal,2025-07-29,Cassava,Retail,6.74,GHS,MoFA SRID
Bibiani,Western North,Bibiani Anhwiaso Bekwai Municipal,2025-07-29,Cowpeas (white),Retail,12.9,GHS,MoFA SRID
Bibiani,Western North,Bibiani Anhwiaso Bekwai Municipal,2025-07-29,Cowpeas (white),Wholesale,18.55,GHS,MoFA SRID
Bibiani,Western North,Bibiani Anhwiaso Bekwai Municipal,2025-07-29,Eggplants,Retail,18.65,GHS,MoFA SRID
Bibiani,Western North,Bibiani Anhwiaso Bekwai Municipal,2025-07-29,Eggplants,Wholesale,19.68,GHS,MoFA SRID
Bibiani,Western North,Bibiani Anhwiaso Bekwai Municipal,2025-07-29,Eggs,Retail,65.0,GHS,MoFA SRID
Bibiani,Western North,Bibiani Anhwiaso Bekwai Municipal,2025-07-29,Gari,Retail,23.33,GHS,MoFA SRID
Bibiani,Western North,Bibiani Anhwiaso Bekwai Municipal,2025-07-29,Gari,Wholesale,16.67,GHS,MoFA SRID
Bibiani,Western North,Bibiani Anhwiaso Bekwai Municipal,2025-07-29,Maize,Retail,8.12,GHS,MoFA SRID
Bibiani,Western North,Bibiani Anhwiaso Bekwai Municipal,2025-07-29,Maize,Wholesale,6.86,GHS,MoFA SRID
Bibiani,Western North,Bibiani Anhwiaso Bekwai Municipal,2025-07-29,Maize (yellow),Retail,8.89,GHS,MoFA SRID
Bibiani,Western North,Bibiani Anhwiaso Bekwai Municipal,2025-07-29,Maize (yellow),Wholesale,7.64,GHS,MoFA SRID
Bibiani,Western North,Bibiani Anhwiaso Bekwai Municipal,2025-07-29,Meat (chicken),Wholesale,22.52,GHS,MoFA SRID
Bibiani,Western North,Bibiani Anhwiaso Bekwai Municipal,2025-07-29,Millet,Retail,26.94,GHS,MoFA SRID
Bibiani,Western North,Bibiani Anhwiaso Bekwai Municipal,2025-07-29,Millet,Wholesale,18.75,GHS,MoFA SRID
Bibiani,Western North,Bibiani Anhwiaso Bekwai Municipal,2025-07-29,Onions,Retail,36.58,GHS,MoFA SRID
Bibiani,Western North,Bibiani Anhwiaso Bekwai Municipal,2025-07-29,Onions,Wholesale,27.2,GHS,MoFA SRID
Bibiani,Western North,Bibiani Anhwiaso Bekwai Municipal,2025-07-29,Peppers (dried),Retail,23.67,GHS,MoFA SRID
Bibiani,Western North,Bibiani Anhwiaso Bekwai Municipal,2025-07-29,Peppers (dried),Wholesale,28.14,GHS,MoFA SRID
Bibiani,Western North,Bibiani Anhwiaso Bekwai Municipal,2025-07-29,Peppers (fresh),Retail,24.51,GHS,MoFA SRID
Bibiani,Western North,Bibiani Anhwiaso Bekwai Municipal,2025-07-29,Peppers (fresh),Wholesale,17.78,GHS,MoFA SRID
Bibiani,Western North,Bibiani Anhwiaso Bekwai Municipal,2025-07-29,Plantains (apem),Retail,28.97,GHS,MoFA SRID
Bibiani,Western North,Bibiani Anhwiaso Bekwai Municipal,2025-07-29,Plantains (apentu),Retail,27.78,GHS,MoFA SRID
Bibiani,Western North,Bibiani Anhwiaso Bekwai Municipal,2025-07-29,Plantains (apentu),Wholesale,10.62,GHS,MoFA SRID
Bibiani,Western North,Bibiani Anhwiaso Bekwai Municipal,2025-07-29,Rice (imported),Retail,21.55,GHS,MoFA SRID
Bibiani,Western North,Bibiani Anhwiaso Bekwai Municipal,2025-07-29,Rice (imported),Wholesale,16.08,GHS,MoFA SRID
Bibiani,Western North,Bibiani Anhwiaso Bekwai Municipal,2025-07-29,Rice (local),Retail,19.92,GHS,MoFA SRID
Bibiani,Western North,Bibiani Anhwiaso Bekwai Municipal,2025-07-29,Rice (local),Wholesale,15.57,GHS,MoFA SRID
Bibiani,Western North,Bibiani Anhwiaso Bekwai Municipal,2025-07-29,Soybeans,Retail,25.5,GHS,MoFA SRID
Bibiani,Western North,Bibiani Anhwiaso Bekwai Municipal,2025-07-29,Soybeans,Wholesale,27.44,GHS,MoFA SRID
Bibiani,Western North,Bibiani Anhwiaso Bekwai Municipal,2025-07-29,Tomatoes (local),Retail,15.22,GHS,MoFA SRID
Bibiani,Western North,Bibiani Anhwiaso Bekwai Municipal,2025-07-29,Tomatoes (local),Wholesale,20.57,GHS,MoFA SRID
Bibiani,Western North,Bibiani Anhwiaso Bekwai Municipal,2025-07-29,Tomatoes (navrongo),Retail,34.78,GHS,MoFA SRID
Bibiani,Western North,Bibiani Anhwiaso Bekwai Municipal,2025-07-29,Tomatoes (navrongo),Wholesale,39.44,GHS,MoFA SRID
Bibiani,Western North,Bibiani Anhwiaso Bekwai Municipal,2025-07-29,Yam,Retail,10.59,GHS,MoFA SRID
Bibiani,Western North,Bibiani Anhwiaso Bekwai Municipal,2025-07-29,Yam,Wholesale,21.17,GHS,MoFA SRID
Bibiani,Western North,Bibiani Anhwiaso Bekwai Municipal,2025-07-29,Yam (puna),Retail,12.12,GHS,MoFA SRID
Bibiani,Western North,Bibiani Anhwiaso Bekwai Municipal,2025-07-29,Yam (puna),Wholesale,33.03,GHS,MoFA SRID
Koforidua,Eastern,New Juaben South Municipal,2025-07-30,Cassava,Retail,4.72,GHS,MoFA SRID
Koforidua,Eastern,New Juaben South Municipal,2025-07-30,Cassava,Wholesale,5.0,GHS,MoFA SRID
Koforidua,Eastern,New Juaben South Municipal,2025-07-30,Maize (yellow),Retail,8.33,GHS,MoFA SRID
Koforidua,Eastern,New Juaben South Municipal,2025-07-30,Maize (yellow),Wholesale,8.33,GHS,MoFA SRID
Koforidua,Eastern,New Juaben South Municipal,2025-07-30,Onions,Wholesale,25.0,GHS,MoFA SRID
Koforidua,Eastern,New Juaben South Municipal,2025-07-30,Peppers (fresh),Wholesale,17.65,GHS,MoFA SRID
Koforidua,Eastern,New Juaben South Municipal,2025-07-30,Plantains (apem),Retail,15.38,GHS,MoFA SRID
Koforidua,Eastern,New Juaben South Municipal,2025-07-30,Plantains (apentu),Retail,11.11,GHS,MoFA SRID
Koforidua,Eastern,New Juaben South Municipal,2025-07-30,Plantains (apentu),Wholesale,17.7,GHS,MoFA SRID
Koforidua,Eastern,New Juaben South Municipal,2025-07-30,Tomatoes (local),Wholesale,29.41,GHS,MoFA SRID
Koforidua,Eastern,New Juaben South Municipal,2025-07-30,Yam (puna),Wholesale,12.5,GHS,MoFA SRID
Mankessim,Central,Mfantsiman Municipal,2025-07-30,Cassava,Retail,5.98,GHS,MoFA SRID
Mankessim,Central,Mfantsiman Municipal,2025-07-30,Cowpeas (white),Retail,18.53,GHS,MoFA SRID
Mankessim,Central,Mfantsiman Municipal,2025-07-30,Eggplants,Retail,22.92,GHS,MoFA SRID
Mankessim,Central,Mfantsiman Municipal,2025-07-30,Eggs,Retail,65.0,GHS,MoFA SRID
Mankessim,Central,Mfantsiman Municipal,2025-07-30,Gari,Retail,14.23,GHS,MoFA SRID
Mankessim,Central,Mfantsiman Municipal,2025-07-30,Maize,Retail,7.28,GHS,MoFA SRID
Mankessim,Central,Mfantsiman Municipal,2025-07-30,Maize (yellow),Retail,7.94,GHS,MoFA SRID
Mankessim,Central,Mfantsiman Municipal,2025-07-30,Meat (chicken),Retail,42.67,GHS,MoFA SRID
Mankessim,Central,Mfantsiman Municipal,2025-07-30,Millet,Retail,20.78,GHS,MoFA SRID
Mankessim,Central,Mfantsiman Municipal,2025-07-30,Onions,Retail,12.96,GHS,MoFA SRID
Mankessim,Central,Mfantsiman Municipal,2025-07-30,Peppers (dried),Retail,131.97,GHS,MoFA SRID
Mankessim,Central,Mfantsiman Municipal,2025-07-30,Peppers (fresh),Retail,76.25,GHS,MoFA SRID
Mankessim,Central,Mfantsiman Municipal,2025-07-30,Plantains (apem),Retail,21.51,GHS,MoFA SRID
Mankessim,Central,Mfantsiman Municipal,2025-07-30,Plantains (apentu),Retail,19.66,GHS,MoFA SRID
Mankessim,Central,Mfantsiman Municipal,2025-07-30,Rice (imported),Retail,15.64,GHS,MoFA SRID
Mankessim,Central,Mfantsiman Municipal,2025-07-30,Rice (local),Retail,16.65,GHS,MoFA SRID
Mankessim,Central,Mfantsiman Municipal,2025-07-30,Soybeans,Retail,19.02,GHS,MoFA SRID
Mankessim,Central,Mfantsiman Municipal,2025-07-30,Tomatoes (local),Retail,13.06,GHS,MoFA SRID
Mankessim,Central,Mfantsiman Municipal,2025-07-30,Yam,Retail,18.88,GHS,MoFA SRID
Mankessim,Central,Mfantsiman Municipal,2025-07-30,Yam (puna),Retail,21.29,GHS,MoFA SRID
Nana Bosomah,Bono,Sunyani Municipal,2025-07-30,Cassava,Retail,3.64,GHS,MoFA SRID
Nana Bosomah,Bono,Sunyani Municipal,2025-07-30,Cassava,Wholesale,1.5,GHS,MoFA SRID
Nana Bosomah,Bono,Sunyani Municipal,2025-07-30,Eggplants,Retail,10.14,GHS,MoFA SRID
Nana Bosomah,Bono,Sunyani Municipal,2025-07-30,Gari,Retail,12.21,GHS,MoFA SRID
Nana Bosomah,Bono,Sunyani Municipal,2025-07-30,Gari,Wholesale,10.0,GHS,MoFA SRID
Nana Bosomah,Bono,Sunyani Municipal,2025-07-30,Maize,Retail,7.55,GHS,MoFA SRID
Nana Bosomah,Bono,Sunyani Municipal,2025-07-30,Maize,Wholesale,6.15,GHS,MoFA SRID
Nana Bosomah,Bono,Sunyani Municipal,2025-07-30,Maize (yellow),Retail,7.55,GHS,MoFA SRID
Nana Bosomah,Bono,Sunyani Municipal,2025-07-30,Maize (yellow),Wholesale,6.15,GHS,MoFA SRID
Nana Bosomah,Bono,Sunyani Municipal,2025-07-30,Millet,Retail,12.0,GHS,MoFA SRID
Nana Bosomah,Bono,Sunyani Municipal,2025-07-30,Onions,Retail,15.63,GHS,MoFA SRID
Nana Bosomah,Bono,Sunyani Municipal,2025-07-30,Peppers (dried),Retail,133.33,GHS,MoFA SRID
Nana Bosomah,Bono,Sunyani Municipal,2025-07-30,Peppers (fresh),Retail,25.0,GHS,MoFA SRID
Nana Bosomah,Bono,Sunyani Municipal,2025-07-30,Plantains (apem),Retail,50.0,GHS,MoFA SRID
Nana Bosomah,Bono,Sunyani Municipal,2025-07-30,Plantains (apem),Wholesale,14.1,GHS,MoFA SRID
Nana Bosomah,Bono,Sunyani Municipal,2025-07-30,Plantains (apentu),Retail,40.0,GHS,MoFA SRID
Nana Bosomah,Bono,Sunyani Municipal,2025-07-30,Plantains (apentu),Wholesale,17.77,GHS,MoFA SRID
Nana Bosomah,Bono,Sunyani Municipal,2025-07-30,Rice (imported),Retail,20.66,GHS,MoFA SRID
Nana Bosomah,Bono,Sunyani Municipal,2025-07-30,Rice (imported),Wholesale,17.55,GHS,MoFA SRID
Nana Bosomah,Bono,Sunyani Municipal,2025-07-30,Rice (local),Retail,14.44,GHS,MoFA SRID
Nana Bosomah,Bono,Sunyani Municipal,2025-07-30,Rice (local),Wholesale,11.47,GHS,MoFA SRID
Nana Bosomah,Bono,Sunyani Municipal,2025-07-30,Sorghum,Retail,11.36,GHS,MoFA SRID
Nana Bosomah,Bono,Sunyani Municipal,2025-07-30,Tomatoes (local),Retail,10.42,GHS,MoFA SRID
Nana Bosomah,Bono,Sunyani Municipal,2025-07-30,Tomatoes (local),Wholesale,5.77,GHS,MoFA SRID
Nana Bosomah,Bono,Sunyani Municipal,2025-07-30,Tomatoes (navrongo),Retail,15.31,GHS,MoFA SRID
Obuasi,Ashanti,Obuasi Municipal,2025-07-30,Cowpeas (white),Retail,18.08,GHS,MoFA SRID
Obuasi,Ashanti,Obuasi Municipal,2025-07-30,Plantains (apentu),Retail,12.05,GHS,MoFA SRID
Techiman,Bono East,Techiman Municipal,2025-07-30,Cassava,Retail,2.79,GHS,MoFA SRID
Techiman,Bono East,Techiman Municipal,2025-07-30,Cowpeas (white),Retail,18.3,GHS,MoFA SRID
Techiman,Bono East,Techiman Municipal,2025-07-30,Eggplants,Retail,20.13,GHS,MoFA SRID
Techiman,Bono East,Techiman Municipal,2025-07-30,Eggs,Retail,64.0,GHS,MoFA SRID
Techiman,Bono East,Techiman Municipal,2025-07-30,Gari,Retail,12.3,GHS,MoFA SRID
Techiman,Bono East,Techiman Municipal,2025-07-30,Maize,Retail,7.53,GHS,MoFA SRID
Techiman,Bono East,Techiman Municipal,2025-07-30,Maize (yellow),Retail,7.81,GHS,MoFA SRID
Techiman,Bono East,Techiman Municipal,2025-07-30,Meat (chicken),Retail,50.0,GHS,MoFA SRID
Techiman,Bono East,Techiman Municipal,2025-07-30,Millet,Retail,12.01,GHS,MoFA SRID
Techiman,Bono East,Techiman Municipal,2025-07-30,Onions,Retail,17.17,GHS,MoFA SRID
Techiman,Bono East,Techiman Municipal,2025-07-30,Peppers (dried),Retail,125.0,GHS,MoFA SRID
Techiman,Bono East,Techiman Municipal,2025-07-30,Peppers (fresh),Retail,11.67,GHS,MoFA SRID
Techiman,Bono East,Techiman Municipal,2025-07-30,Plantains (apem),Retail,21.48,GHS,MoFA SRID
Techiman,Bono East,Techiman Municipal,2025-07-30,Plantains (apentu),Retail,17.78,GHS,MoFA SRID
Techiman,Bono East,Techiman Municipal,2025-07-30,Rice (imported),Retail,19.15,GHS,MoFA SRID
Techiman,Bono East,Techiman Municipal,2025-07-30,Rice (local),Retail,11.49,GHS,MoFA SRID
Techiman,Bono East,Techiman Municipal,2025-07-30,Sorghum,Retail,9.15,GHS,MoFA SRID
Techiman,Bono East,Techiman Municipal,2025-07-30,Soybeans,Retail,9.38,GHS,MoFA SRID
Techiman,Bono East,Techiman Municipal,2025-07-30,Tomatoes (local),Retail,11.03,GHS,MoFA SRID
Techiman,Bono East,Techiman Municipal,2025-07-30,Yam (puna),Retail,13.58,GHS,MoFA SRID
Goaso,Ahafo,Asunafo North Municipal,2025-07-31,Cassava,Retail,4.42,GHS,MoFA SRID
Goaso,Ahafo,Asunafo North Municipal,2025-07-31,Cowpeas (white),Retail,15.67,GHS,MoFA SRID
Goaso,Ahafo,Asunafo North Municipal,2025-07-31,Cowpeas (white),Wholesale,15.46,GHS,MoFA SRID
Goaso,Ahafo,Asunafo North Municipal,2025-07-31,Eggplants,Retail,9.44,GHS,MoFA SRID
Goaso,Ahafo,Asunafo North Municipal,2025-07-31,Eggplants,Wholesale,7.32,GHS,MoFA SRID
Goaso,Ahafo,Asunafo North Municipal,2025-07-31,Eggs,Retail,60.0,GHS,MoFA SRID
Goaso,Ahafo,Asunafo North Municipal,2025-07-31,Eggs,Wholesale,50.0,GHS,MoFA SRID
Goaso,Ahafo,Asunafo North Municipal,2025-07-31,Gari,Retail,11.67,GHS,MoFA SRID
Goaso,Ahafo,Asunafo North Municipal,2025-07-31,Gari,Wholesale,13.06,GHS,MoFA SRID
Goaso,Ahafo,Asunafo North Municipal,2025-07-31,Maize,Retail,7.35,GHS,MoFA SRID
Goaso,Ahafo,Asunafo North Municipal,2025-07-31,Maize,Wholesale,8.14,GHS,MoFA SRID
Goaso,Ahafo,Asunafo North Municipal,2025-07-31,Maize (yellow),Retail,7.35,GHS,MoFA SRID
Goaso,Ahafo,Asunafo North Municipal,2025-07-31,Maize (yellow),Wholesale,11.06,GHS,MoFA SRID
Goaso,Ahafo,Asunafo North Municipal,2025-07-31,Millet,Retail,15.17,GHS,MoFA SRID
Goaso,Ahafo,Asunafo North Municipal,2025-07-31,Millet,Wholesale,13.82,GHS,MoFA SRID
Goaso,Ahafo,Asunafo North Municipal,2025-07-31,Peppers (fresh),Retail,18.06,GHS,MoFA SRID
Goaso,Ahafo,Asunafo North Municipal,2025-07-31,Peppers (fresh),Wholesale,13.48,GHS,MoFA SRID
Goaso,Ahafo,Asunafo North Municipal,2025-07-31,Plantains (apentu),Retail,10.55,GHS,MoFA SRID
Goaso,Ahafo,Asunafo North Municipal,2025-07-31,Plantains (apentu),Wholesale,10.98,GHS,MoFA SRID
Goaso,Ahafo,Asunafo North Municipal,2025-07-31,Rice (local),Retail,15.33,GHS,MoFA SRID
Goaso,Ahafo,Asunafo North Municipal,2025-07-31,Sorghum,Retail,13.0,GHS,MoFA SRID
Goaso,Ahafo,Asunafo North Municipal,2025-07-31,Sorghum,Wholesale,12.33,GHS,MoFA SRID
Goaso,Ahafo,Asunafo North Municipal,2025-07-31,Tomatoes (local),Retail,6.28,GHS,MoFA SRID
Goaso,Ahafo,Asunafo North Municipal,2025-07-31,Tomatoes (local),Wholesale,8.7,GHS,MoFA SRID
Goaso,Ahafo,Asunafo North Municipal,2025-07-31,Tomatoes (navrongo),Retail,7.9,GHS,MoFA SRID
Goaso,Ahafo,Asunafo North Municipal,2025-07-31,Tomatoes (navrongo),Wholesale,11.21,GHS,MoFA SRID
Goaso,Ahafo,Asunafo North Municipal,2025-07-31,Yam (puna),Retail,8.16,GHS,MoFA SRID
Goaso,Ahafo,Asunafo North Municipal,2025-07-31,Yam (puna),Wholesale,8.36,GHS,MoFA SRID
Obuasi,Ashanti,Obuasi Municipal,2025-07-31,Millet,Retail,15.19,GHS,MoFA SRID
Obuasi,Ashanti,Obuasi Municipal,2025-07-31,Soybeans,Retail,16.91,GHS,MoFA SRID
Agbogbloshie,Greater Accra,AMA-Okaikoi South,2025-08-01,Eggplants,Retail,13.89,GHS,MoFA SRID
Agbogbloshie,Greater Accra,AMA-Okaikoi South,2025-08-01,Eggs,Retail,63.33,GHS,MoFA SRID
Agbogbloshie,Greater Accra,AMA-Okaikoi South,2025-08-01,Gari,Retail,13.04,GHS,MoFA SRID
Agbogbloshie,Greater Accra,AMA-Okaikoi South,2025-08-01,Maize,Retail,11.07,GHS,MoFA SRID
Agbogbloshie,Greater Accra,AMA-Okaikoi South,2025-08-01,Maize (yellow),Retail,12.67,GHS,MoFA SRID
Agbogbloshie,Greater Accra,AMA-Okaikoi South,2025-08-01,Millet,Retail,18.0,GHS,MoFA SRID
Agbogbloshie,Greater Accra,AMA-Okaikoi South,2025-08-01,Onions,Retail,14.16,GHS,MoFA SRID
Agbogbloshie,Greater Accra,AMA-Okaikoi South,2025-08-01,Peppers (fresh),Retail,16.67,GHS,MoFA SRID
Agbogbloshie,Greater Accra,AMA-Okaikoi South,2025-08-01,Plantains (apentu),Retail,48.89,GHS,MoFA SRID
Agbogbloshie,Greater Accra,AMA-Okaikoi South,2025-08-01,Rice (imported),Retail,16.25,GHS,MoFA SRID
Agbogbloshie,Greater Accra,AMA-Okaikoi South,2025-08-01,Rice (local),Retail,16.67,GHS,MoFA SRID
Agbogbloshie,Greater Accra,AMA-Okaikoi South,2025-08-01,Sorghum,Retail,10.87,GHS,MoFA SRID
Agbogbloshie,Greater Accra,AMA-Okaikoi South,2025-08-01,Tomatoes (local),Retail,14.57,GHS,MoFA SRID
Agbogbloshie,Greater Accra,AMA-Okaikoi South,2025-08-01,Tomatoes (navrongo),Retail,18.33,GHS,MoFA SRID
Wa,Upper West,Wa Municipal,2025-08-01,Cowpeas (white),Retail,17.33,GHS,MoFA SRID
Wa,Upper West,Wa Municipal,2025-08-01,Eggplants,Retail,12.5,GHS,MoFA SRID
Wa,Upper West,Wa Municipal,2025-08-01,Eggs,Retail,75.0,GHS,MoFA SRID
Wa,Upper West,Wa Municipal,2025-08-01,Gari,Retail,10.84,GHS,MoFA SRID
Wa,Upper West,Wa Municipal,2025-08-01,Maize,Retail,7.41,GHS,MoFA SRID
Wa,Upper West,Wa Municipal,2025-08-01,Maize (yellow),Retail,7.41,GHS,MoFA SRID
Wa,Upper West,Wa Municipal,2025-08-01,Meat (chicken),Retail,20.23,GHS,MoFA SRID
Wa,Upper West,Wa Municipal,2025-08-01,Millet,Retail,10.62,GHS,MoFA SRID
Wa,Upper West,Wa Municipal,2025-08-01,Onions,Retail,125.0,GHS,MoFA SRID
Wa,Upper West,Wa Municipal,2025-08-01,Peppers (dried),Retail,69.23,GHS,MoFA SRID
Wa,Upper West,Wa Municipal,2025-08-01,Peppers (fresh),Retail,33.33,GHS,MoFA SRID
Wa,Upper West,Wa Municipal,2025-08-01,Rice (imported),Retail,16.66,GHS,MoFA SRID
Wa,Upper West,Wa Municipal,2025-08-01,Rice (local),Retail,10.18,GHS,MoFA SRID
Wa,Upper West,Wa Municipal,2025-08-01,Sorghum,Retail,8.09,GHS,MoFA SRID
Wa,Upper West,Wa Municipal,2025-08-01,Soybeans,Retail,11.4,GHS,MoFA SRID
Wa,Upper West,Wa Municipal,2025-08-01,Tomatoes (local),Retail,23.33,GHS,MoFA SRID
Wa,Upper West,Wa Municipal,2025-08-01,Tomatoes (navrongo),Retail,37.04,GHS,MoFA SRID
Wa,Upper West,Wa Municipal,2025-08-01,Yam,Retail,24.14,GHS,MoFA SRID
Wa,Upper West,Wa Municipal,2025-08-01,Yam (puna),Retail,28.57,GHS,MoFA SRID
Bolga,Upper East,Bolgatanga Municipal,2025-08-02,Cowpeas (white),Retail,11.4,GHS,MoFA SRID
Bolga,Upper East,Bolgatanga Municipal,2025-08-02,Eggs,Retail,65.0,GHS,MoFA SRID
Bolga,Upper East,Bolgatanga Municipal,2025-08-02,Gari,Retail,10.89,GHS,MoFA SRID
Bolga,Upper East,Bolgatanga Municipal,2025-08-02,Maize,Retail,5.29,GHS,MoFA SRID
Bolga,Upper East,Bolgatanga Municipal,2025-08-02,Maize (yellow),Retail,5.29,GHS,MoFA SRID
Bolga,Upper East,Bolgatanga Municipal,2025-08-02,Meat (chicken),Retail,110.0,GHS,MoFA SRID
Bolga,Upper East,Bolgatanga Municipal,2025-08-02,Millet,Retail,10.34,GHS,MoFA SRID
Bolga,Upper East,Bolgatanga Municipal,2025-08-02,Plantains (apem),Retail,12.63,GHS,MoFA SRID
Bolga,Upper East,Bolgatanga Municipal,2025-08-02,Plantains (apentu),Retail,7.64,GHS,MoFA SRID
Bolga,Upper East,Bolgatanga Municipal,2025-08-02,Rice (imported),Retail,13.57,GHS,MoFA SRID
Bolga,Upper East,Bolgatanga Municipal,2025-08-02,Rice (local),Retail,10.52,GHS,MoFA SRID
Bolga,Upper East,Bolgatanga Municipal,2025-08-02,Sorghum,Retail,7.24,GHS,MoFA SRID
Bolga,Upper East,Bolgatanga Municipal,2025-08-02,Soybeans,Retail,8.55,GHS,MoFA SRID
Bolga,Upper East,Bolgatanga Municipal,2025-08-02,Tomatoes (navrongo),Retail,6.13,GHS,MoFA SRID
Bolga,Upper East,Bolgatanga Municipal,2025-08-02,Yam,Retail,5.04,GHS,MoFA SRID
Bolga,Upper East,Bolgatanga Municipal,2025-08-02,Yam (puna),Retail,4.33,GHS,MoFA SRID
Kintampo,Bono East,Kintampo North Municipal,2025-08-04,Cassava,Wholesale,7.86,GHS,MoFA SRID
Kintampo,Bono East,Kintampo North Municipal,2025-08-04,Cowpeas (white),Wholesale,12.68,GHS,MoFA SRID
Kintampo,Bono East,Kintampo North Municipal,2025-08-04,Eggplants,Wholesale,14.66,GHS,MoFA SRID
Kintampo,Bono East,Kintampo North Municipal,2025-08-04,Gari,Wholesale,8.22,GHS,MoFA SRID
Kintampo,Bono East,Kintampo North Municipal,2025-08-04,Maize,Wholesale,6.31,GHS,MoFA SRID
Kintampo,Bono East,Kintampo North Municipal,2025-08-04,Maize (yellow),Wholesale,6.34,GHS,MoFA SRID
Kintampo,Bono East,Kintampo North Municipal,2025-08-04,Millet,Wholesale,7.48,GHS,MoFA SRID
Kintampo,Bono East,Kintampo North Municipal,2025-08-04,Onions,Wholesale,10.72,GHS,MoFA SRID
Kintampo,Bono East,Kintampo North Municipal,2025-08-04,Peppers (dried),Wholesale,99.54,GHS,MoFA SRID
Kintampo,Bono East,Kintampo North Municipal,2025-08-04,Peppers (fresh),Wholesale,14.47,GHS,MoFA SRID
Kintampo,Bono East,Kintampo North Municipal,2025-08-04,Plantains (apem),Wholesale,35.59,GHS,MoFA SRID
Kintampo,Bono East,Kintampo North Municipal,2025-08-04,Plantains (apentu),Wholesale,32.26,GHS,MoFA SRID
Kintampo,Bono East,Kintampo North Municipal,2025-08-04,Rice (imported),Wholesale,15.87,GHS,MoFA SRID
Kintampo,Bono East,Kintampo North Municipal,2025-08-04,Rice (local),Wholesale,11.67,GHS,MoFA SRID
Kintampo,Bono East,Kintampo North Municipal,2025-08-04,Sorghum,Wholesale,8.14,GHS,MoFA SRID
Kintampo,Bono East,Kintampo North Municipal,2025-08-04,Tomatoes (navrongo),Wholesale,21.56,GHS,MoFA SRID
Kintampo,Bono East,Kintampo North Municipal,2025-08-04,Yam,Wholesale,7.18,GHS,MoFA SRID
Kintampo,Bono East,Kintampo North Municipal,2025-08-04,Yam (puna),Wholesale,9.4,GHS,MoFA SRID
Nana Bosomah,Bono,Sunyani Municipal,2025-08-04,Cowpeas (white),Retail,16.67,GHS,MoFA SRID
Nana Bosomah,Bono,Sunyani Municipal,2025-08-04,Soybeans,Retail,12.5,GHS,MoFA SRID
Techiman,Bono East,Techiman Municipal,2025-08-04,Cassava,Wholesale,1.74,GHS,MoFA SRID
Techiman,Bono East,Techiman Municipal,2025-08-04,Cowpeas (white),Wholesale,17.57,GHS,MoFA SRID
Techiman,Bono East,Techiman Municipal,2025-08-04,Eggplants,Wholesale,14.77,GHS,MoFA SRID
Techiman,Bono East,Techiman Municipal,2025-08-04,Eggs,Wholesale,59.67,GHS,MoFA SRID
Techiman,Bono East,Techiman Municipal,2025-08-04,Gari,Wholesale,11.17,GHS,MoFA SRID
Techiman,Bono East,Techiman Municipal,2025-08-04,Maize,Wholesale,6.54,GHS,MoFA SRID
Techiman,Bono East,Techiman Municipal,2025-08-04,Maize (yellow),Wholesale,6.92,GHS,MoFA SRID
Techiman,Bono East,Techiman Municipal,2025-08-04,Meat (chicken),Wholesale,42.67,GHS,MoFA SRID
Techiman,Bono East,Techiman Municipal,2025-08-04,Millet,Wholesale,11.06,GHS,MoFA SRID
Techiman,Bono East,Techiman Municipal,2025-08-04,Onions,Wholesale,15.05,GHS,MoFA SRID
Techiman,Bono East,Techiman Municipal,2025-08-04,Peppers (dried),Wholesale,112.62,GHS,MoFA SRID
Techiman,Bono East,Techiman Municipal,2025-08-04,Peppers (fresh),Wholesale,10.06,GHS,MoFA SRID
Techiman,Bono East,Techiman Municipal,2025-08-04,Plantains (apem),Wholesale,17.78,GHS,MoFA SRID
Techiman,Bono East,Techiman Municipal,2025-08-04,Plantains (apentu),Wholesale,15.41,GHS,MoFA SRID
Techiman,Bono East,Techiman Municipal,2025-08-04,Rice (imported),Wholesale,16.7,GHS,MoFA SRID
Techiman,Bono East,Techiman Municipal,2025-08-04,Rice (local),Wholesale,10.5,GHS,MoFA SRID
Techiman,Bono East,Techiman Municipal,2025-08-04,Sorghum,Wholesale,8.64,GHS,MoFA SRID
Techiman,Bono East,Techiman Municipal,2025-08-04,Soybeans,Wholesale,8.65,GHS,MoFA SRID
Techiman,Bono East,Techiman Municipal,2025-08-04,Tomatoes (local),Wholesale,9.33,GHS,MoFA SRID
Techiman,Bono East,Techiman Municipal,2025-08-04,Yam (puna),Wholesale,10.53,GHS,MoFA SRID
Tuesday Market,Greater Accra,AMA-Okaikoi South,2025-08-04,Eggplants,Retail,23.33,GHS,MoFA SRID
Tuesday Market,Greater Accra,AMA-Okaikoi South,2025-08-04,Eggs,Retail,65.0,GHS,MoFA SRID
Tuesday Market,Greater Accra,AMA-Okaikoi South,2025-08-04,Gari,Retail,12.5,GHS,MoFA SRID
Tuesday Market,Greater Accra,AMA-Okaikoi South,2025-08-04,Maize,Retail,12.0,GHS,MoFA SRID
Tuesday Market,Greater Accra,AMA-Okaikoi South,2025-08-04,Maize (yellow),Retail,14.0,GHS,MoFA SRID
Tuesday Market,Greater Accra,AMA-Okaikoi South,2025-08-04,Millet,Retail,17.36,GHS,MoFA SRID
Tuesday Market,Greater Accra,AMA-Okaikoi South,2025-08-04,Onions,Retail,15.96,GHS,MoFA SRID
Tuesday Market,Greater Accra,AMA-Okaikoi South,2025-08-04,Peppers (fresh),Retail,22.22,GHS,MoFA SRID
Tuesday Market,Greater Accra,AMA-Okaikoi South,2025-08-04,Plantains (apem),Retail,28.89,GHS,MoFA SRID
Tuesday Market,Greater Accra,AMA-Okaikoi South,2025-08-04,Plantains (apentu),Retail,33.33,GHS,MoFA SRID
Tuesday Market,Greater Accra,AMA-Okaikoi South,2025-08-04,Rice (imported),Retail,18.0,GHS,MoFA SRID
Tuesday Market,Greater Accra,AMA-Okaikoi South,2025-08-04,Rice (local),Retail,16.0,GHS,MoFA SRID
Tuesday Market,Greater Accra,AMA-Okaikoi South,2025-08-04,Sorghum,Retail,12.5,GHS,MoFA SRID
Tuesday Market,Greater Accra,AMA-Okaikoi South,2025-08-04,Tomatoes (local),Retail,11.43,GHS,MoFA SRID
Tuesday Market,Greater Accra,AMA-Okaikoi South,2025-08-04,Tomatoes (navrongo),Retail,13.64,GHS,MoFA SRID
Kintampo,Bono East,Kintampo North Municipal,2025-08-05,Cassava,Retail,5.44,GHS,MoFA SRID
Kintampo,Bono East,Kintampo North Municipal,2025-08-05,Cowpeas (white),Retail,13.65,GHS,MoFA SRID
Kintampo,Bono East,Kintampo North Municipal,2025-08-05,Eggplants,Retail,21.97,GHS,MoFA SRID
Kintampo,Bono East,Kintampo North Municipal,2025-08-05,Gari,Retail,8.73,GHS,MoFA SRID
Kintampo,Bono East,Kintampo North Municipal,2025-08-05,Maize,Retail,7.35,GHS,MoFA SRID
Kintampo,Bono East,Kintampo North Municipal,2025-08-05,Maize (yellow),Retail,7.12,GHS,MoFA SRID
Kintampo,Bono East,Kintampo North Municipal,2025-08-05,Millet,Retail,12.19,GHS,MoFA SRID
Kintampo,Bono East,Kintampo North Municipal,2025-08-05,Onions,Retail,17.3,GHS,MoFA SRID
Kintampo,Bono East,Kintampo North Municipal,2025-08-05,Peppers (dried),Retail,102.78,GHS,MoFA SRID
Kintampo,Bono East,Kintampo North Municipal,2025-08-05,Peppers (fresh),Retail,46.67,GHS,MoFA SRID
Kintampo,Bono East,Kintampo North Municipal,2025-08-05,Plantains (apem),Retail,28.38,GHS,MoFA SRID
Kintampo,Bono East,Kintampo North Municipal,2025-08-05,Plantains (apentu),Retail,25.39,GHS,MoFA SRID
Kintampo,Bono East,Kintampo North Municipal,2025-08-05,Rice (imported),Retail,11.28,GHS,MoFA SRID
Kintampo,Bono East,Kintampo North Municipal,2025-08-05,Rice (local),Retail,15.12,GHS,MoFA SRID
Kintampo,Bono East,Kintampo North Municipal,2025-08-05,Sorghum,Retail,9.09,GHS,MoFA SRID
Kintampo,Bono East,Kintampo North Municipal,2025-08-05,Tomatoes (local),Retail,18.06,GHS,MoFA SRID
Kintampo,Bono East,Kintampo North Municipal,2025-08-05,Yam,Retail,8.61,GHS,MoFA SRID
Kintampo,Bono East,Kintampo North Municipal,2025-08-05,Yam (puna),Retail,14.45,GHS,MoFA SRID
Nkwanta,Oti,Nkwanta South Municipal,2025-08-05,Cassava,Retail,8.67,GHS,MoFA SRID
Nkwanta,Oti,Nkwanta South Municipal,2025-08-05,Cowpeas (white),Retail,19.75,GHS,MoFA SRID
Nkwanta,Oti,Nkwanta South Municipal,2025-08-05,Eggplants,Retail,10.83,GHS,MoFA SRID
Nkwanta,Oti,Nkwanta South Municipal,2025-08-05,Eggs,Retail,70.0,GHS,MoFA SRID
Nkwanta,Oti,Nkwanta South Municipal,2025-08-05,Gari,Retail,10.87,GHS,MoFA SRID
Nkwanta,Oti,Nkwanta South Municipal,2025-08-05,Maize,Retail,7.75,GHS,MoFA SRID
Nkwanta,Oti,Nkwanta South Municipal,2025-08-05,Maize (yellow),Retail,8.56,GHS,MoFA SRID
Nkwanta,Oti,Nkwanta South Municipal,2025-08-05,Meat (chicken),Retail,62.5,GHS,MoFA SRID
Nkwanta,Oti,Nkwanta South Municipal,2025-08-05,Millet,Retail,12.17,GHS,MoFA SRID
Nkwanta,Oti,Nkwanta South Municipal,2025-08-05,Onions,Retail,55.56,GHS,MoFA SRID
Nkwanta,Oti,Nkwanta South Municipal,2025-08-05,Peppers (dried),Retail,100.0,GHS,MoFA SRID
Nkwanta,Oti,Nkwanta South Municipal,2025-08-05,Peppers (fresh),Retail,10.0,GHS,MoFA SRID
Nkwanta,Oti,Nkwanta South Municipal,2025-08-05,Plantains (apem),Retail,9.23,GHS,MoFA SRID
Nkwanta,Oti,Nkwanta South Municipal,2025-08-05,Plantains (apentu),Retail,16.36,GHS,MoFA SRID
Nkwanta,Oti,Nkwanta South Municipal,2025-08-05,Rice (imported),Retail,22.0,GHS,MoFA SRID
Nkwanta,Oti,Nkwanta South Municipal,2025-08-05,Rice (local),Retail,12.02,GHS,MoFA SRID
Nkwanta,Oti,Nkwanta South Municipal,2025-08-05,Sorghum,Retail,9.26,GHS,MoFA SRID
Nkwanta,Oti,Nkwanta South Municipal,2025-08-05,Soybeans,Retail,9.26,GHS,MoFA SRID
Nkwanta,Oti,Nkwanta South Municipal,2025-08-05,Tomatoes (local),Retail,10.0,GHS,MoFA SRID
Nkwanta,Oti,Nkwanta South Municipal,2025-08-05,Tomatoes (navrongo),Retail,18.33,GHS,MoFA SRID
Nkwanta,Oti,Nkwanta South Municipal,2025-08-05,Yam (puna),Retail,15.28,GHS,MoFA SRID
Wa,Upper West,Wa Municipal,2025-08-05,Cowpeas (white),Wholesale,15.33,GHS,MoFA SRID
Wa,Upper West,Wa Municipal,2025-08-05,Maize,Wholesale,4.0,GHS,MoFA SRID
Wa,Upper West,Wa Municipal,2025-08-05,Maize (yellow),Wholesale,4.0,GHS,MoFA SRID
Wa,Upper West,Wa Municipal,2025-08-05,Millet,Wholesale,10.0,GHS,MoFA SRID
Wa,Upper West,Wa Municipal,2025-08-05,Rice (imported),Wholesale,20.0,GHS,MoFA SRID
Wa,Upper West,Wa Municipal,2025-08-05,Rice (local),Wholesale,7.79,GHS,MoFA SRID
Wa,Upper West,Wa Municipal,2025-08-05,Sorghum,Wholesale,6.0,GHS,MoFA SRID
Wa,Upper West,Wa Municipal,2025-08-05,Yam,Wholesale,13.94,GHS,MoFA SRID
Wa,Upper West,Wa Municipal,2025-08-05,Yam (puna),Wholesale,24.38,GHS,MoFA SRID
Mankessim,Central,Mfantsiman Municipal,2025-08-06,Cassava,Retail,6.28,GHS,MoFA SRID
Mankessim,Central,Mfantsiman Municipal,2025-08-06,Cowpeas (white),Retail,19.0,GHS,MoFA SRID
Mankessim,Central,Mfantsiman Municipal,2025-08-06,Eggplants,Retail,25.25,GHS,MoFA SRID
Mankessim,Central,Mfantsiman Municipal,2025-08-06,Eggs,Retail,62.5,GHS,MoFA SRID
Mankessim,Central,Mfantsiman Municipal,2025-08-06,Gari,Retail,14.73,GHS,MoFA SRID
Mankessim,Central,Mfantsiman Municipal,2025-08-06,Maize,Retail,6.52,GHS,MoFA SRID
Mankessim,Central,Mfantsiman Municipal,2025-08-06,Maize (yellow),Retail,7.12,GHS,MoFA SRID
Mankessim,Central,Mfantsiman Municipal,2025-08-06,Meat (chicken),Retail,43.0,GHS,MoFA SRID
Mankessim,Central,Mfantsiman Municipal,2025-08-06,Millet,Retail,20.78,GHS,MoFA SRID
Mankessim,Central,Mfantsiman Municipal,2025-08-06,Onions,Retail,13.65,GHS,MoFA SRID
Mankessim,Central,Mfantsiman Municipal,2025-08-06,Peppers (dried),Retail,109.61,GHS,MoFA SRID
Mankessim,Central,Mfantsiman Municipal,2025-08-06,Peppers (fresh),Retail,54.64,GHS,MoFA SRID
Mankessim,Central,Mfantsiman Municipal,2025-08-06,Plantains (apem),Retail,20.18,GHS,MoFA SRID
Mankessim,Central,Mfantsiman Municipal,2025-08-06,Plantains (apentu),Retail,26.09,GHS,MoFA SRID
Mankessim,Central,Mfantsiman Municipal,2025-08-06,Rice (imported),Retail,16.69,GHS,MoFA SRID
Mankessim,Central,Mfantsiman Municipal,2025-08-06,Rice (local),Retail,17.54,GHS,MoFA SRID
Mankessim,Central,Mfantsiman Municipal,2025-08-06,Soybeans,Retail,22.02,GHS,MoFA SRID
Mankessim,Central,Mfantsiman Municipal,2025-08-06,Tomatoes (local),Retail,16.13,GHS,MoFA SRID
Mankessim,Central,Mfantsiman Municipal,2025-08-06,Yam,Retail,19.67,GHS,MoFA SRID
Mankessim,Central,Mfantsiman Municipal,2025-08-06,Yam (puna),Retail,19.82,GHS,MoFA SRID
Agatha Market,Eastern,New Juaben South Municipal,2025-08-07,Eggplants,Wholesale,14.63,GHS,MoFA SRID
Agatha Market,Eastern,New Juaben South Municipal,2025-08-07,Eggs,Retail,55.0,GHS,MoFA SRID
Agatha Market,Eastern,New Juaben South Municipal,2025-08-07,Gari,Retail,12.5,GHS,MoFA SRID
Agatha Market,Eastern,New Juaben South Municipal,2025-08-07,Onions,Retail,12.5,GHS,MoFA SRID
Agatha Market,Eastern,New Juaben South Municipal,2025-08-07,Onions,Wholesale,20.88,GHS,MoFA SRID
Agatha Market,Eastern,New Juaben South Municipal,2025-08-07,Peppers (fresh),Wholesale,16.73,GHS,MoFA SRID
Agatha Market,Eastern,New Juaben South Municipal,2025-08-07,Plantains (apentu),Retail,26.79,GHS,MoFA SRID
Agatha Market,Eastern,New Juaben South Municipal,2025-08-07,Tomatoes (local),Retail,9.48,GHS,MoFA SRID
Agatha Market,Eastern,New Juaben South Municipal,2025-08-07,Tomatoes (navrongo),Retail,20.0,GHS,MoFA SRID
Agatha Market,Eastern,New Juaben South Municipal,2025-08-07,Tomatoes (navrongo),Wholesale,26.47,GHS,MoFA SRID
Agatha Market,Eastern,New Juaben South Municipal,2025-08-07,Yam (puna),Retail,16.88,GHS,MoFA SRID
Bibiani,Western North,Bibiani Anhwiaso Bekwai Municipal,2025-08-07,Cassava,Retail,5.63,GHS,MoFA SRID
Bibiani,Western North,Bibiani Anhwiaso Bekwai Municipal,2025-08-07,Cowpeas (white),Retail,25.83,GHS,MoFA SRID
Bibiani,Western North,Bibiani Anhwiaso Bekwai Municipal,2025-08-07,Eggplants,Retail,23.49,GHS,MoFA SRID
Bibiani,Western North,Bibiani Anhwiaso Bekwai Municipal,2025-08-07,Eggs,Retail,65.0,GHS,MoFA SRID
Bibiani,Western North,Bibiani Anhwiaso Bekwai Municipal,2025-08-07,Gari,Retail,16.39,GHS,MoFA SRID
Bibiani,Western North,Bibiani Anhwiaso Bekwai Municipal,2025-08-07,Maize,Retail,9.09,GHS,MoFA SRID
Bibiani,Western North,Bibiani Anhwiaso Bekwai Municipal,2025-08-07,Maize (yellow),Retail,10.06,GHS,MoFA SRID
Bibiani,Western North,Bibiani Anhwiaso Bekwai Municipal,2025-08-07,Onions,Retail,30.82,GHS,MoFA SRID
Bibiani,Western North,Bibiani Anhwiaso Bekwai Municipal,2025-08-07,Peppers (dried),Retail,28.89,GHS,MoFA SRID
Bibiani,Western North,Bibiani Anhwiaso Bekwai Municipal,2025-08-07,Peppers (fresh),Retail,39.63,GHS,MoFA SRID
Bibiani,Western North,Bibiani Anhwiaso Bekwai Municipal,2025-08-07,Plantains (apem),Retail,26.19,GHS,MoFA SRID
Bibiani,Western North,Bibiani Anhwiaso Bekwai Municipal,2025-08-07,Plantains (apentu),Retail,19.63,GHS,MoFA SRID
Bibiani,Western North,Bibiani Anhwiaso Bekwai Municipal,2025-08-07,Rice (imported),Retail,20.5,GHS,MoFA SRID
Bibiani,Western North,Bibiani Anhwiaso Bekwai Municipal,2025-08-07,Rice (local),Retail,18.7,GHS,MoFA SRID
Bibiani,Western North,Bibiani Anhwiaso Bekwai Municipal,2025-08-07,Soybeans,Retail,25.0,GHS,MoFA SRID
Bibiani,Western North,Bibiani Anhwiaso Bekwai Municipal,2025-08-07,Tomatoes (local),Retail,19.05,GHS,MoFA SRID
Bibiani,Western North,Bibiani Anhwiaso Bekwai Municipal,2025-08-07,Tomatoes (navrongo),Retail,26.27,GHS,MoFA SRID
Bibiani,Western North,Bibiani Anhwiaso Bekwai Municipal,2025-08-07,Yam,Retail,13.54,GHS,MoFA SRID
Bibiani,Western North,Bibiani Anhwiaso Bekwai Municipal,2025-08-07,Yam (puna),Retail,13.09,GHS,MoFA SRID
Gbintiri,North East,East Mamprusi Municipal,2025-08-07,Cowpeas (white),Retail,15.55,GHS,MoFA SRID
Gbintiri,North East,East Mamprusi Municipal,2025-08-07,Cowpeas (white),Wholesale,14.05,GHS,MoFA SRID
Gbintiri,North East,East Mamprusi Municipal,2025-08-07,Gari,Retail,14.19,GHS,MoFA SRID
Gbintiri,North East,East Mamprusi Municipal,2025-08-07,Gari,Wholesale,12.75,GHS,MoFA SRID
Gbintiri,North East,East Mamprusi Municipal,2025-08-07,Maize,Retail,5.38,GHS,MoFA SRID
Gbintiri,North East,East Mamprusi Municipal,2025-08-07,Maize,Wholesale,4.88,GHS,MoFA SRID
Gbintiri,North East,East Mamprusi Municipal,2025-08-07,Maize (yellow),Retail,5.2,GHS,MoFA SRID
Gbintiri,North East,East Mamprusi Municipal,2025-08-07,Maize (yellow),Wholesale,4.75,GHS,MoFA SRID
Gbintiri,North East,East Mamprusi Municipal,2025-08-07,Millet,Retail,8.18,GHS,MoFA SRID
Gbintiri,North East,East Mamprusi Municipal,2025-08-07,Millet,Wholesale,7.54,GHS,MoFA SRID
Gbintiri,North East,East Mamprusi Municipal,2025-08-07,Peppers (dried),Retail,26.48,GHS,MoFA SRID
Gbintiri,North East,East Mamprusi Municipal,2025-08-07,Peppers (dried),Wholesale,30.91,GHS,MoFA SRID
Gbintiri,North East,East Mamprusi Municipal,2025-08-07,Rice (local),Wholesale,10.02,GHS,MoFA SRID
Gbintiri,North East,East Mamprusi Municipal,2025-08-07,Sorghum,Retail,7.76,GHS,MoFA SRID
Gbintiri,North East,East Mamprusi Municipal,2025-08-07,Sorghum,Wholesale,7.09,GHS,MoFA SRID
Gbintiri,North East,East Mamprusi Municipal,2025-08-07,Soybeans,Retail,7.76,GHS,MoFA SRID
Gbintiri,North East,East Mamprusi Municipal,2025-08-07,Soybeans,Wholesale,7.12,GHS,MoFA SRID
Obuasi,Ashanti,Obuasi Municipal,2025-08-07,Cassava,Retail,5.24,GHS,MoFA SRID
Obuasi,Ashanti,Obuasi Municipal,2025-08-07,Cowpeas (white),Retail,17.65,GHS,MoFA SRID
Obuasi,Ashanti,Obuasi Municipal,2025-08-07,Eggplants,Retail,18.77,GHS,MoFA SRID
Obuasi,Ashanti,Obuasi Municipal,2025-08-07,Eggs,Retail,60.0,GHS,MoFA SRID
Obuasi,Ashanti,Obuasi Municipal,2025-08-07,Maize,Retail,10.14,GHS,MoFA SRID
Obuasi,Ashanti,Obuasi Municipal,2025-08-07,Maize (yellow),Retail,11.69,GHS,MoFA SRID
Obuasi,Ashanti,Obuasi Municipal,2025-08-07,Millet,Retail,15.19,GHS,MoFA SRID
Obuasi,Ashanti,Obuasi Municipal,2025-08-07,Onions,Retail,18.59,GHS,MoFA SRID
Obuasi,Ashanti,Obuasi Municipal,2025-08-07,Peppers (fresh),Retail,24.07,GHS,MoFA SRID
Obuasi,Ashanti,Obuasi Municipal,2025-08-07,Plantains (apem),Retail,14.89,GHS,MoFA SRID
Obuasi,Ashanti,Obuasi Municipal,2025-08-07,Rice (local),Retail,16.86,GHS,MoFA SRID
Obuasi,Ashanti,Obuasi Municipal,2025-08-07,Tomatoes (local),Retail,22.76,GHS,MoFA SRID
Tema Community One Main Market,Greater Accra,TMA-Tema East,2025-08-07,Cowpeas (white),Wholesale,18.75,GHS,MoFA SRID
Tema Community One Main Market,Greater Accra,TMA-Tema East,2025-08-07,Eggplants,Wholesale,27.64,GHS,MoFA SRID
Tema Community One Main Market,Greater Accra,TMA-Tema East,2025-08-07,Eggs,Wholesale,68.33,GHS,MoFA SRID
Tema Community One Main Market,Greater Accra,TMA-Tema East,2025-08-07,Gari,Wholesale,20.95,GHS,MoFA SRID
Tema Community One Main Market,Greater Accra,TMA-Tema East,2025-08-07,Maize,Wholesale,14.0,GHS,MoFA SRID
Tema Community One Main Market,Greater Accra,TMA-Tema East,2025-08-07,Maize (yellow),Wholesale,15.0,GHS,MoFA SRID
Tema Community One Main Market,Greater Accra,TMA-Tema East,2025-08-07,Millet,Wholesale,16.45,GHS,MoFA SRID
Tema Community One Main Market,Greater Accra,TMA-Tema East,2025-08-07,Onions,Wholesale,23.81,GHS,MoFA SRID
Tema Community One Main Market,Greater Accra,TMA-Tema East,2025-08-07,Peppers (dried),Wholesale,64.45,GHS,MoFA SRID
Tema Community One Main Market,Greater Accra,TMA-Tema East,2025-08-07,Peppers (fresh),Wholesale,43.35,GHS,MoFA SRID
Tema Community One Main Market,Greater Accra,TMA-Tema East,2025-08-07,Plantains (apem),Wholesale,92.1,GHS,MoFA SRID
Tema Community One Main Market,Greater Accra,TMA-Tema East,2025-08-07,Plantains (apentu),Wholesale,45.8,GHS,MoFA SRID
Tema Community One Main Market,Greater Accra,TMA-Tema East,2025-08-07,Rice (imported),Wholesale,27.69,GHS,MoFA SRID
Tema Community One Main Market,Greater Accra,TMA-Tema East,2025-08-07,Rice (local),Wholesale,25.66,GHS,MoFA SRID
Tema Community One Main Market,Greater Accra,TMA-Tema East,2025-08-07,Sorghum,Wholesale,16.91,GHS,MoFA SRID
Tema Community One Main Market,Greater Accra,TMA-Tema East,2025-08-07,Soybeans,Wholesale,16.67,GHS,MoFA SRID
Tema Community One Main Market,Greater Accra,TMA-Tema East,2025-08-07,Tomatoes (local),Wholesale,12.52,GHS,MoFA SRID
Tema Community One Main Market,Greater Accra,TMA-Tema East,2025-08-07,Tomatoes (navrongo),Wholesale,27.45,GHS,MoFA SRID
Tema Community One Main Market,Greater Accra,TMA-Tema East,2025-08-07,Yam,Wholesale,46.02,GHS,MoFA SRID
Tema Community One Main Market,Greater Accra,TMA-Tema East,2025-08-07,Yam (puna),Wholesale,59.61,GHS,MoFA SRID
Bibiani,Western North,Bibiani Anhwiaso Bekwai Municipal,2025-08-08,Cowpeas (white),Wholesale,17.92,GHS,MoFA SRID
Bibiani,Western North,Bibiani Anhwiaso Bekwai Municipal,2025-08-08,Eggplants,Wholesale,21.01,GHS,MoFA SRID
Bibiani,Western North,Bibiani Anhwiaso Bekwai Municipal,2025-08-08,Eggs,Wholesale,60.0,GHS,MoFA SRID
Bibiani,Western North,Bibiani Anhwiaso Bekwai Municipal,2025-08-08,Gari,Wholesale,22.73,GHS,MoFA SRID
Bibiani,Western North,Bibiani Anhwiaso Bekwai Municipal,2025-08-08,Maize,Wholesale,8.29,GHS,MoFA SRID
Bibiani,Western North,Bibiani Anhwiaso Bekwai Municipal,2025-08-08,Maize (yellow),Wholesale,8.36,GHS,MoFA SRID
Bibiani,Western North,Bibiani Anhwiaso Bekwai Municipal,2025-08-08,Meat (chicken),Wholesale,20.02,GHS,MoFA SRID
Bibiani,Western North,Bibiani Anhwiaso Bekwai Municipal,2025-08-08,Millet,Wholesale,17.26,GHS,MoFA SRID
Bibiani,Western North,Bibiani Anhwiaso Bekwai Municipal,2025-08-08,Onions,Wholesale,10.53,GHS,MoFA SRID
Bibiani,Western North,Bibiani Anhwiaso Bekwai Municipal,2025-08-08,Peppers (fresh),Wholesale,23.85,GHS,MoFA SRID
Bibiani,Western North,Bibiani Anhwiaso Bekwai Municipal,2025-08-08,Plantains (apem),Wholesale,11.72,GHS,MoFA SRID
Bibiani,Western North,Bibiani Anhwiaso Bekwai Municipal,2025-08-08,Plantains (apentu),Wholesale,14.14,GHS,MoFA SRID
Bibiani,Western North,Bibiani Anhwiaso Bekwai Municipal,2025-08-08,Rice (imported),Wholesale,15.13,GHS,MoFA SRID
Bibiani,Western North,Bibiani Anhwiaso Bekwai Municipal,2025-08-08,Rice (local),Wholesale,12.72,GHS,MoFA SRID
Bibiani,Western North,Bibiani Anhwiaso Bekwai Municipal,2025-08-08,Soybeans,Wholesale,23.08,GHS,MoFA SRID
Bibiani,Western North,Bibiani Anhwiaso Bekwai Municipal,2025-08-08,Tomatoes (local),Wholesale,42.97,GHS,MoFA SRID
Bibiani,Western North,Bibiani Anhwiaso Bekwai Municipal,2025-08-08,Yam,Wholesale,14.93,GHS,MoFA SRID
Bibiani,Western North,Bibiani Anhwiaso Bekwai Municipal,2025-08-08,Yam (puna),Wholesale,15.56,GHS,MoFA SRID
Goaso,Ahafo,Asunafo North Municipal,2025-08-08,Cowpeas (white),Retail,16.0,GHS,MoFA SRID
Goaso,Ahafo,Asunafo North Municipal,2025-08-08,Cowpeas (white),Wholesale,14.69,GHS,MoFA SRID
Goaso,Ahafo,Asunafo North Municipal,2025-08-08,Eggplants,Retail,13.89,GHS,MoFA SRID
Goaso,Ahafo,Asunafo North Municipal,2025-08-08,Eggplants,Wholesale,7.46,GHS,MoFA SRID
Goaso,Ahafo,Asunafo North Municipal,2025-08-08,Eggs,Retail,60.0,GHS,MoFA SRID
Goaso,Ahafo,Asunafo North Municipal,2025-08-08,Eggs,Wholesale,50.0,GHS,MoFA SRID
Goaso,Ahafo,Asunafo North Municipal,2025-08-08,Gari,Retail,12.5,GHS,MoFA SRID
Goaso,Ahafo,Asunafo North Municipal,2025-08-08,Gari,Wholesale,13.82,GHS,MoFA SRID
Goaso,Ahafo,Asunafo North Municipal,2025-08-08,Maize,Retail,7.21,GHS,MoFA SRID
Goaso,Ahafo,Asunafo North Municipal,2025-08-08,Maize,Wholesale,7.37,GHS,MoFA SRID
Goaso,Ahafo,Asunafo North Municipal,2025-08-08,Maize (yellow),Retail,7.21,GHS,MoFA SRID
Goaso,Ahafo,Asunafo North Municipal,2025-08-08,Maize (yellow),Wholesale,7.5,GHS,MoFA SRID
Goaso,Ahafo,Asunafo North Municipal,2025-08-08,Millet,Retail,14.0,GHS,MoFA SRID
Goaso,Ahafo,Asunafo North Municipal,2025-08-08,Millet,Wholesale,15.5,GHS,MoFA SRID
Goaso,Ahafo,Asunafo North Municipal,2025-08-08,Peppers (fresh),Retail,22.22,GHS,MoFA SRID
Goaso,Ahafo,Asunafo North Municipal,2025-08-08,Plantains (apem),Retail,11.2,GHS,MoFA SRID
Goaso,Ahafo,Asunafo North Municipal,2025-08-08,Plantains (apem),Wholesale,10.94,GHS,MoFA SRID
Goaso,Ahafo,Asunafo North Municipal,2025-08-08,Plantains (apentu),Retail,11.33,GHS,MoFA SRID
Goaso,Ahafo,Asunafo North Municipal,2025-08-08,Plantains (apentu),Wholesale,15.52,GHS,MoFA SRID
Goaso,Ahafo,Asunafo North Municipal,2025-08-08,Rice (local),Retail,16.33,GHS,MoFA SRID
Goaso,Ahafo,Asunafo North Municipal,2025-08-08,Rice (local),Wholesale,16.31,GHS,MoFA SRID
Goaso,Ahafo,Asunafo North Municipal,2025-08-08,Sorghum,Retail,12.0,GHS,MoFA SRID
Goaso,Ahafo,Asunafo North Municipal,2025-08-08,Sorghum,Wholesale,13.56,GHS,MoFA SRID
Goaso,Ahafo,Asunafo North Municipal,2025-08-08,Tomatoes (local),Retail,6.22,GHS,MoFA SRID
Goaso,Ahafo,Asunafo North Municipal,2025-08-08,Tomatoes (local),Wholesale,8.84,GHS,MoFA SRID
Goaso,Ahafo,Asunafo North Municipal,2025-08-08,Yam (puna),Retail,7.01,GHS,MoFA SRID
Goaso,Ahafo,Asunafo North Municipal,2025-08-08,Yam (puna),Wholesale,8.55,GHS,MoFA SRID
Bolga,Upper East,Bolgatanga Municipal,2025-08-10,Cowpeas (white),Retail,11.14,GHS,MoFA SRID
Bolga,Upper East,Bolgatanga Municipal,2025-08-10,Cowpeas (white),Wholesale,8.26,GHS,MoFA SRID
Bolga,Upper East,Bolgatanga Municipal,2025-08-10,Eggplants,Retail,6.67,GHS,MoFA SRID
Bolga,Upper East,Bolgatanga Municipal,2025-08-10,Eggs,Retail,61.67,GHS,MoFA SRID
Bolga,Upper East,Bolgatanga Municipal,2025-08-10,Gari,Retail,11.22,GHS,MoFA SRID
Bolga,Upper East,Bolgatanga Municipal,2025-08-10,Maize,Retail,5.29,GHS,MoFA SRID
Bolga,Upper East,Bolgatanga Municipal,2025-08-10,Maize,Wholesale,4.7,GHS,MoFA SRID
Bolga,Upper East,Bolgatanga Municipal,2025-08-10,Maize (yellow),Retail,5.29,GHS,MoFA SRID
Bolga,Upper East,Bolgatanga Municipal,2025-08-10,Maize (yellow),Wholesale,4.73,GHS,MoFA SRID
Bolga,Upper East,Bolgatanga Municipal,2025-08-10,Meat (chicken),Retail,75.0,GHS,MoFA SRID
Bolga,Upper East,Bolgatanga Municipal,2025-08-10,Millet,Retail,10.34,GHS,MoFA SRID
Bolga,Upper East,Bolgatanga Municipal,2025-08-10,Millet,Wholesale,8.83,GHS,MoFA SRID
Bolga,Upper East,Bolgatanga Municipal,2025-08-10,Plantains (apem),Retail,10.0,GHS,MoFA SRID
Bolga,Upper East,Bolgatanga Municipal,2025-08-10,Plantains (apentu),Retail,10.28,GHS,MoFA SRID
Bolga,Upper East,Bolgatanga Municipal,2025-08-10,Rice (imported),Retail,13.93,GHS,MoFA SRID
Bolga,Upper East,Bolgatanga Municipal,2025-08-10,Rice (imported),Wholesale,15.07,GHS,MoFA SRID
Bolga,Upper East,Bolgatanga Municipal,2025-08-10,Rice (local),Retail,10.5,GHS,MoFA SRID
Bolga,Upper East,Bolgatanga Municipal,2025-08-10,Sorghum,Retail,6.44,GHS,MoFA SRID
Bolga,Upper East,Bolgatanga Municipal,2025-08-10,Sorghum,Wholesale,5.67,GHS,MoFA SRID
Bolga,Upper East,Bolgatanga Municipal,2025-08-10,Soybeans,Wholesale,4.54,GHS,MoFA SRID
Bolga,Upper East,Bolgatanga Municipal,2025-08-10,Tomatoes (navrongo),Retail,5.9,GHS,MoFA SRID
Bolga,Upper East,Bolgatanga Municipal,2025-08-10,Yam,Retail,5.79,GHS,MoFA SRID
Bolga,Upper East,Bolgatanga Municipal,2025-08-10,Yam (puna),Retail,4.66,GHS,MoFA SRID
Obuasi,Ashanti,Obuasi Municipal,2025-08-10,Plantains (apentu),Retail,16.67,GHS,MoFA SRID
Obuasi,Ashanti,Obuasi Municipal,2025-08-10,Soybeans,Retail,16.45,GHS,MoFA SRID
Tema Community One Main Market,Greater Accra,TMA-Tema East,2025-08-11,Cowpeas (white),Retail,25.0,GHS,MoFA SRID
Tema Community One Main Market,Greater Accra,TMA-Tema East,2025-08-11,Eggplants,Retail,77.78,GHS,MoFA SRID
Tema Community One Main Market,Greater Accra,TMA-Tema East,2025-08-11,Eggs,Retail,80.0,GHS,MoFA SRID
Tema Community One Main Market,Greater Accra,TMA-Tema East,2025-08-11,Gari,Retail,20.0,GHS,MoFA SRID
Tema Community One Main Market,Greater Accra,TMA-Tema East,2025-08-11,Maize,Retail,12.0,GHS,MoFA SRID
Tema Community One Main Market,Greater Accra,TMA-Tema East,2025-08-11,Maize (yellow),Retail,13.72,GHS,MoFA SRID
Tema Community One Main Market,Greater Accra,TMA-Tema East,2025-08-11,Meat (chicken),Retail,52.33,GHS,MoFA SRID
Tema Community One Main Market,Greater Accra,TMA-Tema East,2025-08-11,Millet,Retail,23.33,GHS,MoFA SRID
Tema Community One Main Market,Greater Accra,TMA-Tema East,2025-08-11,Onions,Retail,48.57,GHS,MoFA SRID
Tema Community One Main Market,Greater Accra,TMA-Tema East,2025-08-11,Peppers (dried),Retail,77.78,GHS,MoFA SRID
Tema Community One Main Market,Greater Accra,TMA-Tema East,2025-08-11,Peppers (fresh),Retail,40.14,GHS,MoFA SRID
Tema Community One Main Market,Greater Accra,TMA-Tema East,2025-08-11,Plantains (apem),Retail,91.67,GHS,MoFA SRID
Tema Community One Main Market,Greater Accra,TMA-Tema East,2025-08-11,Plantains (apentu),Retail,57.14,GHS,MoFA SRID
Tema Community One Main Market,Greater Accra,TMA-Tema East,2025-08-11,Rice (imported),Retail,22.67,GHS,MoFA SRID
Tema Community One Main Market,Greater Accra,TMA-Tema East,2025-08-11,Rice (local),Retail,21.33,GHS,MoFA SRID
Tema Community One Main Market,Greater Accra,TMA-Tema East,2025-08-11,Sorghum,Retail,24.17,GHS,MoFA SRID
Tema Community One Main Market,Greater Accra,TMA-Tema East,2025-08-11,Soybeans,Retail,20.0,GHS,MoFA SRID
Tema Community One Main Market,Greater Accra,TMA-Tema East,2025-08-11,Tomatoes (navrongo),Retail,38.89,GHS,MoFA SRID
Tema Community One Main Market,Greater Accra,TMA-Tema East,2025-08-11,Yam,Retail,43.46,GHS,MoFA SRID
Tema Community One Main Market,Greater Accra,TMA-Tema East,2025-08-11,Yam (puna),Retail,72.86,GHS,MoFA SRID
Kintampo,Bono East,Kintampo North Municipal,2025-08-12,Cassava,Wholesale,9.32,GHS,MoFA SRID
Kintampo,Bono East,Kintampo North Municipal,2025-08-12,Cowpeas (white),Wholesale,12.26,GHS,MoFA SRID
Kintampo,Bono East,Kintampo North Municipal,2025-08-12,Eggplants,Wholesale,15.79,GHS,MoFA SRID
Kintampo,Bono East,Kintampo North Municipal,2025-08-12,Gari,Wholesale,8.16,GHS,MoFA SRID
Kintampo,Bono East,Kintampo North Municipal,2025-08-12,Maize,Wholesale,6.23,GHS,MoFA SRID
Kintampo,Bono East,Kintampo North Municipal,2025-08-12,Maize (yellow),Wholesale,6.38,GHS,MoFA SRID
Kintampo,Bono East,Kintampo North Municipal,2025-08-12,Millet,Wholesale,7.65,GHS,MoFA SRID
Kintampo,Bono East,Kintampo North Municipal,2025-08-12,Onions,Wholesale,12.88,GHS,MoFA SRID
Kintampo,Bono East,Kintampo North Municipal,2025-08-12,Peppers (dried),Wholesale,92.96,GHS,MoFA SRID
Kintampo,Bono East,Kintampo North Municipal,2025-08-12,Peppers (fresh),Wholesale,17.83,GHS,MoFA SRID
Kintampo,Bono East,Kintampo North Municipal,2025-08-12,Plantains (apem),Wholesale,34.06,GHS,MoFA SRID
Kintampo,Bono East,Kintampo North Municipal,2025-08-12,Plantains (apentu),Wholesale,33.61,GHS,MoFA SRID
Kintampo,Bono East,Kintampo North Municipal,2025-08-12,Rice (imported),Wholesale,16.53,GHS,MoFA SRID
Kintampo,Bono East,Kintampo North Municipal,2025-08-12,Rice (local),Wholesale,11.86,GHS,MoFA SRID
Kintampo,Bono East,Kintampo North Municipal,2025-08-12,Sorghum,Wholesale,8.88,GHS,MoFA SRID
Kintampo,Bono East,Kintampo North Municipal,2025-08-12,Tomatoes (local),Wholesale,26.65,GHS,MoFA SRID
Kintampo,Bono East,Kintampo North Municipal,2025-08-12,Yam,Wholesale,7.32,GHS,MoFA SRID
Kintampo,Bono East,Kintampo North Municipal,2025-08-12,Yam (puna),Wholesale,8.92,GHS,MoFA SRID
Kintampo,Bono East,Kintampo North Municipal,2025-08-13,Cassava,Retail,7.64,GHS,MoFA SRID
Kintampo,Bono East,Kintampo North Municipal,2025-08-13,Cowpeas (white),Retail,14.6,GHS,MoFA SRID
Kintampo,Bono East,Kintampo North Municipal,2025-08-13,Eggplants,Retail,13.43,GHS,MoFA SRID
Kintampo,Bono East,Kintampo North Municipal,2025-08-13,Gari,Retail,9.15,GHS,MoFA SRID
Kintampo,Bono East,Kintampo North Municipal,2025-08-13,Maize,Retail,7.77,GHS,MoFA SRID
Kintampo,Bono East,Kintampo North Municipal,2025-08-13,Maize (yellow),Retail,7.57,GHS,MoFA SRID
Kintampo,Bono East,Kintampo North Municipal,2025-08-13,Millet,Retail,12.82,GHS,MoFA SRID
Kintampo,Bono East,Kintampo North Municipal,2025-08-13,Onions,Retail,14.19,GHS,MoFA SRID
Kintampo,Bono East,Kintampo North Municipal,2025-08-13,Peppers (dried),Retail,100.0,GHS,MoFA SRID
Kintampo,Bono East,Kintampo North Municipal,2025-08-13,Peppers (fresh),Retail,43.18,GHS,MoFA SRID
Kintampo,Bono East,Kintampo North Municipal,2025-08-13,Plantains (apem),Retail,27.61,GHS,MoFA SRID
Kintampo,Bono East,Kintampo North Municipal,2025-08-13,Plantains (apentu),Retail,21.24,GHS,MoFA SRID
Kintampo,Bono East,Kintampo North Municipal,2025-08-13,Rice (imported),Retail,14.86,GHS,MoFA SRID
Kintampo,Bono East,Kintampo North Municipal,2025-08-13,Rice (local),Retail,10.4,GHS,MoFA SRID
Kintampo,Bono East,Kintampo North Municipal,2025-08-13,Sorghum,Retail,9.81,GHS,MoFA SRID
Kintampo,Bono East,Kintampo North Municipal,2025-08-13,Tomatoes (local),Retail,22.97,GHS,MoFA SRID
Kintampo,Bono East,Kintampo North Municipal,2025-08-13,Yam,Retail,10.63,GHS,MoFA SRID
Kintampo,Bono East,Kintampo North Municipal,2025-08-13,Yam (puna),Retail,22.62,GHS,MoFA SRID
Mankessim,Central,Mfantsiman Municipal,2025-08-13,Cassava,Retail,8.28,GHS,MoFA SRID
Mankessim,Central,Mfantsiman Municipal,2025-08-13,Cowpeas (white),Retail,27.78,GHS,MoFA SRID
Mankessim,Central,Mfantsiman Municipal,2025-08-13,Eggplants,Retail,19.29,GHS,MoFA SRID
Mankessim,Central,Mfantsiman Municipal,2025-08-13,Eggs,Retail,67.5,GHS,MoFA SRID
Mankessim,Central,Mfantsiman Municipal,2025-08-13,Gari,Retail,14.33,GHS,MoFA SRID
Mankessim,Central,Mfantsiman Municipal,2025-08-13,Maize,Retail,6.65,GHS,MoFA SRID
Mankessim,Central,Mfantsiman Municipal,2025-08-13,Maize (yellow),Retail,7.96,GHS,MoFA SRID
Mankessim,Central,Mfantsiman Municipal,2025-08-13,Meat (chicken),Retail,42.0,GHS,MoFA SRID
Mankessim,Central,Mfantsiman Municipal,2025-08-13,Millet,Retail,21.46,GHS,MoFA SRID
Mankessim,Central,Mfantsiman Municipal,2025-08-13,Onions,Retail,14.33,GHS,MoFA SRID
Mankessim,Central,Mfantsiman Municipal,2025-08-13,Peppers (dried),Retail,108.98,GHS,MoFA SRID
Mankessim,Central,Mfantsiman Municipal,2025-08-13,Peppers (fresh),Retail,74.38,GHS,MoFA SRID
Mankessim,Central,Mfantsiman Municipal,2025-08-13,Plantains (apem),Retail,36.11,GHS,MoFA SRID
Mankessim,Central,Mfantsiman Municipal,2025-08-13,Plantains (apentu),Retail,26.22,GHS,MoFA SRID
Mankessim,Central,Mfantsiman Municipal,2025-08-13,Rice (imported),Retail,18.05,GHS,MoFA SRID
Mankessim,Central,Mfantsiman Municipal,2025-08-13,Rice (local),Retail,18.81,GHS,MoFA SRID
Mankessim,Central,Mfantsiman Municipal,2025-08-13,Soybeans,Retail,19.53,GHS,MoFA SRID
Mankessim,Central,Mfantsiman Municipal,2025-08-13,Tomatoes (local),Retail,18.63,GHS,MoFA SRID
Mankessim,Central,Mfantsiman Municipal,2025-08-13,Tomatoes (navrongo),Retail,19.65,GHS,MoFA SRID
Mankessim,Central,Mfantsiman Municipal,2025-08-13,Yam,Retail,13.13,GHS,MoFA SRID
Mankessim,Central,Mfantsiman Municipal,2025-08-13,Yam (puna),Retail,12.62,GHS,MoFA SRID
Nana Bosomah,Bono,Sunyani Municipal,2025-08-13,Cassava,Retail,3.6,GHS,MoFA SRID
Nana Bosomah,Bono,Sunyani Municipal,2025-08-13,Cassava,Wholesale,1.75,GHS,MoFA SRID
Nana Bosomah,Bono,Sunyani Municipal,2025-08-13,Cowpeas (white),Retail,16.67,GHS,MoFA SRID
Nana Bosomah,Bono,Sunyani Municipal,2025-08-13,Eggplants,Retail,12.94,GHS,MoFA SRID
Nana Bosomah,Bono,Sunyani Municipal,2025-08-13,Eggs,Retail,50.0,GHS,MoFA SRID
Nana Bosomah,Bono,Sunyani Municipal,2025-08-13,Gari,Retail,11.93,GHS,MoFA SRID
Nana Bosomah,Bono,Sunyani Municipal,2025-08-13,Gari,Wholesale,10.0,GHS,MoFA SRID
Nana Bosomah,Bono,Sunyani Municipal,2025-08-13,Maize,Retail,5.56,GHS,MoFA SRID
Nana Bosomah,Bono,Sunyani Municipal,2025-08-13,Maize,Wholesale,6.15,GHS,MoFA SRID
Nana Bosomah,Bono,Sunyani Municipal,2025-08-13,Maize (yellow),Retail,5.56,GHS,MoFA SRID
Nana Bosomah,Bono,Sunyani Municipal,2025-08-13,Maize (yellow),Wholesale,6.15,GHS,MoFA SRID
Nana Bosomah,Bono,Sunyani Municipal,2025-08-13,Meat (chicken),Retail,52.0,GHS,MoFA SRID
Nana Bosomah,Bono,Sunyani Municipal,2025-08-13,Millet,Retail,12.0,GHS,MoFA SRID
Nana Bosomah,Bono,Sunyani Municipal,2025-08-13,Onions,Retail,15.52,GHS,MoFA SRID
Nana Bosomah,Bono,Sunyani Municipal,2025-08-13,Peppers (dried),Retail,83.33,GHS,MoFA SRID
Nana Bosomah,Bono,Sunyani Municipal,2025-08-13,Peppers (dried),Wholesale,74.07,GHS,MoFA SRID
Nana Bosomah,Bono,Sunyani Municipal,2025-08-13,Peppers (fresh),Retail,50.0,GHS,MoFA SRID
Nana Bosomah,Bono,Sunyani Municipal,2025-08-13,Peppers (fresh),Wholesale,25.0,GHS,MoFA SRID
Nana Bosomah,Bono,Sunyani Municipal,2025-08-13,Plantains (apem),Retail,35.55,GHS,MoFA SRID
Nana Bosomah,Bono,Sunyani Municipal,2025-08-13,Plantains (apem),Wholesale,14.33,GHS,MoFA SRID
Nana Bosomah,Bono,Sunyani Municipal,2025-08-13,Plantains (apentu),Retail,35.55,GHS,MoFA SRID
Nana Bosomah,Bono,Sunyani Municipal,2025-08-13,Plantains (apentu),Wholesale,16.24,GHS,MoFA SRID
Nana Bosomah,Bono,Sunyani Municipal,2025-08-13,Rice (imported),Retail,21.5,GHS,MoFA SRID
Nana Bosomah,Bono,Sunyani Municipal,2025-08-13,Rice (imported),Wholesale,18.25,GHS,MoFA SRID
Nana Bosomah,Bono,Sunyani Municipal,2025-08-13,Rice (local),Retail,14.44,GHS,MoFA SRID
Nana Bosomah,Bono,Sunyani Municipal,2025-08-13,Rice (local),Wholesale,11.84,GHS,MoFA SRID
Nana Bosomah,Bono,Sunyani Municipal,2025-08-13,Sorghum,Retail,12.0,GHS,MoFA SRID
Nana Bosomah,Bono,Sunyani Municipal,2025-08-13,Soybeans,Retail,12.5,GHS,MoFA SRID
Nana Bosomah,Bono,Sunyani Municipal,2025-08-13,Tomatoes (local),Retail,13.27,GHS,MoFA SRID
Nana Bosomah,Bono,Sunyani Municipal,2025-08-13,Yam,Retail,9.7,GHS,MoFA SRID
Nana Bosomah,Bono,Sunyani Municipal,2025-08-13,Yam,Wholesale,7.83,GHS,MoFA SRID
Nana Bosomah,Bono,Sunyani Municipal,2025-08-13,Yam (puna),Retail,9.7,GHS,MoFA SRID
Nana Bosomah,Bono,Sunyani Municipal,2025-08-13,Yam (puna),Wholesale,7.83,GHS,MoFA SRID
Bibiani,Western North,Bibiani Anhwiaso Bekwai Municipal,2025-08-14,Cassava,Retail,4.67,GHS,MoFA SRID
Bibiani,Western North,Bibiani Anhwiaso Bekwai Municipal,2025-08-14,Cowpeas (white),Retail,12.45,GHS,MoFA SRID
Bibiani,Western North,Bibiani Anhwiaso Bekwai Municipal,2025-08-14,Cowpeas (white),Wholesale,18.11,GHS,MoFA SRID
Bibiani,Western North,Bibiani Anhwiaso Bekwai Municipal,2025-08-14,Eggplants,Retail,15.41,GHS,MoFA SRID
Bibiani,Western North,Bibiani Anhwiaso Bekwai Municipal,2025-08-14,Eggplants,Wholesale,21.64,GHS,MoFA SRID
Bibiani,Western North,Bibiani Anhwiaso Bekwai Municipal,2025-08-14,Eggs,Retail,60.0,GHS,MoFA SRID
Bibiani,Western North,Bibiani Anhwiaso Bekwai Municipal,2025-08-14,Gari,Retail,12.06,GHS,MoFA SRID
Bibiani,Western North,Bibiani Anhwiaso Bekwai Municipal,2025-08-14,Gari,Wholesale,7.72,GHS,MoFA SRID
Bibiani,Western North,Bibiani Anhwiaso Bekwai Municipal,2025-08-14,Maize,Retail,10.46,GHS,MoFA SRID
Bibiani,Western North,Bibiani Anhwiaso Bekwai Municipal,2025-08-14,Maize,Wholesale,11.31,GHS,MoFA SRID
Bibiani,Western North,Bibiani Anhwiaso Bekwai Municipal,2025-08-14,Maize (yellow),Retail,12.03,GHS,MoFA SRID
Bibiani,Western North,Bibiani Anhwiaso Bekwai Municipal,2025-08-14,Maize (yellow),Wholesale,12.29,GHS,MoFA SRID
Bibiani,Western North,Bibiani Anhwiaso Bekwai Municipal,2025-08-14,Meat (chicken),Wholesale,20.02,GHS,MoFA SRID
Bibiani,Western North,Bibiani Anhwiaso Bekwai Municipal,2025-08-14,Millet,Retail,9.21,GHS,MoFA SRID
Bibiani,Western North,Bibiani Anhwiaso Bekwai Municipal,2025-08-14,Millet,Wholesale,14.39,GHS,MoFA SRID
Bibiani,Western North,Bibiani Anhwiaso Bekwai Municipal,2025-08-14,Onions,Retail,30.52,GHS,MoFA SRID
Bibiani,Western North,Bibiani Anhwiaso Bekwai Municipal,2025-08-14,Onions,Wholesale,41.92,GHS,MoFA SRID
Bibiani,Western North,Bibiani Anhwiaso Bekwai Municipal,2025-08-14,Peppers (dried),Retail,20.16,GHS,MoFA SRID
Bibiani,Western North,Bibiani Anhwiaso Bekwai Municipal,2025-08-14,Peppers (dried),Wholesale,27.85,GHS,MoFA SRID
Bibiani,Western North,Bibiani Anhwiaso Bekwai Municipal,2025-08-14,Peppers (fresh),Retail,48.82,GHS,MoFA SRID
Bibiani,Western North,Bibiani Anhwiaso Bekwai Municipal,2025-08-14,Peppers (fresh),Wholesale,22.84,GHS,MoFA SRID
Bibiani,Western North,Bibiani Anhwiaso Bekwai Municipal,2025-08-14,Plantains (apem),Retail,31.35,GHS,MoFA SRID
Bibiani,Western North,Bibiani Anhwiaso Bekwai Municipal,2025-08-14,Plantains (apem),Wholesale,15.46,GHS,MoFA SRID
Bibiani,Western North,Bibiani Anhwiaso Bekwai Municipal,2025-08-14,Plantains (apentu),Retail,24.07,GHS,MoFA SRID
Bibiani,Western North,Bibiani Anhwiaso Bekwai Municipal,2025-08-14,Plantains (apentu),Wholesale,19.88,GHS,MoFA SRID
Bibiani,Western North,Bibiani Anhwiaso Bekwai Municipal,2025-08-14,Rice (imported),Retail,10.38,GHS,MoFA SRID
Bibiani,Western North,Bibiani Anhwiaso Bekwai Municipal,2025-08-14,Rice (imported),Wholesale,14.65,GHS,MoFA SRID
Bibiani,Western North,Bibiani Anhwiaso Bekwai Municipal,2025-08-14,Rice (local),Retail,9.24,GHS,MoFA SRID
Bibiani,Western North,Bibiani Anhwiaso Bekwai Municipal,2025-08-14,Rice (local),Wholesale,14.17,GHS,MoFA SRID
Bibiani,Western North,Bibiani Anhwiaso Bekwai Municipal,2025-08-14,Soybeans,Retail,10.83,GHS,MoFA SRID
Bibiani,Western North,Bibiani Anhwiaso Bekwai Municipal,2025-08-14,Soybeans,Wholesale,22.24,GHS,MoFA SRID
Bibiani,Western North,Bibiani Anhwiaso Bekwai Municipal,2025-08-14,Tomatoes (local),Retail,11.0,GHS,MoFA SRID
Bibiani,Western North,Bibiani Anhwiaso Bekwai Municipal,2025-08-14,Tomatoes (local),Wholesale,14.76,GHS,MoFA SRID
Bibiani,Western North,Bibiani Anhwiaso Bekwai Municipal,2025-08-14,Yam,Retail,12.49,GHS,MoFA SRID
Bibiani,Western North,Bibiani Anhwiaso Bekwai Municipal,2025-08-14,Yam,Wholesale,14.48,GHS,MoFA SRID
Bibiani,Western North,Bibiani Anhwiaso Bekwai Municipal,2025-08-14,Yam (puna),Retail,13.0,GHS,MoFA SRID
Bibiani,Western North,Bibiani Anhwiaso Bekwai Municipal,2025-08-14,Yam (puna),Wholesale,15.25,GHS,MoFA SRID
Goaso,Ahafo,Asunafo North Municipal,2025-08-14,Cowpeas (white),Retail,15.78,GHS,MoFA SRID
Goaso,Ahafo,Asunafo North Municipal,2025-08-14,Cowpeas (white),Wholesale,14.69,GHS,MoFA SRID
Goaso,Ahafo,Asunafo North Municipal,2025-08-14,Eggs,Retail,61.67,GHS,MoFA SRID
Goaso,Ahafo,Asunafo North Municipal,2025-08-14,Eggs,Wholesale,53.33,GHS,MoFA SRID
Goaso,Ahafo,Asunafo North Municipal,2025-08-14,Maize,Retail,7.07,GHS,MoFA SRID
Goaso,Ahafo,Asunafo North Municipal,2025-08-14,Maize,Wholesale,8.09,GHS,MoFA SRID
Goaso,Ahafo,Asunafo North Municipal,2025-08-14,Maize (yellow),Retail,8.16,GHS,MoFA SRID
Goaso,Ahafo,Asunafo North Municipal,2025-08-14,Maize (yellow),Wholesale,8.17,GHS,MoFA SRID
Goaso,Ahafo,Asunafo North Municipal,2025-08-14,Onions,Retail,14.24,GHS,MoFA SRID
Goaso,Ahafo,Asunafo North Municipal,2025-08-14,Peppers (fresh),Retail,18.06,GHS,MoFA SRID
Goaso,Ahafo,Asunafo North Municipal,2025-08-14,Plantains (apentu),Retail,10.92,GHS,MoFA SRID
Goaso,Ahafo,Asunafo North Municipal,2025-08-14,Plantains (apentu),Wholesale,12.23,GHS,MoFA SRID
Goaso,Ahafo,Asunafo North Municipal,2025-08-14,Rice (local),Retail,16.85,GHS,MoFA SRID
Goaso,Ahafo,Asunafo North Municipal,2025-08-14,Tomatoes (local),Retail,11.67,GHS,MoFA SRID
Goaso,Ahafo,Asunafo North Municipal,2025-08-14,Tomatoes (local),Wholesale,8.84,GHS,MoFA SRID
Goaso,Ahafo,Asunafo North Municipal,2025-08-14,Yam (puna),Retail,10.63,GHS,MoFA SRID
Goaso,Ahafo,Asunafo North Municipal,2025-08-14,Yam (puna),Wholesale,11.17,GHS,MoFA SRID
Koforidua,Eastern,New Juaben South Municipal,2025-08-14,Eggplants,Wholesale,13.33,GHS,MoFA SRID
Koforidua,Eastern,New Juaben South Municipal,2025-08-14,Eggs,Retail,58.33,GHS,MoFA SRID
Koforidua,Eastern,New Juaben South Municipal,2025-08-14,Eggs,Wholesale,55.0,GHS,MoFA SRID
Koforidua,Eastern,New Juaben South Municipal,2025-08-14,Gari,Wholesale,13.33,GHS,MoFA SRID
Koforidua,Eastern,New Juaben South Municipal,2025-08-14,Maize,Wholesale,5.56,GHS,MoFA SRID
Koforidua,Eastern,New Juaben South Municipal,2025-08-14,Maize (yellow),Retail,6.67,GHS,MoFA SRID
Koforidua,Eastern,New Juaben South Municipal,2025-08-14,Onions,Retail,14.76,GHS,MoFA SRID
Koforidua,Eastern,New Juaben South Municipal,2025-08-14,Peppers (fresh),Retail,23.53,GHS,MoFA SRID
Koforidua,Eastern,New Juaben South Municipal,2025-08-14,Peppers (fresh),Wholesale,17.65,GHS,MoFA SRID
Koforidua,Eastern,New Juaben South Municipal,2025-08-14,Plantains (apentu),Retail,18.68,GHS,MoFA SRID
Koforidua,Eastern,New Juaben South Municipal,2025-08-14,Rice (imported),Retail,15.33,GHS,MoFA SRID
Koforidua,Eastern,New Juaben South Municipal,2025-08-14,Tomatoes (local),Retail,11.33,GHS,MoFA SRID
Koforidua,Eastern,New Juaben South Municipal,2025-08-14,Tomatoes (local),Wholesale,11.76,GHS,MoFA SRID
Koforidua,Eastern,New Juaben South Municipal,2025-08-14,Yam (puna),Retail,13.23,GHS,MoFA SRID
Koforidua,Eastern,New Juaben South Municipal,2025-08-14,Yam (puna),Wholesale,14.67,GHS,MoFA SRID
Nkwanta,Oti,Nkwanta South Municipal,2025-08-14,Cassava,Retail,6.11,GHS,MoFA SRID
Nkwanta,Oti,Nkwanta South Municipal,2025-08-14,Cassava,Wholesale,4.17,GHS,MoFA SRID
Nkwanta,Oti,Nkwanta South Municipal,2025-08-14,Cowpeas (white),Retail,19.64,GHS,MoFA SRID
Nkwanta,Oti,Nkwanta South Municipal,2025-08-14,Cowpeas (white),Wholesale,15.38,GHS,MoFA SRID
Nkwanta,Oti,Nkwanta South Municipal,2025-08-14,Eggplants,Retail,11.67,GHS,MoFA SRID
Nkwanta,Oti,Nkwanta South Municipal,2025-08-14,Eggplants,Wholesale,8.11,GHS,MoFA SRID
Nkwanta,Oti,Nkwanta South Municipal,2025-08-14,Eggs,Retail,72.0,GHS,MoFA SRID
Nkwanta,Oti,Nkwanta South Municipal,2025-08-14,Eggs,Wholesale,65.0,GHS,MoFA SRID
Nkwanta,Oti,Nkwanta South Municipal,2025-08-14,Gari,Retail,10.72,GHS,MoFA SRID
Nkwanta,Oti,Nkwanta South Municipal,2025-08-14,Gari,Wholesale,8.46,GHS,MoFA SRID
Nkwanta,Oti,Nkwanta South Municipal,2025-08-14,Maize,Retail,8.05,GHS,MoFA SRID
Nkwanta,Oti,Nkwanta South Municipal,2025-08-14,Maize,Wholesale,6.87,GHS,MoFA SRID
Nkwanta,Oti,Nkwanta South Municipal,2025-08-14,Maize (yellow),Retail,7.95,GHS,MoFA SRID
Nkwanta,Oti,Nkwanta South Municipal,2025-08-14,Meat (chicken),Retail,55.56,GHS,MoFA SRID
Nkwanta,Oti,Nkwanta South Municipal,2025-08-14,Meat (chicken),Wholesale,50.0,GHS,MoFA SRID
Nkwanta,Oti,Nkwanta South Municipal,2025-08-14,Millet,Retail,12.0,GHS,MoFA SRID
Nkwanta,Oti,Nkwanta South Municipal,2025-08-14,Millet,Wholesale,10.33,GHS,MoFA SRID
Nkwanta,Oti,Nkwanta South Municipal,2025-08-14,Onions,Retail,38.33,GHS,MoFA SRID
Nkwanta,Oti,Nkwanta South Municipal,2025-08-14,Onions,Wholesale,24.24,GHS,MoFA SRID
Nkwanta,Oti,Nkwanta South Municipal,2025-08-14,Peppers (dried),Retail,103.7,GHS,MoFA SRID
Nkwanta,Oti,Nkwanta South Municipal,2025-08-14,Peppers (dried),Wholesale,80.0,GHS,MoFA SRID
Nkwanta,Oti,Nkwanta South Municipal,2025-08-14,Peppers (fresh),Retail,10.0,GHS,MoFA SRID
Nkwanta,Oti,Nkwanta South Municipal,2025-08-14,Peppers (fresh),Wholesale,9.93,GHS,MoFA SRID
Nkwanta,Oti,Nkwanta South Municipal,2025-08-14,Plantains (apem),Retail,9.1,GHS,MoFA SRID
Nkwanta,Oti,Nkwanta South Municipal,2025-08-14,Plantains (apem),Wholesale,4.2,GHS,MoFA SRID
Nkwanta,Oti,Nkwanta South Municipal,2025-08-14,Plantains (apentu),Retail,20.0,GHS,MoFA SRID
Nkwanta,Oti,Nkwanta South Municipal,2025-08-14,Plantains (apentu),Wholesale,4.0,GHS,MoFA SRID
Nkwanta,Oti,Nkwanta South Municipal,2025-08-14,Rice (imported),Retail,21.87,GHS,MoFA SRID
Nkwanta,Oti,Nkwanta South Municipal,2025-08-14,Rice (imported),Wholesale,13.17,GHS,MoFA SRID
Nkwanta,Oti,Nkwanta South Municipal,2025-08-14,Rice (local),Retail,12.08,GHS,MoFA SRID
Nkwanta,Oti,Nkwanta South Municipal,2025-08-14,Rice (local),Wholesale,10.5,GHS,MoFA SRID
Nkwanta,Oti,Nkwanta South Municipal,2025-08-14,Sorghum,Retail,9.62,GHS,MoFA SRID
Nkwanta,Oti,Nkwanta South Municipal,2025-08-14,Sorghum,Wholesale,8.85,GHS,MoFA SRID
Nkwanta,Oti,Nkwanta South Municipal,2025-08-14,Soybeans,Retail,9.62,GHS,MoFA SRID
Nkwanta,Oti,Nkwanta South Municipal,2025-08-14,Soybeans,Wholesale,8.33,GHS,MoFA SRID
Nkwanta,Oti,Nkwanta South Municipal,2025-08-14,Tomatoes (local),Retail,10.28,GHS,MoFA SRID
Nkwanta,Oti,Nkwanta South Municipal,2025-08-14,Tomatoes (local),Wholesale,5.11,GHS,MoFA SRID
Nkwanta,Oti,Nkwanta South Municipal,2025-08-14,Tomatoes (navrongo),Retail,16.19,GHS,MoFA SRID
Nkwanta,Oti,Nkwanta South Municipal,2025-08-14,Tomatoes (navrongo),Wholesale,7.83,GHS,MoFA SRID
Nkwanta,Oti,Nkwanta South Municipal,2025-08-14,Yam (puna),Retail,14.81,GHS,MoFA SRID
Nkwanta,Oti,Nkwanta South Municipal,2025-08-14,Yam (puna),Wholesale,11.15,GHS,MoFA SRID
Tema Community One Main Market,Greater Accra,TMA-Tema East,2025-08-15,Cowpeas (white),Wholesale,18.75,GHS,MoFA SRID
Tema Community One Main Market,Greater Accra,TMA-Tema East,2025-08-15,Eggplants,Wholesale,33.38,GHS,MoFA SRID
Tema Community One Main Market,Greater Accra,TMA-Tema East,2025-08-15,Eggs,Wholesale,70.0,GHS,MoFA SRID
Tema Community One Main Market,Greater Accra,TMA-Tema East,2025-08-15,Gari,Wholesale,20.48,GHS,MoFA SRID
Tema Community One Main Market,Greater Accra,TMA-Tema East,2025-08-15,Maize,Wholesale,14.0,GHS,MoFA SRID
Tema Community One Main Market,Greater Accra,TMA-Tema East,2025-08-15,Maize (yellow),Wholesale,15.0,GHS,MoFA SRID
Tema Community One Main Market,Greater Accra,TMA-Tema East,2025-08-15,Millet,Wholesale,16.91,GHS,MoFA SRID
Tema Community One Main Market,Greater Accra,TMA-Tema East,2025-08-15,Onions,Wholesale,28.16,GHS,MoFA SRID
Tema Community One Main Market,Greater Accra,TMA-Tema East,2025-08-15,Peppers (dried),Wholesale,68.26,GHS,MoFA SRID
Tema Community One Main Market,Greater Accra,TMA-Tema East,2025-08-15,Peppers (fresh),Wholesale,55.98,GHS,MoFA SRID
Tema Community One Main Market,Greater Accra,TMA-Tema East,2025-08-15,Plantains (apem),Wholesale,56.89,GHS,MoFA SRID
Tema Community One Main Market,Greater Accra,TMA-Tema East,2025-08-15,Plantains (apentu),Wholesale,49.88,GHS,MoFA SRID
Tema Community One Main Market,Greater Accra,TMA-Tema East,2025-08-15,Rice (imported),Wholesale,27.55,GHS,MoFA SRID
Tema Community One Main Market,Greater Accra,TMA-Tema East,2025-08-15,Rice (local),Wholesale,26.52,GHS,MoFA SRID
Tema Community One Main Market,Greater Accra,TMA-Tema East,2025-08-15,Sorghum,Wholesale,17.15,GHS,MoFA SRID
Tema Community One Main Market,Greater Accra,TMA-Tema East,2025-08-15,Soybeans,Wholesale,16.0,GHS,MoFA SRID
Tema Community One Main Market,Greater Accra,TMA-Tema East,2025-08-15,Tomatoes (navrongo),Wholesale,23.08,GHS,MoFA SRID
Tema Community One Main Market,Greater Accra,TMA-Tema East,2025-08-15,Yam,Wholesale,46.97,GHS,MoFA SRID
Tema Community One Main Market,Greater Accra,TMA-Tema East,2025-08-15,Yam (puna),Wholesale,60.55,GHS,MoFA SRID
Bolga,Upper East,Bolgatanga Municipal,2025-08-16,Cowpeas (white),Retail,11.49,GHS,MoFA SRID
Bolga,Upper East,Bolgatanga Municipal,2025-08-16,Cowpeas (white),Wholesale,8.6,GHS,MoFA SRID
Bolga,Upper East,Bolgatanga Municipal,2025-08-16,Eggplants,Retail,6.67,GHS,MoFA SRID
Bolga,Upper East,Bolgatanga Municipal,2025-08-16,Maize,Retail,8.45,GHS,MoFA SRID
Bolga,Upper East,Bolgatanga Municipal,2025-08-16,Maize,Wholesale,4.62,GHS,MoFA SRID
Bolga,Upper East,Bolgatanga Municipal,2025-08-16,Maize (yellow),Retail,8.45,GHS,MoFA SRID
Bolga,Upper East,Bolgatanga Municipal,2025-08-16,Maize (yellow),Wholesale,4.6,GHS,MoFA SRID
Bolga,Upper East,Bolgatanga Municipal,2025-08-16,Millet,Retail,17.56,GHS,MoFA SRID
Bolga,Upper East,Bolgatanga Municipal,2025-08-16,Millet,Wholesale,8.77,GHS,MoFA SRID
Bolga,Upper East,Bolgatanga Municipal,2025-08-16,Onions,Retail,7.5,GHS,MoFA SRID
Bolga,Upper East,Bolgatanga Municipal,2025-08-16,Peppers (fresh),Retail,5.0,GHS,MoFA SRID
Bolga,Upper East,Bolgatanga Municipal,2025-08-16,Rice (imported),Retail,40.58,GHS,MoFA SRID
Bolga,Upper East,Bolgatanga Municipal,2025-08-16,Rice (imported),Wholesale,15.33,GHS,MoFA SRID
Bolga,Upper East,Bolgatanga Municipal,2025-08-16,Rice (local),Wholesale,21.33,GHS,MoFA SRID
Bolga,Upper East,Bolgatanga Municipal,2025-08-16,Sorghum,Retail,11.04,GHS,MoFA SRID
Bolga,Upper East,Bolgatanga Municipal,2025-08-16,Sorghum,Wholesale,40.31,GHS,MoFA SRID
Bolga,Upper East,Bolgatanga Municipal,2025-08-16,Soybeans,Retail,8.62,GHS,MoFA SRID
Bolga,Upper East,Bolgatanga Municipal,2025-08-16,Soybeans,Wholesale,5.21,GHS,MoFA SRID
Bolga,Upper East,Bolgatanga Municipal,2025-08-16,Tomatoes (navrongo),Retail,10.0,GHS,MoFA SRID
Kintampo,Bono East,Kintampo North Municipal,2025-08-16,Cassava,Wholesale,9.38,GHS,MoFA SRID
Kintampo,Bono East,Kintampo North Municipal,2025-08-16,Cowpeas (white),Wholesale,11.41,GHS,MoFA SRID
Kintampo,Bono East,Kintampo North Municipal,2025-08-16,Eggplants,Wholesale,16.25,GHS,MoFA SRID
Kintampo,Bono East,Kintampo North Municipal,2025-08-16,Gari,Wholesale,8.27,GHS,MoFA SRID
Kintampo,Bono East,Kintampo North Municipal,2025-08-16,Maize,Wholesale,5.62,GHS,MoFA SRID
Kintampo,Bono East,Kintampo North Municipal,2025-08-16,Maize (yellow),Wholesale,5.63,GHS,MoFA SRID
Kintampo,Bono East,Kintampo North Municipal,2025-08-16,Millet,Wholesale,7.39,GHS,MoFA SRID
Kintampo,Bono East,Kintampo North Municipal,2025-08-16,Onions,Wholesale,14.43,GHS,MoFA SRID
Kintampo,Bono East,Kintampo North Municipal,2025-08-16,Peppers (dried),Wholesale,102.81,GHS,MoFA SRID
Kintampo,Bono East,Kintampo North Municipal,2025-08-16,Peppers (fresh),Wholesale,17.97,GHS,MoFA SRID
Kintampo,Bono East,Kintampo North Municipal,2025-08-16,Rice (imported),Wholesale,15.73,GHS,MoFA SRID
Kintampo,Bono East,Kintampo North Municipal,2025-08-16,Rice (local),Wholesale,11.36,GHS,MoFA SRID
Kintampo,Bono East,Kintampo North Municipal,2025-08-16,Sorghum,Wholesale,8.25,GHS,MoFA SRID
Kintampo,Bono East,Kintampo North Municipal,2025-08-16,Tomatoes (local),Wholesale,32.08,GHS,MoFA SRID
Kintampo,Bono East,Kintampo North Municipal,2025-08-16,Yam,Wholesale,8.08,GHS,MoFA SRID
Kintampo,Bono East,Kintampo North Municipal,2025-08-16,Yam (puna),Wholesale,9.87,GHS,MoFA SRID
Bamboi,Savannah,Bole,2025-08-17,Cowpeas (white),Retail,15.38,GHS,MoFA SRID
Bamboi,Savannah,Bole,2025-08-17,Cowpeas (white),Wholesale,20.0,GHS,MoFA SRID
Bamboi,Savannah,Bole,2025-08-17,Eggplants,Retail,72.92,GHS,MoFA SRID
Bamboi,Savannah,Bole,2025-08-17,Eggplants,Wholesale,16.25,GHS,MoFA SRID
Bamboi,Savannah,Bole,2025-08-17,Eggs,Retail,70.0,GHS,MoFA SRID
Bamboi,Savannah,Bole,2025-08-17,Eggs,Wholesale,70.0,GHS,MoFA SRID
Bamboi,Savannah,Bole,2025-08-17,Gari,Retail,13.89,GHS,MoFA SRID
Bamboi,Savannah,Bole,2025-08-17,Gari,Wholesale,14.71,GHS,MoFA SRID
Bamboi,Savannah,Bole,2025-08-17,Maize,Retail,8.0,GHS,MoFA SRID
Bamboi,Savannah,Bole,2025-08-17,Maize,Wholesale,6.0,GHS,MoFA SRID
Bamboi,Savannah,Bole,2025-08-17,Maize (yellow),Retail,8.0,GHS,MoFA SRID
Bamboi,Savannah,Bole,2025-08-17,Maize (yellow),Wholesale,6.17,GHS,MoFA SRID
Bamboi,Savannah,Bole,2025-08-17,Millet,Retail,14.58,GHS,MoFA SRID
Bamboi,Savannah,Bole,2025-08-17,Millet,Wholesale,14.41,GHS,MoFA SRID
Bamboi,Savannah,Bole,2025-08-17,Onions,Retail,34.06,GHS,MoFA SRID
Bamboi,Savannah,Bole,2025-08-17,Onions,Wholesale,15.15,GHS,MoFA SRID
Bamboi,Savannah,Bole,2025-08-17,Peppers (dried),Retail,78.12,GHS,MoFA SRID
Bamboi,Savannah,Bole,2025-08-17,Peppers (fresh),Retail,16.5,GHS,MoFA SRID
Bamboi,Savannah,Bole,2025-08-17,Peppers (fresh),Wholesale,17.55,GHS,MoFA SRID
Bamboi,Savannah,Bole,2025-08-17,Rice (imported),Retail,20.83,GHS,MoFA SRID
Bamboi,Savannah,Bole,2025-08-17,Rice (imported),Wholesale,15.56,GHS,MoFA SRID
Bamboi,Savannah,Bole,2025-08-17,Rice (local),Retail,15.16,GHS,MoFA SRID
Bamboi,Savannah,Bole,2025-08-17,Rice (local),Wholesale,12.53,GHS,MoFA SRID
Bamboi,Savannah,Bole,2025-08-17,Sorghum,Retail,12.5,GHS,MoFA SRID
Bamboi,Savannah,Bole,2025-08-17,Sorghum,Wholesale,16.99,GHS,MoFA SRID
Bamboi,Savannah,Bole,2025-08-17,Soybeans,Retail,13.39,GHS,MoFA SRID
Bamboi,Savannah,Bole,2025-08-17,Soybeans,Wholesale,15.66,GHS,MoFA SRID
Bamboi,Savannah,Bole,2025-08-17,Tomatoes (navrongo),Retail,45.83,GHS,MoFA SRID
Bamboi,Savannah,Bole,2025-08-17,Tomatoes (navrongo),Wholesale,13.2,GHS,MoFA SRID
Bamboi,Savannah,Bole,2025-08-17,Yam,Retail,42.18,GHS,MoFA SRID
Bamboi,Savannah,Bole,2025-08-17,Yam,Wholesale,34.04,GHS,MoFA SRID
Bamboi,Savannah,Bole,2025-08-17,Yam (puna),Retail,42.06,GHS,MoFA SRID
Bamboi,Savannah,Bole,2025-08-17,Yam (puna),Wholesale,32.22,GHS,MoFA SRID
Wa,Upper West,Wa Municipal,2025-08-17,Cowpeas (white),Retail,18.97,GHS,MoFA SRID
Wa,Upper West,Wa Municipal,2025-08-17,Cowpeas (white),Wholesale,16.0,GHS,MoFA SRID
Wa,Upper West,Wa Municipal,2025-08-17,Eggplants,Retail,8.97,GHS,MoFA SRID
Wa,Upper West,Wa Municipal,2025-08-17,Eggs,Retail,75.0,GHS,MoFA SRID
Wa,Upper West,Wa Municipal,2025-08-17,Gari,Retail,10.72,GHS,MoFA SRID
Wa,Upper West,Wa Municipal,2025-08-17,Maize,Retail,7.14,GHS,MoFA SRID
Wa,Upper West,Wa Municipal,2025-08-17,Maize,Wholesale,6.0,GHS,MoFA SRID
Wa,Upper West,Wa Municipal,2025-08-17,Maize (yellow),Retail,6.87,GHS,MoFA SRID
Wa,Upper West,Wa Municipal,2025-08-17,Maize (yellow),Wholesale,6.0,GHS,MoFA SRID
Wa,Upper West,Wa Municipal,2025-08-17,Meat (chicken),Retail,42.11,GHS,MoFA SRID
Wa,Upper West,Wa Municipal,2025-08-17,Millet,Retail,10.0,GHS,MoFA SRID
Wa,Upper West,Wa Municipal,2025-08-17,Millet,Wholesale,11.73,GHS,MoFA SRID
Wa,Upper West,Wa Municipal,2025-08-17,Onions,Retail,3.52,GHS,MoFA SRID
Wa,Upper West,Wa Municipal,2025-08-17,Peppers (dried),Retail,34.22,GHS,MoFA SRID
Wa,Upper West,Wa Municipal,2025-08-17,Rice (imported),Retail,15.99,GHS,MoFA SRID
Wa,Upper West,Wa Municipal,2025-08-17,Rice (imported),Wholesale,14.0,GHS,MoFA SRID
Wa,Upper West,Wa Municipal,2025-08-17,Rice (local),Retail,10.75,GHS,MoFA SRID
Wa,Upper West,Wa Municipal,2025-08-17,Rice (local),Wholesale,7.56,GHS,MoFA SRID
Wa,Upper West,Wa Municipal,2025-08-17,Sorghum,Retail,8.28,GHS,MoFA SRID
Wa,Upper West,Wa Municipal,2025-08-17,Sorghum,Wholesale,9.0,GHS,MoFA SRID
Wa,Upper West,Wa Municipal,2025-08-17,Soybeans,Retail,5.56,GHS,MoFA SRID
Wa,Upper West,Wa Municipal,2025-08-17,Tomatoes (local),Retail,11.33,GHS,MoFA SRID
Wa,Upper West,Wa Municipal,2025-08-17,Tomatoes (navrongo),Retail,11.18,GHS,MoFA SRID
Wa,Upper West,Wa Municipal,2025-08-17,Yam,Retail,17.99,GHS,MoFA SRID
Wa,Upper West,Wa Municipal,2025-08-17,Yam,Wholesale,12.86,GHS,MoFA SRID
Wa,Upper West,Wa Municipal,2025-08-17,Yam (puna),Retail,27.27,GHS,MoFA SRID
Wa,Upper West,Wa Municipal,2025-08-17,Yam (puna),Wholesale,15.41,GHS,MoFA SRID
Kintampo,Bono East,Kintampo North Municipal,2025-08-18,Cassava,Retail,5.9,GHS,MoFA SRID
Kintampo,Bono East,Kintampo North Municipal,2025-08-18,Cowpeas (white),Retail,11.27,GHS,MoFA SRID
Kintampo,Bono East,Kintampo North Municipal,2025-08-18,Eggplants,Retail,19.77,GHS,MoFA SRID
Kintampo,Bono East,Kintampo North Municipal,2025-08-18,Gari,Retail,10.84,GHS,MoFA SRID
Kintampo,Bono East,Kintampo North Municipal,2025-08-18,Maize,Retail,6.64,GHS,MoFA SRID
Kintampo,Bono East,Kintampo North Municipal,2025-08-18,Maize (yellow),Retail,6.52,GHS,MoFA SRID
Kintampo,Bono East,Kintampo North Municipal,2025-08-18,Millet,Retail,10.46,GHS,MoFA SRID
Kintampo,Bono East,Kintampo North Municipal,2025-08-18,Onions,Retail,19.01,GHS,MoFA SRID
Kintampo,Bono East,Kintampo North Municipal,2025-08-18,Peppers (dried),Retail,117.86,GHS,MoFA SRID
Kintampo,Bono East,Kintampo North Municipal,2025-08-18,Peppers (fresh),Retail,43.43,GHS,MoFA SRID
Kintampo,Bono East,Kintampo North Municipal,2025-08-18,Plantains (apem),Retail,27.59,GHS,MoFA SRID
Kintampo,Bono East,Kintampo North Municipal,2025-08-18,Plantains (apentu),Retail,21.67,GHS,MoFA SRID
Kintampo,Bono East,Kintampo North Municipal,2025-08-18,Rice (local),Retail,10.35,GHS,MoFA SRID
Kintampo,Bono East,Kintampo North Municipal,2025-08-18,Sorghum,Retail,9.13,GHS,MoFA SRID
Kintampo,Bono East,Kintampo North Municipal,2025-08-18,Soybeans,Retail,8.85,GHS,MoFA SRID
Kintampo,Bono East,Kintampo North Municipal,2025-08-18,Tomatoes (local),Retail,24.51,GHS,MoFA SRID
Kintampo,Bono East,Kintampo North Municipal,2025-08-18,Yam,Retail,9.58,GHS,MoFA SRID
Kintampo,Bono East,Kintampo North Municipal,2025-08-18,Yam (puna),Retail,16.55,GHS,MoFA SRID
Nkwanta,Oti,Nkwanta South Municipal,2025-08-18,Cassava,Retail,6.11,GHS,MoFA SRID
Nkwanta,Oti,Nkwanta South Municipal,2025-08-18,Cassava,Wholesale,4.17,GHS,MoFA SRID
Nkwanta,Oti,Nkwanta South Municipal,2025-08-18,Cowpeas (white),Retail,19.99,GHS,MoFA SRID
Nkwanta,Oti,Nkwanta South Municipal,2025-08-18,Cowpeas (white),Wholesale,15.38,GHS,MoFA SRID
Nkwanta,Oti,Nkwanta South Municipal,2025-08-18,Eggplants,Retail,11.67,GHS,MoFA SRID
Nkwanta,Oti,Nkwanta South Municipal,2025-08-18,Eggplants,Wholesale,8.11,GHS,MoFA SRID
Nkwanta,Oti,Nkwanta South Municipal,2025-08-18,Eggs,Retail,72.0,GHS,MoFA SRID
Nkwanta,Oti,Nkwanta South Municipal,2025-08-18,Eggs,Wholesale,65.0,GHS,MoFA SRID
Nkwanta,Oti,Nkwanta South Municipal,2025-08-18,Gari,Retail,10.72,GHS,MoFA SRID
Nkwanta,Oti,Nkwanta South Municipal,2025-08-18,Gari,Wholesale,8.46,GHS,MoFA SRID
Nkwanta,Oti,Nkwanta South Municipal,2025-08-18,Maize,Retail,8.09,GHS,MoFA SRID
Nkwanta,Oti,Nkwanta South Municipal,2025-08-18,Maize,Wholesale,7.2,GHS,MoFA SRID
Nkwanta,Oti,Nkwanta South Municipal,2025-08-18,Maize (yellow),Retail,7.95,GHS,MoFA SRID
Nkwanta,Oti,Nkwanta South Municipal,2025-08-18,Meat (chicken),Retail,55.56,GHS,MoFA SRID
Nkwanta,Oti,Nkwanta South Municipal,2025-08-18,Meat (chicken),Wholesale,50.0,GHS,MoFA SRID
Nkwanta,Oti,Nkwanta South Municipal,2025-08-18,Millet,Retail,12.0,GHS,MoFA SRID
Nkwanta,Oti,Nkwanta South Municipal,2025-08-18,Millet,Wholesale,10.33,GHS,MoFA SRID
Nkwanta,Oti,Nkwanta South Municipal,2025-08-18,Onions,Retail,38.33,GHS,MoFA SRID
Nkwanta,Oti,Nkwanta South Municipal,2025-08-18,Onions,Wholesale,22.73,GHS,MoFA SRID
Nkwanta,Oti,Nkwanta South Municipal,2025-08-18,Peppers (dried),Retail,108.33,GHS,MoFA SRID
Nkwanta,Oti,Nkwanta South Municipal,2025-08-18,Peppers (dried),Wholesale,80.0,GHS,MoFA SRID
Nkwanta,Oti,Nkwanta South Municipal,2025-08-18,Peppers (fresh),Retail,23.33,GHS,MoFA SRID
Nkwanta,Oti,Nkwanta South Municipal,2025-08-18,Peppers (fresh),Wholesale,10.81,GHS,MoFA SRID
Nkwanta,Oti,Nkwanta South Municipal,2025-08-18,Plantains (apem),Retail,9.38,GHS,MoFA SRID
Nkwanta,Oti,Nkwanta South Municipal,2025-08-18,Plantains (apem),Wholesale,4.2,GHS,MoFA SRID
Nkwanta,Oti,Nkwanta South Municipal,2025-08-18,Plantains (apentu),Retail,20.0,GHS,MoFA SRID
Nkwanta,Oti,Nkwanta South Municipal,2025-08-18,Plantains (apentu),Wholesale,4.0,GHS,MoFA SRID
Nkwanta,Oti,Nkwanta South Municipal,2025-08-18,Rice (imported),Retail,21.87,GHS,MoFA SRID
Nkwanta,Oti,Nkwanta South Municipal,2025-08-18,Rice (imported),Wholesale,13.17,GHS,MoFA SRID
Nkwanta,Oti,Nkwanta South Municipal,2025-08-18,Rice (local),Retail,12.75,GHS,MoFA SRID
Nkwanta,Oti,Nkwanta South Municipal,2025-08-18,Rice (local),Wholesale,10.56,GHS,MoFA SRID
Nkwanta,Oti,Nkwanta South Municipal,2025-08-18,Sorghum,Retail,10.28,GHS,MoFA SRID
Nkwanta,Oti,Nkwanta South Municipal,2025-08-18,Sorghum,Wholesale,8.85,GHS,MoFA SRID
Nkwanta,Oti,Nkwanta South Municipal,2025-08-18,Soybeans,Retail,9.62,GHS,MoFA SRID
Nkwanta,Oti,Nkwanta South Municipal,2025-08-18,Soybeans,Wholesale,8.33,GHS,MoFA SRID
Nkwanta,Oti,Nkwanta South Municipal,2025-08-18,Tomatoes (local),Retail,10.28,GHS,MoFA SRID
Nkwanta,Oti,Nkwanta South Municipal,2025-08-18,Tomatoes (local),Wholesale,5.11,GHS,MoFA SRID
Nkwanta,Oti,Nkwanta South Municipal,2025-08-18,Tomatoes (navrongo),Retail,16.19,GHS,MoFA SRID
Nkwanta,Oti,Nkwanta South Municipal,2025-08-18,Tomatoes (navrongo),Wholesale,10.83,GHS,MoFA SRID
Nkwanta,Oti,Nkwanta South Municipal,2025-08-18,Yam (puna),Retail,10.56,GHS,MoFA SRID
Nkwanta,Oti,Nkwanta South Municipal,2025-08-18,Yam (puna),Wholesale,6.46,GHS,MoFA SRID
Tuesday Market,Greater Accra,AMA-Okaikoi South,2025-08-18,Eggs,Retail,63.33,GHS,MoFA SRID
Tuesday Market,Greater Accra,AMA-Okaikoi South,2025-08-18,Gari,Retail,12.5,GHS,MoFA SRID
Tuesday Market,Greater Accra,AMA-Okaikoi South,2025-08-18,Maize,Retail,12.0,GHS,MoFA SRID
Tuesday Market,Greater Accra,AMA-Okaikoi South,2025-08-18,Maize (yellow),Retail,14.19,GHS,MoFA SRID
Tuesday Market,Greater Accra,AMA-Okaikoi South,2025-08-18,Millet,Retail,18.75,GHS,MoFA SRID
Tuesday Market,Greater Accra,AMA-Okaikoi South,2025-08-18,Onions,Retail,23.81,GHS,MoFA SRID
Tuesday Market,Greater Accra,AMA-Okaikoi South,2025-08-18,Peppers (fresh),Retail,16.67,GHS,MoFA SRID
Tuesday Market,Greater Accra,AMA-Okaikoi South,2025-08-18,Plantains (apem),Retail,25.0,GHS,MoFA SRID
Tuesday Market,Greater Accra,AMA-Okaikoi South,2025-08-18,Plantains (apentu),Retail,24.07,GHS,MoFA SRID
Tuesday Market,Greater Accra,AMA-Okaikoi South,2025-08-18,Rice (imported),Retail,17.0,GHS,MoFA SRID
Tuesday Market,Greater Accra,AMA-Okaikoi South,2025-08-18,Rice (local),Retail,17.0,GHS,MoFA SRID
Tuesday Market,Greater Accra,AMA-Okaikoi South,2025-08-18,Sorghum,Retail,14.58,GHS,MoFA SRID
Tuesday Market,Greater Accra,AMA-Okaikoi South,2025-08-18,Tomatoes (local),Retail,14.86,GHS,MoFA SRID
Tuesday Market,Greater Accra,AMA-Okaikoi South,2025-08-18,Tomatoes (navrongo),Retail,18.86,GHS,MoFA SRID
Tuesday Market,Greater Accra,AMA-Okaikoi South,2025-08-18,Yam,Retail,15.32,GHS,MoFA SRID
Tuesday Market,Greater Accra,AMA-Okaikoi South,2025-08-18,Yam (puna),Retail,17.04,GHS,MoFA SRID
Tema Community One Main Market,Greater Accra,TMA-Tema East,2025-08-19,Cowpeas (white),Retail,25.0,GHS,MoFA SRID
Tema Community One Main Market,Greater Accra,TMA-Tema East,2025-08-19,Eggplants,Retail,61.11,GHS,MoFA SRID
Tema Community One Main Market,Greater Accra,TMA-Tema East,2025-08-19,Eggs,Retail,83.33,GHS,MoFA SRID
Tema Community One Main Market,Greater Accra,TMA-Tema East,2025-08-19,Gari,Retail,23.33,GHS,MoFA SRID
Tema Community One Main Market,Greater Accra,TMA-Tema East,2025-08-19,Maize,Retail,12.27,GHS,MoFA SRID
Tema Community One Main Market,Greater Accra,TMA-Tema East,2025-08-19,Maize (yellow),Retail,13.52,GHS,MoFA SRID
Tema Community One Main Market,Greater Accra,TMA-Tema East,2025-08-19,Meat (chicken),Retail,52.33,GHS,MoFA SRID
Tema Community One Main Market,Greater Accra,TMA-Tema East,2025-08-19,Millet,Retail,22.5,GHS,MoFA SRID
Tema Community One Main Market,Greater Accra,TMA-Tema East,2025-08-19,Onions,Retail,30.16,GHS,MoFA SRID
Tema Community One Main Market,Greater Accra,TMA-Tema East,2025-08-19,Peppers (dried),Retail,66.67,GHS,MoFA SRID
Tema Community One Main Market,Greater Accra,TMA-Tema East,2025-08-19,Peppers (fresh),Retail,42.78,GHS,MoFA SRID
Tema Community One Main Market,Greater Accra,TMA-Tema East,2025-08-19,Plantains (apem),Retail,91.67,GHS,MoFA SRID
Tema Community One Main Market,Greater Accra,TMA-Tema East,2025-08-19,Plantains (apentu),Retail,26.67,GHS,MoFA SRID
Tema Community One Main Market,Greater Accra,TMA-Tema East,2025-08-19,Rice (imported),Retail,36.0,GHS,MoFA SRID
Tema Community One Main Market,Greater Accra,TMA-Tema East,2025-08-19,Rice (local),Retail,20.0,GHS,MoFA SRID
Tema Community One Main Market,Greater Accra,TMA-Tema East,2025-08-19,Sorghum,Retail,23.33,GHS,MoFA SRID
Tema Community One Main Market,Greater Accra,TMA-Tema East,2025-08-19,Soybeans,Retail,22.67,GHS,MoFA SRID
Tema Community One Main Market,Greater Accra,TMA-Tema East,2025-08-19,Tomatoes (local),Retail,14.45,GHS,MoFA SRID
Tema Community One Main Market,Greater Accra,TMA-Tema East,2025-08-19,Tomatoes (navrongo),Retail,32.78,GHS,MoFA SRID
Tema Community One Main Market,Greater Accra,TMA-Tema East,2025-08-19,Yam,Retail,52.83,GHS,MoFA SRID
Tema Community One Main Market,Greater Accra,TMA-Tema East,2025-08-19,Yam (puna),Retail,86.35,GHS,MoFA SRID
Mankessim,Central,Mfantsiman Municipal,2025-08-20,Cassava,Retail,8.8,GHS,MoFA SRID
Mankessim,Central,Mfantsiman Municipal,2025-08-20,Cowpeas (white),Retail,27.26,GHS,MoFA SRID
Mankessim,Central,Mfantsiman Municipal,2025-08-20,Eggplants,Retail,93.87,GHS,MoFA SRID
Mankessim,Central,Mfantsiman Municipal,2025-08-20,Eggs,Retail,63.33,GHS,MoFA SRID
Mankessim,Central,Mfantsiman Municipal,2025-08-20,Gari,Retail,13.95,GHS,MoFA SRID
Mankessim,Central,Mfantsiman Municipal,2025-08-20,Maize,Retail,6.32,GHS,MoFA SRID
Mankessim,Central,Mfantsiman Municipal,2025-08-20,Maize (yellow),Retail,7.94,GHS,MoFA SRID
Mankessim,Central,Mfantsiman Municipal,2025-08-20,Meat (chicken),Retail,42.8,GHS,MoFA SRID
Mankessim,Central,Mfantsiman Municipal,2025-08-20,Millet,Retail,20.78,GHS,MoFA SRID
Mankessim,Central,Mfantsiman Municipal,2025-08-20,Onions,Retail,54.91,GHS,MoFA SRID
Mankessim,Central,Mfantsiman Municipal,2025-08-20,Peppers (dried),Retail,96.97,GHS,MoFA SRID
Mankessim,Central,Mfantsiman Municipal,2025-08-20,Peppers (fresh),Retail,56.94,GHS,MoFA SRID
Mankessim,Central,Mfantsiman Municipal,2025-08-20,Plantains (apem),Retail,13.71,GHS,MoFA SRID
Mankessim,Central,Mfantsiman Municipal,2025-08-20,Plantains (apentu),Retail,15.77,GHS,MoFA SRID
Mankessim,Central,Mfantsiman Municipal,2025-08-20,Rice (imported),Retail,16.07,GHS,MoFA SRID
Mankessim,Central,Mfantsiman Municipal,2025-08-20,Rice (local),Retail,18.15,GHS,MoFA SRID
Mankessim,Central,Mfantsiman Municipal,2025-08-20,Soybeans,Retail,19.62,GHS,MoFA SRID
Mankessim,Central,Mfantsiman Municipal,2025-08-20,Tomatoes (local),Retail,75.69,GHS,MoFA SRID
Mankessim,Central,Mfantsiman Municipal,2025-08-20,Tomatoes (navrongo),Retail,31.06,GHS,MoFA SRID
Mankessim,Central,Mfantsiman Municipal,2025-08-20,Yam,Retail,15.12,GHS,MoFA SRID
Mankessim,Central,Mfantsiman Municipal,2025-08-20,Yam (puna),Retail,15.57,GHS,MoFA SRID
Nana Bosomah,Bono,Sunyani Municipal,2025-08-20,Cassava,Retail,3.72,GHS,MoFA SRID
Nana Bosomah,Bono,Sunyani Municipal,2025-08-20,Cassava,Wholesale,2.0,GHS,MoFA SRID
Nana Bosomah,Bono,Sunyani Municipal,2025-08-20,Cowpeas (white),Retail,16.67,GHS,MoFA SRID
Nana Bosomah,Bono,Sunyani Municipal,2025-08-20,Eggplants,Retail,12.77,GHS,MoFA SRID
Nana Bosomah,Bono,Sunyani Municipal,2025-08-20,Gari,Retail,11.36,GHS,MoFA SRID
Nana Bosomah,Bono,Sunyani Municipal,2025-08-20,Maize,Retail,5.12,GHS,MoFA SRID
Nana Bosomah,Bono,Sunyani Municipal,2025-08-20,Maize,Wholesale,3.08,GHS,MoFA SRID
Nana Bosomah,Bono,Sunyani Municipal,2025-08-20,Maize (yellow),Retail,5.06,GHS,MoFA SRID
Nana Bosomah,Bono,Sunyani Municipal,2025-08-20,Maize (yellow),Wholesale,3.08,GHS,MoFA SRID
Nana Bosomah,Bono,Sunyani Municipal,2025-08-20,Millet,Retail,12.5,GHS,MoFA SRID
Nana Bosomah,Bono,Sunyani Municipal,2025-08-20,Onions,Retail,15.52,GHS,MoFA SRID
Nana Bosomah,Bono,Sunyani Municipal,2025-08-20,Peppers (dried),Retail,83.33,GHS,MoFA SRID
Nana Bosomah,Bono,Sunyani Municipal,2025-08-20,Peppers (dried),Wholesale,74.07,GHS,MoFA SRID
Nana Bosomah,Bono,Sunyani Municipal,2025-08-20,Peppers (fresh),Retail,50.0,GHS,MoFA SRID
Nana Bosomah,Bono,Sunyani Municipal,2025-08-20,Peppers (fresh),Wholesale,22.73,GHS,MoFA SRID
Nana Bosomah,Bono,Sunyani Municipal,2025-08-20,Plantains (apem),Retail,28.75,GHS,MoFA SRID
Nana Bosomah,Bono,Sunyani Municipal,2025-08-20,Plantains (apem),Wholesale,15.25,GHS,MoFA SRID
Nana Bosomah,Bono,Sunyani Municipal,2025-08-20,Plantains (apentu),Retail,28.05,GHS,MoFA SRID
Nana Bosomah,Bono,Sunyani Municipal,2025-08-20,Plantains (apentu),Wholesale,18.0,GHS,MoFA SRID
Nana Bosomah,Bono,Sunyani Municipal,2025-08-20,Rice (imported),Retail,20.66,GHS,MoFA SRID
Nana Bosomah,Bono,Sunyani Municipal,2025-08-20,Rice (imported),Wholesale,17.55,GHS,MoFA SRID
Nana Bosomah,Bono,Sunyani Municipal,2025-08-20,Rice (local),Retail,12.59,GHS,MoFA SRID
Nana Bosomah,Bono,Sunyani Municipal,2025-08-20,Rice (local),Wholesale,11.0,GHS,MoFA SRID
Nana Bosomah,Bono,Sunyani Municipal,2025-08-20,Sorghum,Retail,12.0,GHS,MoFA SRID
Nana Bosomah,Bono,Sunyani Municipal,2025-08-20,Soybeans,Retail,12.5,GHS,MoFA SRID
Nana Bosomah,Bono,Sunyani Municipal,2025-08-20,Tomatoes (local),Retail,8.99,GHS,MoFA SRID
Nana Bosomah,Bono,Sunyani Municipal,2025-08-20,Tomatoes (navrongo),Retail,13.04,GHS,MoFA SRID
Nana Bosomah,Bono,Sunyani Municipal,2025-08-20,Yam,Retail,10.0,GHS,MoFA SRID
Nana Bosomah,Bono,Sunyani Municipal,2025-08-20,Yam,Wholesale,8.33,GHS,MoFA SRID
Nana Bosomah,Bono,Sunyani Municipal,2025-08-20,Yam (puna),Retail,9.39,GHS,MoFA SRID
Nana Bosomah,Bono,Sunyani Municipal,2025-08-20,Yam (puna),Wholesale,7.83,GHS,MoFA SRID
Bibiani,Western North,Bibiani Anhwiaso Bekwai Municipal,2025-08-21,Cassava,Retail,5.91,GHS,MoFA SRID
Bibiani,Western North,Bibiani Anhwiaso Bekwai Municipal,2025-08-21,Cowpeas (white),Retail,14.21,GHS,MoFA SRID
Bibiani,Western North,Bibiani Anhwiaso Bekwai Municipal,2025-08-21,Eggplants,Retail,13.77,GHS,MoFA SRID
Bibiani,Western North,Bibiani Anhwiaso Bekwai Municipal,2025-08-21,Eggs,Retail,60.0,GHS,MoFA SRID
Bibiani,Western North,Bibiani Anhwiaso Bekwai Municipal,2025-08-21,Gari,Retail,10.0,GHS,MoFA SRID
Bibiani,Western North,Bibiani Anhwiaso Bekwai Municipal,2025-08-21,Maize,Retail,7.96,GHS,MoFA SRID
Bibiani,Western North,Bibiani Anhwiaso Bekwai Municipal,2025-08-21,Maize (yellow),Retail,10.3,GHS,MoFA SRID
Bibiani,Western North,Bibiani Anhwiaso Bekwai Municipal,2025-08-21,Millet,Retail,17.5,GHS,MoFA SRID
Bibiani,Western North,Bibiani Anhwiaso Bekwai Municipal,2025-08-21,Onions,Retail,27.46,GHS,MoFA SRID
Bibiani,Western North,Bibiani Anhwiaso Bekwai Municipal,2025-08-21,Peppers (dried),Retail,23.67,GHS,MoFA SRID
Bibiani,Western North,Bibiani Anhwiaso Bekwai Municipal,2025-08-21,Peppers (fresh),Retail,53.23,GHS,MoFA SRID
Bibiani,Western North,Bibiani Anhwiaso Bekwai Municipal,2025-08-21,Plantains (apem),Retail,23.6,GHS,MoFA SRID
Bibiani,Western North,Bibiani Anhwiaso Bekwai Municipal,2025-08-21,Plantains (apentu),Retail,17.86,GHS,MoFA SRID
Bibiani,Western North,Bibiani Anhwiaso Bekwai Municipal,2025-08-21,Rice (imported),Retail,16.41,GHS,MoFA SRID
Bibiani,Western North,Bibiani Anhwiaso Bekwai Municipal,2025-08-21,Rice (local),Retail,12.26,GHS,MoFA SRID
Bibiani,Western North,Bibiani Anhwiaso Bekwai Municipal,2025-08-21,Soybeans,Retail,13.72,GHS,MoFA SRID
Bibiani,Western North,Bibiani Anhwiaso Bekwai Municipal,2025-08-21,Tomatoes (local),Retail,8.32,GHS,MoFA SRID
Bibiani,Western North,Bibiani Anhwiaso Bekwai Municipal,2025-08-21,Yam,Retail,11.89,GHS,MoFA SRID
Bibiani,Western North,Bibiani Anhwiaso Bekwai Municipal,2025-08-21,Yam (puna),Retail,12.3,GHS,MoFA SRID
Goaso,Ahafo,Asunafo North Municipal,2025-08-21,Cowpeas (white),Retail,13.0,GHS,MoFA SRID
Goaso,Ahafo,Asunafo North Municipal,2025-08-21,Cowpeas (white),Wholesale,15.71,GHS,MoFA SRID
Goaso,Ahafo,Asunafo North Municipal,2025-08-21,Eggplants,Retail,14.82,GHS,MoFA SRID
Goaso,Ahafo,Asunafo North Municipal,2025-08-21,Eggplants,Wholesale,9.53,GHS,MoFA SRID
Goaso,Ahafo,Asunafo North Municipal,2025-08-21,Eggs,Retail,61.67,GHS,MoFA SRID
Goaso,Ahafo,Asunafo North Municipal,2025-08-21,Eggs,Wholesale,55.0,GHS,MoFA SRID
Goaso,Ahafo,Asunafo North Municipal,2025-08-21,Gari,Retail,10.83,GHS,MoFA SRID
Goaso,Ahafo,Asunafo North Municipal,2025-08-21,Gari,Wholesale,13.69,GHS,MoFA SRID
Goaso,Ahafo,Asunafo North Municipal,2025-08-21,Maize,Retail,6.39,GHS,MoFA SRID
Goaso,Ahafo,Asunafo North Municipal,2025-08-21,Maize,Wholesale,6.42,GHS,MoFA SRID
Goaso,Ahafo,Asunafo North Municipal,2025-08-21,Maize (yellow),Retail,7.73,GHS,MoFA SRID
Goaso,Ahafo,Asunafo North Municipal,2025-08-21,Maize (yellow),Wholesale,6.46,GHS,MoFA SRID
Goaso,Ahafo,Asunafo North Municipal,2025-08-21,Millet,Retail,13.22,GHS,MoFA SRID
Goaso,Ahafo,Asunafo North Municipal,2025-08-21,Millet,Wholesale,16.02,GHS,MoFA SRID
Goaso,Ahafo,Asunafo North Municipal,2025-08-21,Peppers (fresh),Retail,31.67,GHS,MoFA SRID
Goaso,Ahafo,Asunafo North Municipal,2025-08-21,Peppers (fresh),Wholesale,12.18,GHS,MoFA SRID
Goaso,Ahafo,Asunafo North Municipal,2025-08-21,Plantains (apem),Retail,10.35,GHS,MoFA SRID
Goaso,Ahafo,Asunafo North Municipal,2025-08-21,Plantains (apentu),Retail,13.13,GHS,MoFA SRID
Goaso,Ahafo,Asunafo North Municipal,2025-08-21,Plantains (apentu),Wholesale,12.06,GHS,MoFA SRID
Goaso,Ahafo,Asunafo North Municipal,2025-08-21,Rice (local),Retail,12.45,GHS,MoFA SRID
Goaso,Ahafo,Asunafo North Municipal,2025-08-21,Rice (local),Wholesale,14.44,GHS,MoFA SRID
Goaso,Ahafo,Asunafo North Municipal,2025-08-21,Sorghum,Retail,12.0,GHS,MoFA SRID
Goaso,Ahafo,Asunafo North Municipal,2025-08-21,Sorghum,Wholesale,15.01,GHS,MoFA SRID
Goaso,Ahafo,Asunafo North Municipal,2025-08-21,Tomatoes (local),Retail,6.44,GHS,MoFA SRID
Goaso,Ahafo,Asunafo North Municipal,2025-08-21,Tomatoes (local),Wholesale,9.21,GHS,MoFA SRID
Goaso,Ahafo,Asunafo North Municipal,2025-08-21,Tomatoes (navrongo),Retail,7.08,GHS,MoFA SRID
Goaso,Ahafo,Asunafo North Municipal,2025-08-21,Tomatoes (navrongo),Wholesale,12.72,GHS,MoFA SRID
Goaso,Ahafo,Asunafo North Municipal,2025-08-21,Yam (puna),Retail,9.4,GHS,MoFA SRID
Goaso,Ahafo,Asunafo North Municipal,2025-08-21,Yam (puna),Wholesale,11.17,GHS,MoFA SRID
Obuasi,Ashanti,Obuasi Municipal,2025-08-21,Cassava,Retail,4.63,GHS,MoFA SRID
Obuasi,Ashanti,Obuasi Municipal,2025-08-21,Cowpeas (white),Retail,18.99,GHS,MoFA SRID
Obuasi,Ashanti,Obuasi Municipal,2025-08-21,Eggplants,Retail,15.67,GHS,MoFA SRID
Obuasi,Ashanti,Obuasi Municipal,2025-08-21,Eggs,Retail,63.33,GHS,MoFA SRID
Obuasi,Ashanti,Obuasi Municipal,2025-08-21,Maize,Retail,12.33,GHS,MoFA SRID
Obuasi,Ashanti,Obuasi Municipal,2025-08-21,Maize (yellow),Retail,11.69,GHS,MoFA SRID
Obuasi,Ashanti,Obuasi Municipal,2025-08-21,Millet,Retail,15.19,GHS,MoFA SRID
Obuasi,Ashanti,Obuasi Municipal,2025-08-21,Onions,Retail,25.28,GHS,MoFA SRID
Obuasi,Ashanti,Obuasi Municipal,2025-08-21,Peppers (dried),Retail,91.41,GHS,MoFA SRID
Obuasi,Ashanti,Obuasi Municipal,2025-08-21,Peppers (fresh),Retail,86.9,GHS,MoFA SRID
Obuasi,Ashanti,Obuasi Municipal,2025-08-21,Plantains (apentu),Retail,20.13,GHS,MoFA SRID
Obuasi,Ashanti,Obuasi Municipal,2025-08-21,Soybeans,Retail,16.45,GHS,MoFA SRID
Obuasi,Ashanti,Obuasi Municipal,2025-08-21,Tomatoes (navrongo),Retail,26.48,GHS,MoFA SRID
Obuasi,Ashanti,Obuasi Municipal,2025-08-21,Yam (puna),Retail,16.58,GHS,MoFA SRID
Bibiani,Western North,Bibiani Anhwiaso Bekwai Municipal,2025-08-22,Cowpeas (white),Wholesale,19.08,GHS,MoFA SRID
Bibiani,Western North,Bibiani Anhwiaso Bekwai Municipal,2025-08-22,Eggplants,Wholesale,30.99,GHS,MoFA SRID
Bibiani,Western North,Bibiani Anhwiaso Bekwai Municipal,2025-08-22,Gari,Wholesale,12.38,GHS,MoFA SRID
Bibiani,Western North,Bibiani Anhwiaso Bekwai Municipal,2025-08-22,Maize,Wholesale,9.13,GHS,MoFA SRID
Bibiani,Western North,Bibiani Anhwiaso Bekwai Municipal,2025-08-22,Maize (yellow),Wholesale,10.41,GHS,MoFA SRID
Bibiani,Western North,Bibiani Anhwiaso Bekwai Municipal,2025-08-22,Meat (chicken),Wholesale,19.14,GHS,MoFA SRID
Bibiani,Western North,Bibiani Anhwiaso Bekwai Municipal,2025-08-22,Millet,Wholesale,16.26,GHS,MoFA SRID
Bibiani,Western North,Bibiani Anhwiaso Bekwai Municipal,2025-08-22,Onions,Wholesale,26.41,GHS,MoFA SRID
Bibiani,Western North,Bibiani Anhwiaso Bekwai Municipal,2025-08-22,Peppers (dried),Wholesale,22.2,GHS,MoFA SRID
Bibiani,Western North,Bibiani Anhwiaso Bekwai Municipal,2025-08-22,Peppers (fresh),Wholesale,71.08,GHS,MoFA SRID
Bibiani,Western North,Bibiani Anhwiaso Bekwai Municipal,2025-08-22,Plantains (apem),Wholesale,12.04,GHS,MoFA SRID
Bibiani,Western North,Bibiani Anhwiaso Bekwai Municipal,2025-08-22,Plantains (apentu),Wholesale,11.65,GHS,MoFA SRID
Bibiani,Western North,Bibiani Anhwiaso Bekwai Municipal,2025-08-22,Rice (imported),Wholesale,15.89,GHS,MoFA SRID
Bibiani,Western North,Bibiani Anhwiaso Bekwai Municipal,2025-08-22,Rice (local),Wholesale,19.49,GHS,MoFA SRID
Bibiani,Western North,Bibiani Anhwiaso Bekwai Municipal,2025-08-22,Soybeans,Wholesale,12.92,GHS,MoFA SRID
Bibiani,Western North,Bibiani Anhwiaso Bekwai Municipal,2025-08-22,Tomatoes (local),Wholesale,13.58,GHS,MoFA SRID
Bibiani,Western North,Bibiani Anhwiaso Bekwai Municipal,2025-08-22,Tomatoes (navrongo),Wholesale,35.72,GHS,MoFA SRID
Bibiani,Western North,Bibiani Anhwiaso Bekwai Municipal,2025-08-22,Yam,Wholesale,14.83,GHS,MoFA SRID
Bibiani,Western North,Bibiani Anhwiaso Bekwai Municipal,2025-08-22,Yam (puna),Wholesale,14.29,GHS,MoFA SRID
Koforidua,Eastern,New Juaben South Municipal,2025-08-22,Eggplants,Wholesale,14.63,GHS,MoFA SRID
Koforidua,Eastern,New Juaben South Municipal,2025-08-22,Eggs,Retail,58.67,GHS,MoFA SRID
Koforidua,Eastern,New Juaben South Municipal,2025-08-22,Eggs,Wholesale,55.0,GHS,MoFA SRID
Koforidua,Eastern,New Juaben South Municipal,2025-08-22,Gari,Wholesale,14.06,GHS,MoFA SRID
Koforidua,Eastern,New Juaben South Municipal,2025-08-22,Onions,Retail,20.53,GHS,MoFA SRID
Koforidua,Eastern,New Juaben South Municipal,2025-08-22,Onions,Wholesale,18.6,GHS,MoFA SRID
Koforidua,Eastern,New Juaben South Municipal,2025-08-22,Peppers (fresh),Retail,30.28,GHS,MoFA SRID
Koforidua,Eastern,New Juaben South Municipal,2025-08-22,Peppers (fresh),Wholesale,26.47,GHS,MoFA SRID
Koforidua,Eastern,New Juaben South Municipal,2025-08-22,Plantains (apentu),Wholesale,12.5,GHS,MoFA SRID
Koforidua,Eastern,New Juaben South Municipal,2025-08-22,Tomatoes (local),Retail,6.93,GHS,MoFA SRID
Koforidua,Eastern,New Juaben South Municipal,2025-08-22,Tomatoes (local),Wholesale,14.71,GHS,MoFA SRID
Koforidua,Eastern,New Juaben South Municipal,2025-08-22,Yam (puna),Retail,16.19,GHS,MoFA SRID
Koforidua,Eastern,New Juaben South Municipal,2025-08-22,Yam (puna),Wholesale,16.39,GHS,MoFA SRID
Bolga,Upper East,Bolgatanga Municipal,2025-08-23,Cowpeas (white),Retail,12.07,GHS,MoFA SRID
Bolga,Upper East,Bolgatanga Municipal,2025-08-23,Eggplants,Retail,6.67,GHS,MoFA SRID
Bolga,Upper East,Bolgatanga Municipal,2025-08-23,Maize,Retail,5.17,GHS,MoFA SRID
Bolga,Upper East,Bolgatanga Municipal,2025-08-23,Maize (yellow),Retail,5.17,GHS,MoFA SRID
Bolga,Upper East,Bolgatanga Municipal,2025-08-23,Millet,Retail,11.49,GHS,MoFA SRID
Bolga,Upper East,Bolgatanga Municipal,2025-08-23,Onions,Retail,8.33,GHS,MoFA SRID
Bolga,Upper East,Bolgatanga Municipal,2025-08-23,Peppers (fresh),Retail,5.0,GHS,MoFA SRID
Bolga,Upper East,Bolgatanga Municipal,2025-08-23,Rice (imported),Retail,12.01,GHS,MoFA SRID
Bolga,Upper East,Bolgatanga Municipal,2025-08-23,Rice (local),Retail,13.22,GHS,MoFA SRID
Bolga,Upper East,Bolgatanga Municipal,2025-08-23,Sorghum,Retail,10.2,GHS,MoFA SRID
Bolga,Upper East,Bolgatanga Municipal,2025-08-23,Soybeans,Retail,11.95,GHS,MoFA SRID
Bolga,Upper East,Bolgatanga Municipal,2025-08-23,Tomatoes (navrongo),Retail,8.33,GHS,MoFA SRID
Tema Community One Main Market,Greater Accra,TMA-Tema East,2025-08-23,Cowpeas (white),Wholesale,20.44,GHS,MoFA SRID
Tema Community One Main Market,Greater Accra,TMA-Tema East,2025-08-23,Eggplants,Wholesale,31.24,GHS,MoFA SRID
Tema Community One Main Market,Greater Accra,TMA-Tema East,2025-08-23,Eggs,Wholesale,66.67,GHS,MoFA SRID
Tema Community One Main Market,Greater Accra,TMA-Tema East,2025-08-23,Gari,Wholesale,20.48,GHS,MoFA SRID
Tema Community One Main Market,Greater Accra,TMA-Tema East,2025-08-23,Maize,Wholesale,14.0,GHS,MoFA SRID
Tema Community One Main Market,Greater Accra,TMA-Tema East,2025-08-23,Maize (yellow),Wholesale,15.0,GHS,MoFA SRID
Tema Community One Main Market,Greater Accra,TMA-Tema East,2025-08-23,Millet,Wholesale,16.91,GHS,MoFA SRID
Tema Community One Main Market,Greater Accra,TMA-Tema East,2025-08-23,Onions,Wholesale,22.86,GHS,MoFA SRID
Tema Community One Main Market,Greater Accra,TMA-Tema East,2025-08-23,Peppers (dried),Wholesale,68.26,GHS,MoFA SRID
Tema Community One Main Market,Greater Accra,TMA-Tema East,2025-08-23,Peppers (fresh),Wholesale,49.69,GHS,MoFA SRID
Tema Community One Main Market,Greater Accra,TMA-Tema East,2025-08-23,Plantains (apem),Wholesale,52.29,GHS,MoFA SRID
Tema Community One Main Market,Greater Accra,TMA-Tema East,2025-08-23,Plantains (apentu),Wholesale,30.93,GHS,MoFA SRID
Tema Community One Main Market,Greater Accra,TMA-Tema East,2025-08-23,Rice (imported),Wholesale,27.6,GHS,MoFA SRID
Tema Community One Main Market,Greater Accra,TMA-Tema East,2025-08-23,Rice (local),Wholesale,25.65,GHS,MoFA SRID
Tema Community One Main Market,Greater Accra,TMA-Tema East,2025-08-23,Sorghum,Wholesale,16.67,GHS,MoFA SRID
Tema Community One Main Market,Greater Accra,TMA-Tema East,2025-08-23,Soybeans,Wholesale,18.67,GHS,MoFA SRID
Tema Community One Main Market,Greater Accra,TMA-Tema East,2025-08-23,Tomatoes (navrongo),Wholesale,20.39,GHS,MoFA SRID
Tema Community One Main Market,Greater Accra,TMA-Tema East,2025-08-23,Yam,Wholesale,36.81,GHS,MoFA SRID
Tema Community One Main Market,Greater Accra,TMA-Tema East,2025-08-23,Yam (puna),Wholesale,49.35,GHS,MoFA SRID
Nkwanta,Oti,Nkwanta South Municipal,2025-08-24,Cassava,Retail,6.11,GHS,MoFA SRID
Nkwanta,Oti,Nkwanta South Municipal,2025-08-24,Cassava,Wholesale,4.17,GHS,MoFA SRID
Nkwanta,Oti,Nkwanta South Municipal,2025-08-24,Cowpeas (white),Retail,19.99,GHS,MoFA SRID
Nkwanta,Oti,Nkwanta South Municipal,2025-08-24,Cowpeas (white),Wholesale,15.38,GHS,MoFA SRID
Nkwanta,Oti,Nkwanta South Municipal,2025-08-24,Eggplants,Retail,14.29,GHS,MoFA SRID
Nkwanta,Oti,Nkwanta South Municipal,2025-08-24,Eggplants,Wholesale,11.9,GHS,MoFA SRID
Nkwanta,Oti,Nkwanta South Municipal,2025-08-24,Eggs,Retail,68.0,GHS,MoFA SRID
Nkwanta,Oti,Nkwanta South Municipal,2025-08-24,Eggs,Wholesale,65.0,GHS,MoFA SRID
Nkwanta,Oti,Nkwanta South Municipal,2025-08-24,Gari,Retail,10.42,GHS,MoFA SRID
Nkwanta,Oti,Nkwanta South Municipal,2025-08-24,Gari,Wholesale,8.57,GHS,MoFA SRID
Nkwanta,Oti,Nkwanta South Municipal,2025-08-24,Maize,Retail,8.07,GHS,MoFA SRID
Nkwanta,Oti,Nkwanta South Municipal,2025-08-24,Maize,Wholesale,7.2,GHS,MoFA SRID
Nkwanta,Oti,Nkwanta South Municipal,2025-08-24,Maize (yellow),Retail,7.95,GHS,MoFA SRID
Nkwanta,Oti,Nkwanta South Municipal,2025-08-24,Meat (chicken),Retail,55.56,GHS,MoFA SRID
Nkwanta,Oti,Nkwanta South Municipal,2025-08-24,Meat (chicken),Wholesale,50.0,GHS,MoFA SRID
Nkwanta,Oti,Nkwanta South Municipal,2025-08-24,Millet,Retail,12.0,GHS,MoFA SRID
Nkwanta,Oti,Nkwanta South Municipal,2025-08-24,Millet,Wholesale,10.33,GHS,MoFA SRID
Nkwanta,Oti,Nkwanta South Municipal,2025-08-24,Onions,Retail,25.0,GHS,MoFA SRID
Nkwanta,Oti,Nkwanta South Municipal,2025-08-24,Onions,Wholesale,20.83,GHS,MoFA SRID
Nkwanta,Oti,Nkwanta South Municipal,2025-08-24,Peppers (dried),Retail,90.0,GHS,MoFA SRID
Nkwanta,Oti,Nkwanta South Municipal,2025-08-24,Peppers (dried),Wholesale,70.0,GHS,MoFA SRID
Nkwanta,Oti,Nkwanta South Municipal,2025-08-24,Peppers (fresh),Retail,23.33,GHS,MoFA SRID
Nkwanta,Oti,Nkwanta South Municipal,2025-08-24,Peppers (fresh),Wholesale,13.51,GHS,MoFA SRID
Nkwanta,Oti,Nkwanta South Municipal,2025-08-24,Plantains (apem),Retail,10.0,GHS,MoFA SRID
Nkwanta,Oti,Nkwanta South Municipal,2025-08-24,Plantains (apem),Wholesale,5.47,GHS,MoFA SRID
Nkwanta,Oti,Nkwanta South Municipal,2025-08-24,Plantains (apentu),Retail,9.68,GHS,MoFA SRID
Nkwanta,Oti,Nkwanta South Municipal,2025-08-24,Plantains (apentu),Wholesale,5.0,GHS,MoFA SRID
Nkwanta,Oti,Nkwanta South Municipal,2025-08-24,Rice (imported),Retail,21.87,GHS,MoFA SRID
Nkwanta,Oti,Nkwanta South Municipal,2025-08-24,Rice (imported),Wholesale,13.17,GHS,MoFA SRID
Nkwanta,Oti,Nkwanta South Municipal,2025-08-24,Rice (local),Retail,12.75,GHS,MoFA SRID
Nkwanta,Oti,Nkwanta South Municipal,2025-08-24,Rice (local),Wholesale,10.56,GHS,MoFA SRID
Nkwanta,Oti,Nkwanta South Municipal,2025-08-24,Sorghum,Retail,10.28,GHS,MoFA SRID
Nkwanta,Oti,Nkwanta South Municipal,2025-08-24,Sorghum,Wholesale,8.85,GHS,MoFA SRID
Nkwanta,Oti,Nkwanta South Municipal,2025-08-24,Soybeans,Retail,9.62,GHS,MoFA SRID
Nkwanta,Oti,Nkwanta South Municipal,2025-08-24,Soybeans,Wholesale,8.33,GHS,MoFA SRID
Nkwanta,Oti,Nkwanta South Municipal,2025-08-24,Tomatoes (local),Retail,10.28,GHS,MoFA SRID
Nkwanta,Oti,Nkwanta South Municipal,2025-08-24,Tomatoes (local),Wholesale,5.11,GHS,MoFA SRID
Nkwanta,Oti,Nkwanta South Municipal,2025-08-24,Tomatoes (navrongo),Retail,16.19,GHS,MoFA SRID
Nkwanta,Oti,Nkwanta South Municipal,2025-08-24,Tomatoes (navrongo),Wholesale,10.83,GHS,MoFA SRID
Nkwanta,Oti,Nkwanta South Municipal,2025-08-24,Yam (puna),Retail,10.56,GHS,MoFA SRID
Nkwanta,Oti,Nkwanta South Municipal,2025-08-24,Yam (puna),Wholesale,6.46,GHS,MoFA SRID
Agbogbloshie,Greater Accra,AMA-Okaikoi South,2025-08-25,Eggs,Retail,66.67,GHS,MoFA SRID
Agbogbloshie,Greater Accra,AMA-Okaikoi South,2025-08-25,Gari,Retail,12.0,GHS,MoFA SRID
Agbogbloshie,Greater Accra,AMA-Okaikoi South,2025-08-25,Maize,Retail,10.8,GHS,MoFA SRID
Agbogbloshie,Greater Accra,AMA-Okaikoi South,2025-08-25,Maize (yellow),Retail,12.0,GHS,MoFA SRID
Agbogbloshie,Greater Accra,AMA-Okaikoi South,2025-08-25,Millet,Retail,16.67,GHS,MoFA SRID
Agbogbloshie,Greater Accra,AMA-Okaikoi South,2025-08-25,Peppers (fresh),Retail,24.17,GHS,MoFA SRID
Agbogbloshie,Greater Accra,AMA-Okaikoi South,2025-08-25,Rice (imported),Retail,18.0,GHS,MoFA SRID
Agbogbloshie,Greater Accra,AMA-Okaikoi South,2025-08-25,Rice (local),Retail,15.67,GHS,MoFA SRID
Agbogbloshie,Greater Accra,AMA-Okaikoi South,2025-08-25,Sorghum,Retail,11.11,GHS,MoFA SRID
Agbogbloshie,Greater Accra,AMA-Okaikoi South,2025-08-25,Tomatoes (local),Retail,12.7,GHS,MoFA SRID
Agbogbloshie,Greater Accra,AMA-Okaikoi South,2025-08-25,Tomatoes (navrongo),Retail,15.28,GHS,MoFA SRID
Kintampo,Bono East,Kintampo North Municipal,2025-08-25,Cassava,Retail,6.61,GHS,MoFA SRID
Kintampo,Bono East,Kintampo North Municipal,2025-08-25,Cassava,Wholesale,8.63,GHS,MoFA SRID
Kintampo,Bono East,Kintampo North Municipal,2025-08-25,Cowpeas (white),Retail,10.75,GHS,MoFA SRID
Kintampo,Bono East,Kintampo North Municipal,2025-08-25,Cowpeas (white),Wholesale,11.43,GHS,MoFA SRID
Kintampo,Bono East,Kintampo North Municipal,2025-08-25,Eggplants,Retail,21.99,GHS,MoFA SRID
Kintampo,Bono East,Kintampo North Municipal,2025-08-25,Eggplants,Wholesale,15.99,GHS,MoFA SRID
Kintampo,Bono East,Kintampo North Municipal,2025-08-25,Gari,Retail,9.42,GHS,MoFA SRID
Kintampo,Bono East,Kintampo North Municipal,2025-08-25,Gari,Wholesale,8.15,GHS,MoFA SRID
Kintampo,Bono East,Kintampo North Municipal,2025-08-25,Maize,Retail,6.67,GHS,MoFA SRID
Kintampo,Bono East,Kintampo North Municipal,2025-08-25,Maize,Wholesale,5.48,GHS,MoFA SRID
Kintampo,Bono East,Kintampo North Municipal,2025-08-25,Maize (yellow),Retail,6.51,GHS,MoFA SRID
Kintampo,Bono East,Kintampo North Municipal,2025-08-25,Maize (yellow),Wholesale,5.35,GHS,MoFA SRID
Kintampo,Bono East,Kintampo North Municipal,2025-08-25,Millet,Retail,11.0,GHS,MoFA SRID
Kintampo,Bono East,Kintampo North Municipal,2025-08-25,Millet,Wholesale,6.87,GHS,MoFA SRID
Kintampo,Bono East,Kintampo North Municipal,2025-08-25,Onions,Retail,16.39,GHS,MoFA SRID
Kintampo,Bono East,Kintampo North Municipal,2025-08-25,Onions,Wholesale,15.84,GHS,MoFA SRID
Kintampo,Bono East,Kintampo North Municipal,2025-08-25,Peppers (dried),Retail,108.33,GHS,MoFA SRID
Kintampo,Bono East,Kintampo North Municipal,2025-08-25,Peppers (dried),Wholesale,111.51,GHS,MoFA SRID
Kintampo,Bono East,Kintampo North Municipal,2025-08-25,Peppers (fresh),Retail,34.44,GHS,MoFA SRID
Kintampo,Bono East,Kintampo North Municipal,2025-08-25,Peppers (fresh),Wholesale,23.32,GHS,MoFA SRID
Kintampo,Bono East,Kintampo North Municipal,2025-08-25,Plantains (apem),Retail,35.43,GHS,MoFA SRID
Kintampo,Bono East,Kintampo North Municipal,2025-08-25,Plantains (apem),Wholesale,37.82,GHS,MoFA SRID
Kintampo,Bono East,Kintampo North Municipal,2025-08-25,Plantains (apentu),Retail,24.42,GHS,MoFA SRID
Kintampo,Bono East,Kintampo North Municipal,2025-08-25,Plantains (apentu),Wholesale,28.88,GHS,MoFA SRID
Kintampo,Bono East,Kintampo North Municipal,2025-08-25,Rice (imported),Retail,10.75,GHS,MoFA SRID
Kintampo,Bono East,Kintampo North Municipal,2025-08-25,Rice (imported),Wholesale,16.53,GHS,MoFA SRID
Kintampo,Bono East,Kintampo North Municipal,2025-08-25,Rice (local),Retail,11.16,GHS,MoFA SRID
Kintampo,Bono East,Kintampo North Municipal,2025-08-25,Rice (local),Wholesale,10.24,GHS,MoFA SRID
Kintampo,Bono East,Kintampo North Municipal,2025-08-25,Sorghum,Retail,8.92,GHS,MoFA SRID
Kintampo,Bono East,Kintampo North Municipal,2025-08-25,Sorghum,Wholesale,7.8,GHS,MoFA SRID
Kintampo,Bono East,Kintampo North Municipal,2025-08-25,Tomatoes (local),Retail,18.33,GHS,MoFA SRID
Kintampo,Bono East,Kintampo North Municipal,2025-08-25,Tomatoes (local),Wholesale,31.72,GHS,MoFA SRID
Kintampo,Bono East,Kintampo North Municipal,2025-08-25,Yam,Retail,9.33,GHS,MoFA SRID
Kintampo,Bono East,Kintampo North Municipal,2025-08-25,Yam,Wholesale,8.15,GHS,MoFA SRID
Kintampo,Bono East,Kintampo North Municipal,2025-08-25,Yam (puna),Retail,16.64,GHS,MoFA SRID
Kintampo,Bono East,Kintampo North Municipal,2025-08-25,Yam (puna),Wholesale,9.84,GHS,MoFA SRID
Obuasi,Ashanti,Obuasi Municipal,2025-08-25,Cowpeas (white),Retail,19.61,GHS,MoFA SRID
Obuasi,Ashanti,Obuasi Municipal,2025-08-25,Eggs,Retail,63.33,GHS,MoFA SRID
Obuasi,Ashanti,Obuasi Municipal,2025-08-25,Maize,Retail,14.83,GHS,MoFA SRID
Obuasi,Ashanti,Obuasi Municipal,2025-08-25,Onions,Retail,26.31,GHS,MoFA SRID
Obuasi,Ashanti,Obuasi Municipal,2025-08-25,Peppers (fresh),Retail,103.7,GHS,MoFA SRID
Obuasi,Ashanti,Obuasi Municipal,2025-08-25,Tomatoes (navrongo),Retail,21.49,GHS,MoFA SRID
Nana Bosomah,Bono,Sunyani Municipal,2025-08-26,Eggs,Retail,50.0,GHS,MoFA SRID
Nana Bosomah,Bono,Sunyani Municipal,2025-08-26,Meat (chicken),Retail,50.0,GHS,MoFA SRID
Obuasi,Ashanti,Obuasi Municipal,2025-08-26,Cassava,Retail,4.05,GHS,MoFA SRID
Obuasi,Ashanti,Obuasi Municipal,2025-08-26,Eggplants,Retail,19.58,GHS,MoFA SRID
Obuasi,Ashanti,Obuasi Municipal,2025-08-26,Maize (yellow),Retail,11.85,GHS,MoFA SRID
Obuasi,Ashanti,Obuasi Municipal,2025-08-26,Millet,Retail,15.19,GHS,MoFA SRID
Obuasi,Ashanti,Obuasi Municipal,2025-08-26,Plantains (apem),Retail,19.31,GHS,MoFA SRID
Obuasi,Ashanti,Obuasi Municipal,2025-08-26,Plantains (apentu),Retail,17.17,GHS,MoFA SRID
Obuasi,Ashanti,Obuasi Municipal,2025-08-26,Soybeans,Retail,11.7,GHS,MoFA SRID
Obuasi,Ashanti,Obuasi Municipal,2025-08-26,Yam (puna),Retail,13.04,GHS,MoFA SRID
Tema Community One Main Market,Greater Accra,TMA-Tema East,2025-08-26,Cowpeas (white),Retail,25.0,GHS,MoFA SRID
Tema Community One Main Market,Greater Accra,TMA-Tema East,2025-08-26,Eggplants,Retail,44.44,GHS,MoFA SRID
Tema Community One Main Market,Greater Accra,TMA-Tema East,2025-08-26,Eggs,Retail,75.0,GHS,MoFA SRID
Tema Community One Main Market,Greater Accra,TMA-Tema East,2025-08-26,Gari,Retail,20.0,GHS,MoFA SRID
Tema Community One Main Market,Greater Accra,TMA-Tema East,2025-08-26,Maize,Retail,12.0,GHS,MoFA SRID
Tema Community One Main Market,Greater Accra,TMA-Tema East,2025-08-26,Maize (yellow),Retail,13.52,GHS,MoFA SRID
Tema Community One Main Market,Greater Accra,TMA-Tema East,2025-08-26,Meat (chicken),Retail,43.17,GHS,MoFA SRID
Tema Community One Main Market,Greater Accra,TMA-Tema East,2025-08-26,Millet,Retail,22.5,GHS,MoFA SRID
Tema Community One Main Market,Greater Accra,TMA-Tema East,2025-08-26,Onions,Retail,32.38,GHS,MoFA SRID
Tema Community One Main Market,Greater Accra,TMA-Tema East,2025-08-26,Peppers (dried),Retail,77.78,GHS,MoFA SRID
Tema Community One Main Market,Greater Accra,TMA-Tema East,2025-08-26,Peppers (fresh),Retail,52.22,GHS,MoFA SRID
Tema Community One Main Market,Greater Accra,TMA-Tema East,2025-08-26,Plantains (apem),Retail,62.5,GHS,MoFA SRID
Tema Community One Main Market,Greater Accra,TMA-Tema East,2025-08-26,Plantains (apentu),Retail,39.29,GHS,MoFA SRID
Tema Community One Main Market,Greater Accra,TMA-Tema East,2025-08-26,Rice (imported),Retail,22.67,GHS,MoFA SRID
Tema Community One Main Market,Greater Accra,TMA-Tema East,2025-08-26,Rice (local),Retail,22.67,GHS,MoFA SRID
Tema Community One Main Market,Greater Accra,TMA-Tema East,2025-08-26,Sorghum,Retail,22.5,GHS,MoFA SRID
Tema Community One Main Market,Greater Accra,TMA-Tema East,2025-08-26,Soybeans,Retail,20.0,GHS,MoFA SRID
Tema Community One Main Market,Greater Accra,TMA-Tema East,2025-08-26,Tomatoes (navrongo),Retail,38.89,GHS,MoFA SRID
Tema Community One Main Market,Greater Accra,TMA-Tema East,2025-08-26,Yam (puna),Retail,61.51,GHS,MoFA SRID
Wa,Upper West,Wa Municipal,2025-08-26,Maize,Wholesale,4.0,GHS,MoFA SRID
Wa,Upper West,Wa Municipal,2025-08-26,Maize (yellow),Wholesale,4.0,GHS,MoFA SRID
Wa,Upper West,Wa Municipal,2025-08-26,Millet,Wholesale,14.0,GHS,MoFA SRID
Wa,Upper West,Wa Municipal,2025-08-26,Sorghum,Wholesale,5.6,GHS,MoFA SRID
Wa,Upper West,Wa Municipal,2025-08-26,Yam,Wholesale,10.48,GHS,MoFA SRID
Wa,Upper West,Wa Municipal,2025-08-26,Yam (puna),Wholesale,22.85,GHS,MoFA SRID
Koforidua,Eastern,New Juaben South Municipal,2025-08-27,Eggplants,Wholesale,13.33,GHS,MoFA SRID
Koforidua,Eastern,New Juaben South Municipal,2025-08-27,Eggs,Retail,59.33,GHS,MoFA SRID
Koforidua,Eastern,New Juaben South Municipal,2025-08-27,Eggs,Wholesale,55.0,GHS,MoFA SRID
Koforidua,Eastern,New Juaben South Municipal,2025-08-27,Gari,Retail,13.02,GHS,MoFA SRID
Koforidua,Eastern,New Juaben South Municipal,2025-08-27,Onions,Retail,17.69,GHS,MoFA SRID
Koforidua,Eastern,New Juaben South Municipal,2025-08-27,Onions,Wholesale,20.0,GHS,MoFA SRID
Koforidua,Eastern,New Juaben South Municipal,2025-08-27,Peppers (fresh),Wholesale,20.59,GHS,MoFA SRID
Koforidua,Eastern,New Juaben South Municipal,2025-08-27,Plantains (apentu),Wholesale,22.53,GHS,MoFA SRID
Koforidua,Eastern,New Juaben South Municipal,2025-08-27,Rice (imported),Retail,15.56,GHS,MoFA SRID
Koforidua,Eastern,New Juaben South Municipal,2025-08-27,Tomatoes (local),Retail,9.01,GHS,MoFA SRID
Koforidua,Eastern,New Juaben South Municipal,2025-08-27,Tomatoes (local),Wholesale,8.82,GHS,MoFA SRID
Koforidua,Eastern,New Juaben South Municipal,2025-08-27,Yam (puna),Retail,19.79,GHS,MoFA SRID
Koforidua,Eastern,New Juaben South Municipal,2025-08-27,Yam (puna),Wholesale,14.29,GHS,MoFA SRID
Mankessim,Central,Mfantsiman Municipal,2025-08-27,Cassava,Retail,7.13,GHS,MoFA SRID
Mankessim,Central,Mfantsiman Municipal,2025-08-27,Cowpeas (white),Retail,24.0,GHS,MoFA SRID
Mankessim,Central,Mfantsiman Municipal,2025-08-27,Eggplants,Retail,23.41,GHS,MoFA SRID
Mankessim,Central,Mfantsiman Municipal,2025-08-27,Eggs,Retail,58.0,GHS,MoFA SRID
Mankessim,Central,Mfantsiman Municipal,2025-08-27,Gari,Retail,13.18,GHS,MoFA SRID
Mankessim,Central,Mfantsiman Municipal,2025-08-27,Maize,Retail,5.51,GHS,MoFA SRID
Mankessim,Central,Mfantsiman Municipal,2025-08-27,Maize (yellow),Retail,6.35,GHS,MoFA SRID
Mankessim,Central,Mfantsiman Municipal,2025-08-27,Meat (chicken),Retail,42.0,GHS,MoFA SRID
Mankessim,Central,Mfantsiman Municipal,2025-08-27,Millet,Retail,21.1,GHS,MoFA SRID
Mankessim,Central,Mfantsiman Municipal,2025-08-27,Onions,Retail,19.47,GHS,MoFA SRID
Mankessim,Central,Mfantsiman Municipal,2025-08-27,Peppers (dried),Retail,115.41,GHS,MoFA SRID
Mankessim,Central,Mfantsiman Municipal,2025-08-27,Peppers (fresh),Retail,60.7,GHS,MoFA SRID
Mankessim,Central,Mfantsiman Municipal,2025-08-27,Plantains (apem),Retail,27.56,GHS,MoFA SRID
Mankessim,Central,Mfantsiman Municipal,2025-08-27,Plantains (apentu),Retail,23.38,GHS,MoFA SRID
Mankessim,Central,Mfantsiman Municipal,2025-08-27,Rice (imported),Retail,16.07,GHS,MoFA SRID
Mankessim,Central,Mfantsiman Municipal,2025-08-27,Rice (local),Retail,16.8,GHS,MoFA SRID
Mankessim,Central,Mfantsiman Municipal,2025-08-27,Soybeans,Retail,20.83,GHS,MoFA SRID
Mankessim,Central,Mfantsiman Municipal,2025-08-27,Tomatoes (local),Retail,15.54,GHS,MoFA SRID
Mankessim,Central,Mfantsiman Municipal,2025-08-27,Tomatoes (navrongo),Retail,13.79,GHS,MoFA SRID
Mankessim,Central,Mfantsiman Municipal,2025-08-27,Yam (puna),Retail,16.38,GHS,MoFA SRID
Techiman,Bono East,Techiman Municipal,2025-08-27,Cassava,Wholesale,1.79,GHS,MoFA SRID
Techiman,Bono East,Techiman Municipal,2025-08-27,Cowpeas (white),Wholesale,17.24,GHS,MoFA SRID
Techiman,Bono East,Techiman Municipal,2025-08-27,Eggplants,Wholesale,19.3,GHS,MoFA SRID
Techiman,Bono East,Techiman Municipal,2025-08-27,Eggs,Wholesale,61.33,GHS,MoFA SRID
Techiman,Bono East,Techiman Municipal,2025-08-27,Gari,Wholesale,10.83,GHS,MoFA SRID
Techiman,Bono East,Techiman Municipal,2025-08-27,Maize,Wholesale,4.43,GHS,MoFA SRID
Techiman,Bono East,Techiman Municipal,2025-08-27,Maize (yellow),Wholesale,6.54,GHS,MoFA SRID
Techiman,Bono East,Techiman Municipal,2025-08-27,Meat (chicken),Wholesale,38.5,GHS,MoFA SRID
Techiman,Bono East,Techiman Municipal,2025-08-27,Millet,Wholesale,11.06,GHS,MoFA SRID
Techiman,Bono East,Techiman Municipal,2025-08-27,Onions,Wholesale,14.95,GHS,MoFA SRID
Techiman,Bono East,Techiman Municipal,2025-08-27,Peppers (dried),Wholesale,100.38,GHS,MoFA SRID
Techiman,Bono East,Techiman Municipal,2025-08-27,Peppers (fresh),Wholesale,20.67,GHS,MoFA SRID
Techiman,Bono East,Techiman Municipal,2025-08-27,Plantains (apem),Wholesale,19.62,GHS,MoFA SRID
Techiman,Bono East,Techiman Municipal,2025-08-27,Plantains (apentu),Wholesale,16.14,GHS,MoFA SRID
Techiman,Bono East,Techiman Municipal,2025-08-27,Rice (imported),Wholesale,14.46,GHS,MoFA SRID
Techiman,Bono East,Techiman Municipal,2025-08-27,Rice (local),Wholesale,11.57,GHS,MoFA SRID
Techiman,Bono East,Techiman Municipal,2025-08-27,Sorghum,Wholesale,8.4,GHS,MoFA SRID
Techiman,Bono East,Techiman Municipal,2025-08-27,Soybeans,Wholesale,8.4,GHS,MoFA SRID
Techiman,Bono East,Techiman Municipal,2025-08-27,Tomatoes (local),Wholesale,16.1,GHS,MoFA SRID
Techiman,Bono East,Techiman Municipal,2025-08-27,Yam,Wholesale,7.08,GHS,MoFA SRID
Techiman,Bono East,Techiman Municipal,2025-08-27,Yam (puna),Wholesale,10.22,GHS,MoFA SRID
Bibiani,Western North,Bibiani Anhwiaso Bekwai Municipal,2025-08-28,Cassava,Retail,4.86,GHS,MoFA SRID
Bibiani,Western North,Bibiani Anhwiaso Bekwai Municipal,2025-08-28,Cowpeas (white),Retail,13.79,GHS,MoFA SRID
Bibiani,Western North,Bibiani Anhwiaso Bekwai Municipal,2025-08-28,Eggplants,Retail,22.29,GHS,MoFA SRID
Bibiani,Western North,Bibiani Anhwiaso Bekwai Municipal,2025-08-28,Eggs,Retail,65.0,GHS,MoFA SRID
Bibiani,Western North,Bibiani Anhwiaso Bekwai Municipal,2025-08-28,Gari,Retail,22.78,GHS,MoFA SRID
Bibiani,Western North,Bibiani Anhwiaso Bekwai Municipal,2025-08-28,Maize,Retail,13.75,GHS,MoFA SRID
Bibiani,Western North,Bibiani Anhwiaso Bekwai Municipal,2025-08-28,Maize (yellow),Retail,12.07,GHS,MoFA SRID
Bibiani,Western North,Bibiani Anhwiaso Bekwai Municipal,2025-08-28,Millet,Retail,43.89,GHS,MoFA SRID
Bibiani,Western North,Bibiani Anhwiaso Bekwai Municipal,2025-08-28,Onions,Retail,34.59,GHS,MoFA SRID
Bibiani,Western North,Bibiani Anhwiaso Bekwai Municipal,2025-08-28,Peppers (dried),Retail,23.67,GHS,MoFA SRID
Bibiani,Western North,Bibiani Anhwiaso Bekwai Municipal,2025-08-28,Peppers (fresh),Retail,50.19,GHS,MoFA SRID
Bibiani,Western North,Bibiani Anhwiaso Bekwai Municipal,2025-08-28,Plantains (apem),Retail,19.63,GHS,MoFA SRID
Bibiani,Western North,Bibiani Anhwiaso Bekwai Municipal,2025-08-28,Plantains (apentu),Retail,17.13,GHS,MoFA SRID
Bibiani,Western North,Bibiani Anhwiaso Bekwai Municipal,2025-08-28,Rice (imported),Retail,24.36,GHS,MoFA SRID
Bibiani,Western North,Bibiani Anhwiaso Bekwai Municipal,2025-08-28,Rice (local),Retail,22.05,GHS,MoFA SRID
Bibiani,Western North,Bibiani Anhwiaso Bekwai Municipal,2025-08-28,Soybeans,Retail,13.17,GHS,MoFA SRID
Bibiani,Western North,Bibiani Anhwiaso Bekwai Municipal,2025-08-28,Tomatoes (local),Retail,8.95,GHS,MoFA SRID
Bibiani,Western North,Bibiani Anhwiaso Bekwai Municipal,2025-08-28,Tomatoes (navrongo),Retail,14.74,GHS,MoFA SRID
Bibiani,Western North,Bibiani Anhwiaso Bekwai Municipal,2025-08-28,Yam,Retail,11.09,GHS,MoFA SRID
Bibiani,Western North,Bibiani Anhwiaso Bekwai Municipal,2025-08-28,Yam (puna),Retail,12.68,GHS,MoFA SRID
Bibiani,Western North,Bibiani Anhwiaso Bekwai Municipal,2025-08-29,Cowpeas (white),Wholesale,19.37,GHS,MoFA SRID
Bibiani,Western North,Bibiani Anhwiaso Bekwai Municipal,2025-08-29,Eggplants,Wholesale,31.68,GHS,MoFA SRID
Bibiani,Western North,Bibiani Anhwiaso Bekwai Municipal,2025-08-29,Gari,Wholesale,18.03,GHS,MoFA SRID
Bibiani,Western North,Bibiani Anhwiaso Bekwai Municipal,2025-08-29,Maize,Wholesale,9.29,GHS,MoFA SRID
Bibiani,Western North,Bibiani Anhwiaso Bekwai Municipal,2025-08-29,Maize (yellow),Wholesale,9.75,GHS,MoFA SRID
Bibiani,Western North,Bibiani Anhwiaso Bekwai Municipal,2025-08-29,Meat (chicken),Wholesale,20.02,GHS,MoFA SRID
Bibiani,Western North,Bibiani Anhwiaso Bekwai Municipal,2025-08-29,Millet,Wholesale,14.62,GHS,MoFA SRID
Bibiani,Western North,Bibiani Anhwiaso Bekwai Municipal,2025-08-29,Onions,Wholesale,52.3,GHS,MoFA SRID
Bibiani,Western North,Bibiani Anhwiaso Bekwai Municipal,2025-08-29,Peppers (dried),Wholesale,40.26,GHS,MoFA SRID
Bibiani,Western North,Bibiani Anhwiaso Bekwai Municipal,2025-08-29,Peppers (fresh),Wholesale,76.22,GHS,MoFA SRID
Bibiani,Western North,Bibiani Anhwiaso Bekwai Municipal,2025-08-29,Plantains (apem),Wholesale,15.38,GHS,MoFA SRID
Bibiani,Western North,Bibiani Anhwiaso Bekwai Municipal,2025-08-29,Plantains (apentu),Wholesale,19.1,GHS,MoFA SRID
Bibiani,Western North,Bibiani Anhwiaso Bekwai Municipal,2025-08-29,Rice (imported),Wholesale,16.56,GHS,MoFA SRID
Bibiani,Western North,Bibiani Anhwiaso Bekwai Municipal,2025-08-29,Rice (local),Wholesale,16.88,GHS,MoFA SRID
Bibiani,Western North,Bibiani Anhwiaso Bekwai Municipal,2025-08-29,Soybeans,Wholesale,15.52,GHS,MoFA SRID
Bibiani,Western North,Bibiani Anhwiaso Bekwai Municipal,2025-08-29,Tomatoes (local),Wholesale,32.2,GHS,MoFA SRID
Bibiani,Western North,Bibiani Anhwiaso Bekwai Municipal,2025-08-29,Tomatoes (navrongo),Wholesale,37.76,GHS,MoFA SRID
Bibiani,Western North,Bibiani Anhwiaso Bekwai Municipal,2025-08-29,Yam,Wholesale,15.11,GHS,MoFA SRID
Bibiani,Western North,Bibiani Anhwiaso Bekwai Municipal,2025-08-29,Yam (puna),Wholesale,9.14,GHS,MoFA SRID
Goaso,Ahafo,Asunafo North Municipal,2025-08-29,Cowpeas (white),Wholesale,15.91,GHS,MoFA SRID
Goaso,Ahafo,Asunafo North Municipal,2025-08-29,Eggplants,Wholesale,10.93,GHS,MoFA SRID
Goaso,Ahafo,Asunafo North Municipal,2025-08-29,Eggs,Wholesale,50.0,GHS,MoFA SRID
Goaso,Ahafo,Asunafo North Municipal,2025-08-29,Gari,Wholesale,14.53,GHS,MoFA SRID
Goaso,Ahafo,Asunafo North Municipal,2025-08-29,Maize,Wholesale,7.38,GHS,MoFA SRID
Goaso,Ahafo,Asunafo North Municipal,2025-08-29,Maize (yellow),Wholesale,7.37,GHS,MoFA SRID
Goaso,Ahafo,Asunafo North Municipal,2025-08-29,Millet,Wholesale,15.53,GHS,MoFA SRID
Goaso,Ahafo,Asunafo North Municipal,2025-08-29,Peppers (fresh),Wholesale,11.7,GHS,MoFA SRID
Goaso,Ahafo,Asunafo North Municipal,2025-08-29,Plantains (apentu),Wholesale,13.35,GHS,MoFA SRID
Goaso,Ahafo,Asunafo North Municipal,2025-08-29,Rice (local),Wholesale,13.8,GHS,MoFA SRID
Goaso,Ahafo,Asunafo North Municipal,2025-08-29,Sorghum,Wholesale,13.87,GHS,MoFA SRID
Goaso,Ahafo,Asunafo North Municipal,2025-08-29,Tomatoes (local),Wholesale,8.84,GHS,MoFA SRID
Goaso,Ahafo,Asunafo North Municipal,2025-08-29,Tomatoes (navrongo),Wholesale,12.11,GHS,MoFA SRID
Goaso,Ahafo,Asunafo North Municipal,2025-08-29,Yam (puna),Wholesale,10.85,GHS,MoFA SRID
Nana Bosomah,Bono,Sunyani Municipal,2025-08-29,Cassava,Retail,3.68,GHS,MoFA SRID
Nana Bosomah,Bono,Sunyani Municipal,2025-08-29,Cassava,Wholesale,2.0,GHS,MoFA SRID
Nana Bosomah,Bono,Sunyani Municipal,2025-08-29,Eggplants,Retail,12.31,GHS,MoFA SRID
Nana Bosomah,Bono,Sunyani Municipal,2025-08-29,Gari,Retail,12.5,GHS,MoFA SRID
Nana Bosomah,Bono,Sunyani Municipal,2025-08-29,Maize,Retail,5.61,GHS,MoFA SRID
Nana Bosomah,Bono,Sunyani Municipal,2025-08-29,Maize,Wholesale,3.08,GHS,MoFA SRID
Nana Bosomah,Bono,Sunyani Municipal,2025-08-29,Maize (yellow),Retail,5.61,GHS,MoFA SRID
Nana Bosomah,Bono,Sunyani Municipal,2025-08-29,Maize (yellow),Wholesale,3.08,GHS,MoFA SRID
Nana Bosomah,Bono,Sunyani Municipal,2025-08-29,Millet,Retail,12.5,GHS,MoFA SRID
Nana Bosomah,Bono,Sunyani Municipal,2025-08-29,Onions,Retail,15.26,GHS,MoFA SRID
Nana Bosomah,Bono,Sunyani Municipal,2025-08-29,Peppers (dried),Wholesale,74.07,GHS,MoFA SRID
Nana Bosomah,Bono,Sunyani Municipal,2025-08-29,Peppers (fresh),Wholesale,22.73,GHS,MoFA SRID
Nana Bosomah,Bono,Sunyani Municipal,2025-08-29,Plantains (apem),Retail,25.0,GHS,MoFA SRID
Nana Bosomah,Bono,Sunyani Municipal,2025-08-29,Plantains (apem),Wholesale,15.11,GHS,MoFA SRID
Nana Bosomah,Bono,Sunyani Municipal,2025-08-29,Plantains (apentu),Retail,27.38,GHS,MoFA SRID
Nana Bosomah,Bono,Sunyani Municipal,2025-08-29,Plantains (apentu),Wholesale,17.98,GHS,MoFA SRID
Nana Bosomah,Bono,Sunyani Municipal,2025-08-29,Rice (imported),Retail,20.66,GHS,MoFA SRID
Nana Bosomah,Bono,Sunyani Municipal,2025-08-29,Rice (imported),Wholesale,17.55,GHS,MoFA SRID
Nana Bosomah,Bono,Sunyani Municipal,2025-08-29,Rice (local),Retail,12.59,GHS,MoFA SRID
Nana Bosomah,Bono,Sunyani Municipal,2025-08-29,Rice (local),Wholesale,11.0,GHS,MoFA SRID
Nana Bosomah,Bono,Sunyani Municipal,2025-08-29,Sorghum,Retail,12.0,GHS,MoFA SRID
Nana Bosomah,Bono,Sunyani Municipal,2025-08-29,Tomatoes (local),Retail,8.7,GHS,MoFA SRID
Nana Bosomah,Bono,Sunyani Municipal,2025-08-29,Tomatoes (local),Wholesale,7.94,GHS,MoFA SRID
Nana Bosomah,Bono,Sunyani Municipal,2025-08-29,Tomatoes (navrongo),Retail,17.39,GHS,MoFA SRID
Nana Bosomah,Bono,Sunyani Municipal,2025-08-29,Tomatoes (navrongo),Wholesale,14.7,GHS,MoFA SRID
Nana Bosomah,Bono,Sunyani Municipal,2025-08-29,Yam,Retail,9.22,GHS,MoFA SRID
Nana Bosomah,Bono,Sunyani Municipal,2025-08-29,Yam,Wholesale,8.08,GHS,MoFA SRID
Nana Bosomah,Bono,Sunyani Municipal,2025-08-29,Yam (puna),Retail,8.96,GHS,MoFA SRID
Nana Bosomah,Bono,Sunyani Municipal,2025-08-29,Yam (puna),Wholesale,8.08,GHS,MoFA SRID
Bolga,Upper East,Bolgatanga Municipal,2025-08-30,Cowpeas (white),Retail,12.07,GHS,MoFA SRID
Bolga,Upper East,Bolgatanga Municipal,2025-08-30,Eggplants,Retail,6.67,GHS,MoFA SRID
Bolga,Upper East,Bolgatanga Municipal,2025-08-30,Maize,Retail,5.17,GHS,MoFA SRID
Bolga,Upper East,Bolgatanga Municipal,2025-08-30,Maize,Wholesale,4.5,GHS,MoFA SRID
Bolga,Upper East,Bolgatanga Municipal,2025-08-30,Maize (yellow),Retail,5.17,GHS,MoFA SRID
Bolga,Upper East,Bolgatanga Municipal,2025-08-30,Maize (yellow),Wholesale,4.5,GHS,MoFA SRID
Bolga,Upper East,Bolgatanga Municipal,2025-08-30,Millet,Retail,11.49,GHS,MoFA SRID
Bolga,Upper East,Bolgatanga Municipal,2025-08-30,Onions,Retail,6.67,GHS,MoFA SRID
Bolga,Upper East,Bolgatanga Municipal,2025-08-30,Peppers (dried),Retail,5.0,GHS,MoFA SRID
Bolga,Upper East,Bolgatanga Municipal,2025-08-30,Peppers (fresh),Retail,5.0,GHS,MoFA SRID
Bolga,Upper East,Bolgatanga Municipal,2025-08-30,Rice (imported),Retail,16.09,GHS,MoFA SRID
Bolga,Upper East,Bolgatanga Municipal,2025-08-30,Rice (local),Retail,9.71,GHS,MoFA SRID
Bolga,Upper East,Bolgatanga Municipal,2025-08-30,Sorghum,Retail,7.59,GHS,MoFA SRID
Bolga,Upper East,Bolgatanga Municipal,2025-08-30,Soybeans,Retail,8.51,GHS,MoFA SRID
Bolga,Upper East,Bolgatanga Municipal,2025-08-30,Tomatoes (navrongo),Retail,8.33,GHS,MoFA SRID
Gbintiri,North East,East Mamprusi Municipal,2025-08-30,Cowpeas (white),Retail,15.78,GHS,MoFA SRID
Gbintiri,North East,East Mamprusi Municipal,2025-08-30,Eggs,Retail,64.0,GHS,MoFA SRID
Gbintiri,North East,East Mamprusi Municipal,2025-08-30,Gari,Retail,15.01,GHS,MoFA SRID
Gbintiri,North East,East Mamprusi Municipal,2025-08-30,Maize,Retail,7.61,GHS,MoFA SRID
Gbintiri,North East,East Mamprusi Municipal,2025-08-30,Maize (yellow),Retail,4.34,GHS,MoFA SRID
Gbintiri,North East,East Mamprusi Municipal,2025-08-30,Millet,Retail,8.36,GHS,MoFA SRID
Gbintiri,North East,East Mamprusi Municipal,2025-08-30,Peppers (dried),Retail,34.49,GHS,MoFA SRID
Gbintiri,North East,East Mamprusi Municipal,2025-08-30,Sorghum,Retail,7.52,GHS,MoFA SRID
Gbintiri,North East,East Mamprusi Municipal,2025-08-30,Soybeans,Retail,6.77,GHS,MoFA SRID
Gbintiri,North East,East Mamprusi Municipal,2025-08-30,Yam (puna),Retail,14.64,GHS,MoFA SRID
Gbintiri,North East,East Mamprusi Municipal,2025-08-31,Cowpeas (white),Retail,15.25,GHS,MoFA SRID
Gbintiri,North East,East Mamprusi Municipal,2025-08-31,Gari,Retail,15.2,GHS,MoFA SRID
Gbintiri,North East,East Mamprusi Municipal,2025-08-31,Maize,Retail,4.02,GHS,MoFA SRID
Gbintiri,North East,East Mamprusi Municipal,2025-08-31,Maize (yellow),Retail,3.85,GHS,MoFA SRID
Gbintiri,North East,East Mamprusi Municipal,2025-08-31,Millet,Retail,7.63,GHS,MoFA SRID
Gbintiri,North East,East Mamprusi Municipal,2025-08-31,Peppers (dried),Retail,32.61,GHS,MoFA SRID
Gbintiri,North East,East Mamprusi Municipal,2025-08-31,Sorghum,Retail,7.42,GHS,MoFA SRID
Gbintiri,North East,East Mamprusi Municipal,2025-08-31,Soybeans,Retail,6.3,GHS,MoFA SRID
Gbintiri,North East,East Mamprusi Municipal,2025-08-31,Yam (puna),Retail,13.13,GHS,MoFA SRID
Kintampo,Bono East,Kintampo North Municipal,2025-08-31,Cassava,Wholesale,8.96,GHS,MoFA SRID
Kintampo,Bono East,Kintampo North Municipal,2025-08-31,Cowpeas (white),Wholesale,11.47,GHS,MoFA SRID
Kintampo,Bono East,Kintampo North Municipal,2025-08-31,Eggplants,Wholesale,17.88,GHS,MoFA SRID
Kintampo,Bono East,Kintampo North Municipal,2025-08-31,Gari,Wholesale,10.0,GHS,MoFA SRID
Kintampo,Bono East,Kintampo North Municipal,2025-08-31,Maize,Wholesale,4.18,GHS,MoFA SRID
Kintampo,Bono East,Kintampo North Municipal,2025-08-31,Maize (yellow),Wholesale,3.47,GHS,MoFA SRID
Kintampo,Bono East,Kintampo North Municipal,2025-08-31,Millet,Wholesale,7.65,GHS,MoFA SRID
Kintampo,Bono East,Kintampo North Municipal,2025-08-31,Onions,Wholesale,13.81,GHS,MoFA SRID
Kintampo,Bono East,Kintampo North Municipal,2025-08-31,Peppers (dried),Wholesale,90.3,GHS,MoFA SRID
Kintampo,Bono East,Kintampo North Municipal,2025-08-31,Peppers (fresh),Wholesale,39.97,GHS,MoFA SRID
Kintampo,Bono East,Kintampo North Municipal,2025-08-31,Rice (imported),Wholesale,15.27,GHS,MoFA SRID
Kintampo,Bono East,Kintampo North Municipal,2025-08-31,Rice (local),Wholesale,11.44,GHS,MoFA SRID
Kintampo,Bono East,Kintampo North Municipal,2025-08-31,Sorghum,Wholesale,7.55,GHS,MoFA SRID
Kintampo,Bono East,Kintampo North Municipal,2025-08-31,Tomatoes (local),Wholesale,15.14,GHS,MoFA SRID
Kintampo,Bono East,Kintampo North Municipal,2025-08-31,Yam,Wholesale,8.47,GHS,MoFA SRID
Kintampo,Bono East,Kintampo North Municipal,2025-08-31,Yam (puna),Wholesale,10.4,GHS,MoFA SRID
Nana Bosomah,Bono,Sunyani Municipal,2025-08-31,Cowpeas (white),Retail,16.67,GHS,MoFA SRID
Nana Bosomah,Bono,Sunyani Municipal,2025-08-31,Eggs,Retail,50.0,GHS,MoFA SRID
Nana Bosomah,Bono,Sunyani Municipal,2025-08-31,Meat (chicken),Retail,52.0,GHS,MoFA SRID
Nana Bosomah,Bono,Sunyani Municipal,2025-08-31,Peppers (dried),Retail,83.33,GHS,MoFA SRID
Nana Bosomah,Bono,Sunyani Municipal,2025-08-31,Peppers (fresh),Retail,50.0,GHS,MoFA SRID
Nana Bosomah,Bono,Sunyani Municipal,2025-08-31,Soybeans,Retail,12.5,GHS,MoFA SRID
Wa,Upper West,Wa Municipal,2025-08-31,Cowpeas (white),Retail,15.0,GHS,MoFA SRID
Wa,Upper West,Wa Municipal,2025-08-31,Gari,Retail,8.62,GHS,MoFA SRID
Wa,Upper West,Wa Municipal,2025-08-31,Maize,Retail,4.64,GHS,MoFA SRID
Wa,Upper West,Wa Municipal,2025-08-31,Maize (yellow),Retail,4.64,GHS,MoFA SRID
Wa,Upper West,Wa Municipal,2025-08-31,Millet,Retail,10.0,GHS,MoFA SRID
Wa,Upper West,Wa Municipal,2025-08-31,Onions,Retail,62.5,GHS,MoFA SRID
Wa,Upper West,Wa Municipal,2025-08-31,Peppers (dried),Retail,66.66,GHS,MoFA SRID
Wa,Upper West,Wa Municipal,2025-08-31,Peppers (fresh),Retail,33.33,GHS,MoFA SRID
Wa,Upper West,Wa Municipal,2025-08-31,Rice (imported),Retail,15.52,GHS,MoFA SRID
Wa,Upper West,Wa Municipal,2025-08-31,Rice (local),Retail,13.39,GHS,MoFA SRID
Wa,Upper West,Wa Municipal,2025-08-31,Sorghum,Retail,7.31,GHS,MoFA SRID
Wa,Upper West,Wa Municipal,2025-08-31,Soybeans,Retail,12.94,GHS,MoFA SRID
Wa,Upper West,Wa Municipal,2025-08-31,Tomatoes (local),Retail,6.0,GHS,MoFA SRID
Wa,Upper West,Wa Municipal,2025-08-31,Yam,Retail,16.14,GHS,MoFA SRID
Wa,Upper West,Wa Municipal,2025-08-31,Yam (puna),Retail,30.38,GHS,MoFA SRID
Kintampo,Bono East,Kintampo North Municipal,2025-09-01,Cassava,Retail,3.17,GHS,MoFA SRID
Kintampo,Bono East,Kintampo North Municipal,2025-09-01,Cowpeas (white),Retail,12.54,GHS,MoFA SRID
Kintampo,Bono East,Kintampo North Municipal,2025-09-01,Eggplants,Retail,17.64,GHS,MoFA SRID
Kintampo,Bono East,Kintampo North Municipal,2025-09-01,Gari,Retail,9.96,GHS,MoFA SRID
Kintampo,Bono East,Kintampo North Municipal,2025-09-01,Maize,Retail,3.89,GHS,MoFA SRID
Kintampo,Bono East,Kintampo North Municipal,2025-09-01,Maize (yellow),Retail,4.01,GHS,MoFA SRID
Kintampo,Bono East,Kintampo North Municipal,2025-09-01,Millet,Retail,11.79,GHS,MoFA SRID
Kintampo,Bono East,Kintampo North Municipal,2025-09-01,Onions,Retail,13.32,GHS,MoFA SRID
Kintampo,Bono East,Kintampo North Municipal,2025-09-01,Peppers (dried),Retail,75.56,GHS,MoFA SRID
Kintampo,Bono East,Kintampo North Municipal,2025-09-01,Peppers (fresh),Retail,38.58,GHS,MoFA SRID
Kintampo,Bono East,Kintampo North Municipal,2025-09-01,Plantains (apentu),Retail,18.65,GHS,MoFA SRID
Kintampo,Bono East,Kintampo North Municipal,2025-09-01,Rice (imported),Retail,15.62,GHS,MoFA SRID
Kintampo,Bono East,Kintampo North Municipal,2025-09-01,Rice (local),Retail,11.04,GHS,MoFA SRID
Kintampo,Bono East,Kintampo North Municipal,2025-09-01,Sorghum,Retail,9.25,GHS,MoFA SRID
Kintampo,Bono East,Kintampo North Municipal,2025-09-01,Tomatoes (local),Retail,11.13,GHS,MoFA SRID
Kintampo,Bono East,Kintampo North Municipal,2025-09-01,Yam,Retail,8.99,GHS,MoFA SRID
Kintampo,Bono East,Kintampo North Municipal,2025-09-01,Yam (puna),Retail,19.17,GHS,MoFA SRID
Nkwanta,Oti,Nkwanta South Municipal,2025-09-01,Cassava,Retail,6.11,GHS,MoFA SRID
Nkwanta,Oti,Nkwanta South Municipal,2025-09-01,Cassava,Wholesale,4.17,GHS,MoFA SRID
Nkwanta,Oti,Nkwanta South Municipal,2025-09-01,Cowpeas (white),Retail,19.99,GHS,MoFA SRID
Nkwanta,Oti,Nkwanta South Municipal,2025-09-01,Cowpeas (white),Wholesale,15.38,GHS,MoFA SRID
Nkwanta,Oti,Nkwanta South Municipal,2025-09-01,Eggplants,Retail,14.29,GHS,MoFA SRID
Nkwanta,Oti,Nkwanta South Municipal,2025-09-01,Eggplants,Wholesale,11.9,GHS,MoFA SRID
Nkwanta,Oti,Nkwanta South Municipal,2025-09-01,Eggs,Retail,68.0,GHS,MoFA SRID
Nkwanta,Oti,Nkwanta South Municipal,2025-09-01,Eggs,Wholesale,65.0,GHS,MoFA SRID
Nkwanta,Oti,Nkwanta South Municipal,2025-09-01,Gari,Retail,10.42,GHS,MoFA SRID
Nkwanta,Oti,Nkwanta South Municipal,2025-09-01,Gari,Wholesale,8.57,GHS,MoFA SRID
Nkwanta,Oti,Nkwanta South Municipal,2025-09-01,Maize,Retail,8.07,GHS,MoFA SRID
Nkwanta,Oti,Nkwanta South Municipal,2025-09-01,Maize,Wholesale,7.2,GHS,MoFA SRID
Nkwanta,Oti,Nkwanta South Municipal,2025-09-01,Maize (yellow),Retail,7.95,GHS,MoFA SRID
Nkwanta,Oti,Nkwanta South Municipal,2025-09-01,Meat (chicken),Retail,55.56,GHS,MoFA SRID
Nkwanta,Oti,Nkwanta South Municipal,2025-09-01,Meat (chicken),Wholesale,50.0,GHS,MoFA SRID
Nkwanta,Oti,Nkwanta South Municipal,2025-09-01,Millet,Retail,12.0,GHS,MoFA SRID
Nkwanta,Oti,Nkwanta South Municipal,2025-09-01,Millet,Wholesale,10.33,GHS,MoFA SRID
Nkwanta,Oti,Nkwanta South Municipal,2025-09-01,Onions,Retail,25.0,GHS,MoFA SRID
Nkwanta,Oti,Nkwanta South Municipal,2025-09-01,Onions,Wholesale,20.83,GHS,MoFA SRID
Nkwanta,Oti,Nkwanta South Municipal,2025-09-01,Peppers (dried),Retail,90.0,GHS,MoFA SRID
Nkwanta,Oti,Nkwanta South Municipal,2025-09-01,Peppers (dried),Wholesale,70.0,GHS,MoFA SRID
Nkwanta,Oti,Nkwanta South Municipal,2025-09-01,Peppers (fresh),Retail,23.33,GHS,MoFA SRID
Nkwanta,Oti,Nkwanta South Municipal,2025-09-01,Peppers (fresh),Wholesale,13.51,GHS,MoFA SRID
Nkwanta,Oti,Nkwanta South Municipal,2025-09-01,Plantains (apem),Retail,10.0,GHS,MoFA SRID
Nkwanta,Oti,Nkwanta South Municipal,2025-09-01,Plantains (apem),Wholesale,5.47,GHS,MoFA SRID
Nkwanta,Oti,Nkwanta South Municipal,2025-09-01,Plantains (apentu),Retail,9.68,GHS,MoFA SRID
Nkwanta,Oti,Nkwanta South Municipal,2025-09-01,Plantains (apentu),Wholesale,5.0,GHS,MoFA SRID
Nkwanta,Oti,Nkwanta South Municipal,2025-09-01,Rice (imported),Retail,21.87,GHS,MoFA SRID
Nkwanta,Oti,Nkwanta South Municipal,2025-09-01,Rice (imported),Wholesale,35.67,GHS,MoFA SRID
Nkwanta,Oti,Nkwanta South Municipal,2025-09-01,Rice (local),Retail,12.75,GHS,MoFA SRID
Nkwanta,Oti,Nkwanta South Municipal,2025-09-01,Rice (local),Wholesale,10.86,GHS,MoFA SRID
Nkwanta,Oti,Nkwanta South Municipal,2025-09-01,Sorghum,Retail,10.42,GHS,MoFA SRID
Nkwanta,Oti,Nkwanta South Municipal,2025-09-01,Sorghum,Wholesale,8.85,GHS,MoFA SRID
Nkwanta,Oti,Nkwanta South Municipal,2025-09-01,Soybeans,Retail,9.62,GHS,MoFA SRID
Nkwanta,Oti,Nkwanta South Municipal,2025-09-01,Soybeans,Wholesale,8.89,GHS,MoFA SRID
Nkwanta,Oti,Nkwanta South Municipal,2025-09-01,Tomatoes (local),Retail,10.28,GHS,MoFA SRID
Nkwanta,Oti,Nkwanta South Municipal,2025-09-01,Tomatoes (local),Wholesale,5.11,GHS,MoFA SRID
Nkwanta,Oti,Nkwanta South Municipal,2025-09-01,Tomatoes (navrongo),Retail,16.19,GHS,MoFA SRID
Nkwanta,Oti,Nkwanta South Municipal,2025-09-01,Tomatoes (navrongo),Wholesale,10.83,GHS,MoFA SRID
Nkwanta,Oti,Nkwanta South Municipal,2025-09-01,Yam (puna),Retail,10.56,GHS,MoFA SRID
Nkwanta,Oti,Nkwanta South Municipal,2025-09-01,Yam (puna),Wholesale,6.46,GHS,MoFA SRID
Tema Community One Main Market,Greater Accra,TMA-Tema East,2025-09-01,Cowpeas (white),Wholesale,18.75,GHS,MoFA SRID
Tema Community One Main Market,Greater Accra,TMA-Tema East,2025-09-01,Eggplants,Wholesale,31.82,GHS,MoFA SRID
Tema Community One Main Market,Greater Accra,TMA-Tema East,2025-09-01,Eggs,Wholesale,70.0,GHS,MoFA SRID
Tema Community One Main Market,Greater Accra,TMA-Tema East,2025-09-01,Gari,Wholesale,20.95,GHS,MoFA SRID
Tema Community One Main Market,Greater Accra,TMA-Tema East,2025-09-01,Maize,Wholesale,14.0,GHS,MoFA SRID
Tema Community One Main Market,Greater Accra,TMA-Tema East,2025-09-01,Maize (yellow),Wholesale,14.67,GHS,MoFA SRID
Tema Community One Main Market,Greater Accra,TMA-Tema East,2025-09-01,Millet,Wholesale,17.39,GHS,MoFA SRID
Tema Community One Main Market,Greater Accra,TMA-Tema East,2025-09-01,Onions,Wholesale,23.08,GHS,MoFA SRID
Tema Community One Main Market,Greater Accra,TMA-Tema East,2025-09-01,Peppers (dried),Wholesale,57.78,GHS,MoFA SRID
Tema Community One Main Market,Greater Accra,TMA-Tema East,2025-09-01,Peppers (fresh),Wholesale,48.71,GHS,MoFA SRID
Tema Community One Main Market,Greater Accra,TMA-Tema East,2025-09-01,Plantains (apem),Wholesale,52.56,GHS,MoFA SRID
Tema Community One Main Market,Greater Accra,TMA-Tema East,2025-09-01,Plantains (apentu),Wholesale,32.14,GHS,MoFA SRID
Tema Community One Main Market,Greater Accra,TMA-Tema East,2025-09-01,Rice (imported),Wholesale,27.53,GHS,MoFA SRID
Tema Community One Main Market,Greater Accra,TMA-Tema East,2025-09-01,Rice (local),Wholesale,25.07,GHS,MoFA SRID
Tema Community One Main Market,Greater Accra,TMA-Tema East,2025-09-01,Sorghum,Wholesale,17.39,GHS,MoFA SRID
Tema Community One Main Market,Greater Accra,TMA-Tema East,2025-09-01,Soybeans,Wholesale,20.0,GHS,MoFA SRID
Tema Community One Main Market,Greater Accra,TMA-Tema East,2025-09-01,Tomatoes (local),Wholesale,8.04,GHS,MoFA SRID
Tema Community One Main Market,Greater Accra,TMA-Tema East,2025-09-01,Tomatoes (navrongo),Wholesale,17.65,GHS,MoFA SRID
Tema Community One Main Market,Greater Accra,TMA-Tema East,2025-09-01,Yam (puna),Wholesale,29.61,GHS,MoFA SRID
Mankessim,Central,Mfantsiman Municipal,2025-09-03,Cassava,Retail,6.72,GHS,MoFA SRID
Mankessim,Central,Mfantsiman Municipal,2025-09-03,Cowpeas (white),Retail,35.0,GHS,MoFA SRID
Mankessim,Central,Mfantsiman Municipal,2025-09-03,Eggplants,Retail,23.15,GHS,MoFA SRID
Mankessim,Central,Mfantsiman Municipal,2025-09-03,Eggs,Retail,57.5,GHS,MoFA SRID
Mankessim,Central,Mfantsiman Municipal,2025-09-03,Gari,Retail,13.36,GHS,MoFA SRID
Mankessim,Central,Mfantsiman Municipal,2025-09-03,Maize,Retail,5.53,GHS,MoFA SRID
Mankessim,Central,Mfantsiman Municipal,2025-09-03,Maize (yellow),Retail,6.25,GHS,MoFA SRID
Mankessim,Central,Mfantsiman Municipal,2025-09-03,Meat (chicken),Retail,43.0,GHS,MoFA SRID
Mankessim,Central,Mfantsiman Municipal,2025-09-03,Millet,Retail,21.46,GHS,MoFA SRID
Mankessim,Central,Mfantsiman Municipal,2025-09-03,Onions,Retail,15.56,GHS,MoFA SRID
Mankessim,Central,Mfantsiman Municipal,2025-09-03,Peppers (dried),Retail,111.14,GHS,MoFA SRID
Mankessim,Central,Mfantsiman Municipal,2025-09-03,Peppers (fresh),Retail,55.64,GHS,MoFA SRID
Mankessim,Central,Mfantsiman Municipal,2025-09-03,Plantains (apem),Retail,20.24,GHS,MoFA SRID
Mankessim,Central,Mfantsiman Municipal,2025-09-03,Plantains (apentu),Retail,15.09,GHS,MoFA SRID
Mankessim,Central,Mfantsiman Municipal,2025-09-03,Rice (imported),Retail,18.64,GHS,MoFA SRID
Mankessim,Central,Mfantsiman Municipal,2025-09-03,Rice (local),Retail,21.29,GHS,MoFA SRID
Mankessim,Central,Mfantsiman Municipal,2025-09-03,Soybeans,Retail,18.64,GHS,MoFA SRID
Mankessim,Central,Mfantsiman Municipal,2025-09-03,Tomatoes (local),Retail,20.83,GHS,MoFA SRID
Mankessim,Central,Mfantsiman Municipal,2025-09-03,Tomatoes (navrongo),Retail,16.67,GHS,MoFA SRID
Mankessim,Central,Mfantsiman Municipal,2025-09-03,Yam (puna),Retail,12.77,GHS,MoFA SRID
Tema Community One Main Market,Greater Accra,TMA-Tema East,2025-09-03,Cowpeas (white),Retail,25.0,GHS,MoFA SRID
Tema Community One Main Market,Greater Accra,TMA-Tema East,2025-09-03,Eggplants,Retail,61.11,GHS,MoFA SRID
Tema Community One Main Market,Greater Accra,TMA-Tema East,2025-09-03,Eggs,Retail,75.0,GHS,MoFA SRID
Tema Community One Main Market,Greater Accra,TMA-Tema East,2025-09-03,Gari,Retail,20.0,GHS,MoFA SRID
Tema Community One Main Market,Greater Accra,TMA-Tema East,2025-09-03,Maize,Retail,12.0,GHS,MoFA SRID
Tema Community One Main Market,Greater Accra,TMA-Tema East,2025-09-03,Maize (yellow),Retail,13.33,GHS,MoFA SRID
Tema Community One Main Market,Greater Accra,TMA-Tema East,2025-09-03,Meat (chicken),Retail,52.33,GHS,MoFA SRID
Tema Community One Main Market,Greater Accra,TMA-Tema East,2025-09-03,Millet,Retail,22.5,GHS,MoFA SRID
Tema Community One Main Market,Greater Accra,TMA-Tema East,2025-09-03,Onions,Retail,36.19,GHS,MoFA SRID
Tema Community One Main Market,Greater Accra,TMA-Tema East,2025-09-03,Peppers (dried),Retail,66.67,GHS,MoFA SRID
Tema Community One Main Market,Greater Accra,TMA-Tema East,2025-09-03,Peppers (fresh),Retail,37.78,GHS,MoFA SRID
Tema Community One Main Market,Greater Accra,TMA-Tema East,2025-09-03,Plantains (apem),Retail,62.5,GHS,MoFA SRID
Tema Community One Main Market,Greater Accra,TMA-Tema East,2025-09-03,Plantains (apentu),Retail,37.5,GHS,MoFA SRID
Tema Community One Main Market,Greater Accra,TMA-Tema East,2025-09-03,Rice (imported),Retail,24.0,GHS,MoFA SRID
Tema Community One Main Market,Greater Accra,TMA-Tema East,2025-09-03,Rice (local),Retail,22.67,GHS,MoFA SRID
Tema Community One Main Market,Greater Accra,TMA-Tema East,2025-09-03,Sorghum,Retail,22.5,GHS,MoFA SRID
Tema Community One Main Market,Greater Accra,TMA-Tema East,2025-09-03,Soybeans,Retail,21.67,GHS,MoFA SRID
Tema Community One Main Market,Greater Accra,TMA-Tema East,2025-09-03,Tomatoes (local),Retail,10.0,GHS,MoFA SRID
Tema Community One Main Market,Greater Accra,TMA-Tema East,2025-09-03,Tomatoes (navrongo),Retail,19.45,GHS,MoFA SRID
Tema Community One Main Market,Greater Accra,TMA-Tema East,2025-09-03,Yam (puna),Retail,40.95,GHS,MoFA SRID
Bibiani,Western North,Bibiani Anhwiaso Bekwai Municipal,2025-09-04,Cowpeas (white),Retail,32.22,GHS,MoFA SRID
Bibiani,Western North,Bibiani Anhwiaso Bekwai Municipal,2025-09-04,Eggplants,Retail,21.65,GHS,MoFA SRID
Bibiani,Western North,Bibiani Anhwiaso Bekwai Municipal,2025-09-04,Gari,Retail,22.78,GHS,MoFA SRID
Bibiani,Western North,Bibiani Anhwiaso Bekwai Municipal,2025-09-04,Maize,Retail,6.92,GHS,MoFA SRID
Bibiani,Western North,Bibiani Anhwiaso Bekwai Municipal,2025-09-04,Maize (yellow),Retail,7.84,GHS,MoFA SRID
Bibiani,Western North,Bibiani Anhwiaso Bekwai Municipal,2025-09-04,Millet,Retail,20.0,GHS,MoFA SRID
Bibiani,Western North,Bibiani Anhwiaso Bekwai Municipal,2025-09-04,Onions,Retail,25.75,GHS,MoFA SRID
Bibiani,Western North,Bibiani Anhwiaso Bekwai Municipal,2025-09-04,Peppers (fresh),Retail,27.2,GHS,MoFA SRID
Bibiani,Western North,Bibiani Anhwiaso Bekwai Municipal,2025-09-04,Plantains (apem),Retail,19.63,GHS,MoFA SRID
Bibiani,Western North,Bibiani Anhwiaso Bekwai Municipal,2025-09-04,Plantains (apentu),Retail,13.78,GHS,MoFA SRID
Bibiani,Western North,Bibiani Anhwiaso Bekwai Municipal,2025-09-04,Rice (imported),Retail,32.08,GHS,MoFA SRID
Bibiani,Western North,Bibiani Anhwiaso Bekwai Municipal,2025-09-04,Rice (local),Retail,26.53,GHS,MoFA SRID
Bibiani,Western North,Bibiani Anhwiaso Bekwai Municipal,2025-09-04,Tomatoes (local),Retail,6.84,GHS,MoFA SRID
Bibiani,Western North,Bibiani Anhwiaso Bekwai Municipal,2025-09-04,Tomatoes (navrongo),Retail,17.17,GHS,MoFA SRID
Bibiani,Western North,Bibiani Anhwiaso Bekwai Municipal,2025-09-04,Yam,Retail,11.03,GHS,MoFA SRID
Bibiani,Western North,Bibiani Anhwiaso Bekwai Municipal,2025-09-04,Yam (puna),Retail,8.95,GHS,MoFA SRID
Koforidua,Eastern,New Juaben South Municipal,2025-09-04,Eggplants,Retail,16.67,GHS,MoFA SRID
Koforidua,Eastern,New Juaben South Municipal,2025-09-04,Eggplants,Wholesale,13.33,GHS,MoFA SRID
Koforidua,Eastern,New Juaben South Municipal,2025-09-04,Eggs,Retail,55.0,GHS,MoFA SRID
Koforidua,Eastern,New Juaben South Municipal,2025-09-04,Eggs,Wholesale,55.0,GHS,MoFA SRID
Koforidua,Eastern,New Juaben South Municipal,2025-09-04,Gari,Retail,12.5,GHS,MoFA SRID
Koforidua,Eastern,New Juaben South Municipal,2025-09-04,Gari,Wholesale,10.94,GHS,MoFA SRID
Koforidua,Eastern,New Juaben South Municipal,2025-09-04,Onions,Retail,20.0,GHS,MoFA SRID
Koforidua,Eastern,New Juaben South Municipal,2025-09-04,Onions,Wholesale,19.17,GHS,MoFA SRID
Koforidua,Eastern,New Juaben South Municipal,2025-09-04,Peppers (fresh),Retail,20.59,GHS,MoFA SRID
Koforidua,Eastern,New Juaben South Municipal,2025-09-04,Peppers (fresh),Wholesale,11.76,GHS,MoFA SRID
Koforidua,Eastern,New Juaben South Municipal,2025-09-04,Plantains (apentu),Retail,28.85,GHS,MoFA SRID
Koforidua,Eastern,New Juaben South Municipal,2025-09-04,Plantains (apentu),Wholesale,25.0,GHS,MoFA SRID
Koforidua,Eastern,New Juaben South Municipal,2025-09-04,Tomatoes (local),Retail,14.57,GHS,MoFA SRID
Koforidua,Eastern,New Juaben South Municipal,2025-09-04,Tomatoes (local),Wholesale,11.76,GHS,MoFA SRID
Koforidua,Eastern,New Juaben South Municipal,2025-09-04,Yam (puna),Retail,14.29,GHS,MoFA SRID
Koforidua,Eastern,New Juaben South Municipal,2025-09-04,Yam (puna),Wholesale,10.0,GHS,MoFA SRID
Techiman,Bono East,Techiman Municipal,2025-09-04,Cassava,Retail,2.59,GHS,MoFA SRID
Techiman,Bono East,Techiman Municipal,2025-09-04,Cowpeas (white),Retail,17.29,GHS,MoFA SRID
Techiman,Bono East,Techiman Municipal,2025-09-04,Eggplants,Retail,16.99,GHS,MoFA SRID
Techiman,Bono East,Techiman Municipal,2025-09-04,Eggs,Retail,64.33,GHS,MoFA SRID
Techiman,Bono East,Techiman Municipal,2025-09-04,Gari,Retail,12.17,GHS,MoFA SRID
Techiman,Bono East,Techiman Municipal,2025-09-04,Maize,Retail,6.75,GHS,MoFA SRID
Techiman,Bono East,Techiman Municipal,2025-09-04,Maize (yellow),Retail,6.92,GHS,MoFA SRID
Techiman,Bono East,Techiman Municipal,2025-09-04,Meat (chicken),Retail,41.67,GHS,MoFA SRID
Techiman,Bono East,Techiman Municipal,2025-09-04,Millet,Retail,12.17,GHS,MoFA SRID
Techiman,Bono East,Techiman Municipal,2025-09-04,Onions,Retail,17.17,GHS,MoFA SRID
Techiman,Bono East,Techiman Municipal,2025-09-04,Peppers (dried),Retail,116.67,GHS,MoFA SRID
Techiman,Bono East,Techiman Municipal,2025-09-04,Peppers (fresh),Retail,23.77,GHS,MoFA SRID
Techiman,Bono East,Techiman Municipal,2025-09-04,Plantains (apem),Retail,18.28,GHS,MoFA SRID
Techiman,Bono East,Techiman Municipal,2025-09-04,Plantains (apentu),Retail,17.68,GHS,MoFA SRID
Techiman,Bono East,Techiman Municipal,2025-09-04,Rice (imported),Retail,16.83,GHS,MoFA SRID
Techiman,Bono East,Techiman Municipal,2025-09-04,Rice (local),Retail,12.09,GHS,MoFA SRID
Techiman,Bono East,Techiman Municipal,2025-09-04,Sorghum,Retail,9.26,GHS,MoFA SRID
Techiman,Bono East,Techiman Municipal,2025-09-04,Soybeans,Retail,8.89,GHS,MoFA SRID
Techiman,Bono East,Techiman Municipal,2025-09-04,Tomatoes (navrongo),Retail,17.92,GHS,MoFA SRID
Techiman,Bono East,Techiman Municipal,2025-09-04,Yam,Retail,9.22,GHS,MoFA SRID
Techiman,Bono East,Techiman Municipal,2025-09-04,Yam (puna),Retail,11.24,GHS,MoFA SRID
Wa,Upper West,Wa Municipal,2025-09-04,Cowpeas (white),Retail,15.33,GHS,MoFA SRID
Wa,Upper West,Wa Municipal,2025-09-04,Eggplants,Retail,7.24,GHS,MoFA SRID
Wa,Upper West,Wa Municipal,2025-09-04,Eggs,Retail,78.33,GHS,MoFA SRID
Wa,Upper West,Wa Municipal,2025-09-04,Gari,Retail,8.62,GHS,MoFA SRID
Wa,Upper West,Wa Municipal,2025-09-04,Maize,Retail,4.64,GHS,MoFA SRID
Wa,Upper West,Wa Municipal,2025-09-04,Maize (yellow),Retail,4.64,GHS,MoFA SRID
Wa,Upper West,Wa Municipal,2025-09-04,Millet,Retail,10.0,GHS,MoFA SRID
Wa,Upper West,Wa Municipal,2025-09-04,Onions,Retail,86.11,GHS,MoFA SRID
Wa,Upper West,Wa Municipal,2025-09-04,Peppers (dried),Retail,58.97,GHS,MoFA SRID
Wa,Upper West,Wa Municipal,2025-09-04,Peppers (fresh),Retail,34.94,GHS,MoFA SRID
Wa,Upper West,Wa Municipal,2025-09-04,Rice (imported),Retail,15.52,GHS,MoFA SRID
Wa,Upper West,Wa Municipal,2025-09-04,Rice (local),Retail,14.65,GHS,MoFA SRID
Wa,Upper West,Wa Municipal,2025-09-04,Sorghum,Retail,9.36,GHS,MoFA SRID
Wa,Upper West,Wa Municipal,2025-09-04,Soybeans,Retail,12.94,GHS,MoFA SRID
Wa,Upper West,Wa Municipal,2025-09-04,Tomatoes (local),Retail,6.67,GHS,MoFA SRID
Wa,Upper West,Wa Municipal,2025-09-04,Tomatoes (navrongo),Retail,6.0,GHS,MoFA SRID
Wa,Upper West,Wa Municipal,2025-09-04,Yam,Retail,16.67,GHS,MoFA SRID
Wa,Upper West,Wa Municipal,2025-09-04,Yam (puna),Retail,30.67,GHS,MoFA SRID
Bibiani,Western North,Bibiani Anhwiaso Bekwai Municipal,2025-09-05,Cowpeas (white),Wholesale,21.44,GHS,MoFA SRID
Bibiani,Western North,Bibiani Anhwiaso Bekwai Municipal,2025-09-05,Eggplants,Wholesale,23.18,GHS,MoFA SRID
Bibiani,Western North,Bibiani Anhwiaso Bekwai Municipal,2025-09-05,Eggs,Wholesale,65.0,GHS,MoFA SRID
Bibiani,Western North,Bibiani Anhwiaso Bekwai Municipal,2025-09-05,Gari,Wholesale,10.47,GHS,MoFA SRID
Bibiani,Western North,Bibiani Anhwiaso Bekwai Municipal,2025-09-05,Maize,Wholesale,7.51,GHS,MoFA SRID
Bibiani,Western North,Bibiani Anhwiaso Bekwai Municipal,2025-09-05,Maize (yellow),Wholesale,8.06,GHS,MoFA SRID
Bibiani,Western North,Bibiani Anhwiaso Bekwai Municipal,2025-09-05,Meat (chicken),Wholesale,22.25,GHS,MoFA SRID
Bibiani,Western North,Bibiani Anhwiaso Bekwai Municipal,2025-09-05,Millet,Wholesale,16.02,GHS,MoFA SRID
Bibiani,Western North,Bibiani Anhwiaso Bekwai Municipal,2025-09-05,Onions,Wholesale,31.47,GHS,MoFA SRID
Bibiani,Western North,Bibiani Anhwiaso Bekwai Municipal,2025-09-05,Peppers (dried),Wholesale,21.78,GHS,MoFA SRID
Bibiani,Western North,Bibiani Anhwiaso Bekwai Municipal,2025-09-05,Peppers (fresh),Wholesale,43.07,GHS,MoFA SRID
Bibiani,Western North,Bibiani Anhwiaso Bekwai Municipal,2025-09-05,Plantains (apem),Wholesale,13.42,GHS,MoFA SRID
Bibiani,Western North,Bibiani Anhwiaso Bekwai Municipal,2025-09-05,Plantains (apentu),Wholesale,12.78,GHS,MoFA SRID
Bibiani,Western North,Bibiani Anhwiaso Bekwai Municipal,2025-09-05,Rice (imported),Wholesale,16.8,GHS,MoFA SRID
Bibiani,Western North,Bibiani Anhwiaso Bekwai Municipal,2025-09-05,Rice (local),Wholesale,15.82,GHS,MoFA SRID
Bibiani,Western North,Bibiani Anhwiaso Bekwai Municipal,2025-09-05,Soybeans,Wholesale,16.63,GHS,MoFA SRID
Bibiani,Western North,Bibiani Anhwiaso Bekwai Municipal,2025-09-05,Tomatoes (local),Wholesale,11.2,GHS,MoFA SRID
Bibiani,Western North,Bibiani Anhwiaso Bekwai Municipal,2025-09-05,Tomatoes (navrongo),Wholesale,32.24,GHS,MoFA SRID
Bibiani,Western North,Bibiani Anhwiaso Bekwai Municipal,2025-09-05,Yam,Wholesale,5.33,GHS,MoFA SRID
Nana Bosomah,Bono,Sunyani Municipal,2025-09-05,Cassava,Retail,3.67,GHS,MoFA SRID
Nana Bosomah,Bono,Sunyani Municipal,2025-09-05,Cassava,Wholesale,2.0,GHS,MoFA SRID
Nana Bosomah,Bono,Sunyani Municipal,2025-09-05,Cowpeas (white),Retail,16.0,GHS,MoFA SRID
Nana Bosomah,Bono,Sunyani Municipal,2025-09-05,Eggplants,Retail,16.05,GHS,MoFA SRID
Nana Bosomah,Bono,Sunyani Municipal,2025-09-05,Gari,Retail,12.5,GHS,MoFA SRID
Nana Bosomah,Bono,Sunyani Municipal,2025-09-05,Maize,Retail,4.29,GHS,MoFA SRID
Nana Bosomah,Bono,Sunyani Municipal,2025-09-05,Maize,Wholesale,3.75,GHS,MoFA SRID
Nana Bosomah,Bono,Sunyani Municipal,2025-09-05,Maize (yellow),Retail,4.29,GHS,MoFA SRID
Nana Bosomah,Bono,Sunyani Municipal,2025-09-05,Maize (yellow),Wholesale,3.75,GHS,MoFA SRID
Nana Bosomah,Bono,Sunyani Municipal,2025-09-05,Millet,Retail,12.5,GHS,MoFA SRID
Nana Bosomah,Bono,Sunyani Municipal,2025-09-05,Onions,Retail,12.33,GHS,MoFA SRID
Nana Bosomah,Bono,Sunyani Municipal,2025-09-05,Peppers (dried),Retail,133.33,GHS,MoFA SRID
Nana Bosomah,Bono,Sunyani Municipal,2025-09-05,Peppers (dried),Wholesale,74.07,GHS,MoFA SRID
Nana Bosomah,Bono,Sunyani Municipal,2025-09-05,Peppers (fresh),Retail,75.0,GHS,MoFA SRID
Nana Bosomah,Bono,Sunyani Municipal,2025-09-05,Plantains (apem),Retail,28.57,GHS,MoFA SRID
Nana Bosomah,Bono,Sunyani Municipal,2025-09-05,Plantains (apem),Wholesale,15.56,GHS,MoFA SRID
Nana Bosomah,Bono,Sunyani Municipal,2025-09-05,Plantains (apentu),Retail,28.57,GHS,MoFA SRID
Nana Bosomah,Bono,Sunyani Municipal,2025-09-05,Plantains (apentu),Wholesale,18.42,GHS,MoFA SRID
Nana Bosomah,Bono,Sunyani Municipal,2025-09-05,Rice (imported),Retail,15.92,GHS,MoFA SRID
Nana Bosomah,Bono,Sunyani Municipal,2025-09-05,Rice (imported),Wholesale,13.0,GHS,MoFA SRID
Nana Bosomah,Bono,Sunyani Municipal,2025-09-05,Rice (local),Retail,12.59,GHS,MoFA SRID
Nana Bosomah,Bono,Sunyani Municipal,2025-09-05,Rice (local),Wholesale,11.0,GHS,MoFA SRID
Nana Bosomah,Bono,Sunyani Municipal,2025-09-05,Sorghum,Retail,12.0,GHS,MoFA SRID
Nana Bosomah,Bono,Sunyani Municipal,2025-09-05,Soybeans,Retail,12.5,GHS,MoFA SRID
Nana Bosomah,Bono,Sunyani Municipal,2025-09-05,Tomatoes (local),Retail,15.0,GHS,MoFA SRID
Nana Bosomah,Bono,Sunyani Municipal,2025-09-05,Tomatoes (local),Wholesale,7.98,GHS,MoFA SRID
Nana Bosomah,Bono,Sunyani Municipal,2025-09-05,Tomatoes (navrongo),Retail,25.0,GHS,MoFA SRID
Nana Bosomah,Bono,Sunyani Municipal,2025-09-05,Tomatoes (navrongo),Wholesale,21.22,GHS,MoFA SRID
Nana Bosomah,Bono,Sunyani Municipal,2025-09-05,Yam,Retail,7.17,GHS,MoFA SRID
Nana Bosomah,Bono,Sunyani Municipal,2025-09-05,Yam,Wholesale,4.78,GHS,MoFA SRID
Nana Bosomah,Bono,Sunyani Municipal,2025-09-05,Yam (puna),Retail,9.7,GHS,MoFA SRID
Nana Bosomah,Bono,Sunyani Municipal,2025-09-05,Yam (puna),Wholesale,8.08,GHS,MoFA SRID
Nana Bosomah,Bono,Sunyani Municipal,2025-09-06,Eggs,Retail,50.0,GHS,MoFA SRID
Nana Bosomah,Bono,Sunyani Municipal,2025-09-06,Meat (chicken),Retail,52.0,GHS,MoFA SRID
Bolga,Upper East,Bolgatanga Municipal,2025-09-07,Cowpeas (white),Retail,12.07,GHS,MoFA SRID
Bolga,Upper East,Bolgatanga Municipal,2025-09-07,Cowpeas (white),Wholesale,9.0,GHS,MoFA SRID
Bolga,Upper East,Bolgatanga Municipal,2025-09-07,Maize,Retail,5.17,GHS,MoFA SRID
Bolga,Upper East,Bolgatanga Municipal,2025-09-07,Maize,Wholesale,4.5,GHS,MoFA SRID
Bolga,Upper East,Bolgatanga Municipal,2025-09-07,Maize (yellow),Retail,5.17,GHS,MoFA SRID
Bolga,Upper East,Bolgatanga Municipal,2025-09-07,Maize (yellow),Wholesale,4.5,GHS,MoFA SRID
Bolga,Upper East,Bolgatanga Municipal,2025-09-07,Millet,Retail,10.34,GHS,MoFA SRID
Bolga,Upper East,Bolgatanga Municipal,2025-09-07,Millet,Wholesale,8.87,GHS,MoFA SRID
Bolga,Upper East,Bolgatanga Municipal,2025-09-07,Peppers (fresh),Retail,3.91,GHS,MoFA SRID
Bolga,Upper East,Bolgatanga Municipal,2025-09-07,Rice (imported),Retail,11.95,GHS,MoFA SRID
Bolga,Upper East,Bolgatanga Municipal,2025-09-07,Sorghum,Retail,7.59,GHS,MoFA SRID
Bolga,Upper East,Bolgatanga Municipal,2025-09-07,Sorghum,Wholesale,5.0,GHS,MoFA SRID
Bolga,Upper East,Bolgatanga Municipal,2025-09-07,Soybeans,Retail,10.34,GHS,MoFA SRID
Bolga,Upper East,Bolgatanga Municipal,2025-09-07,Soybeans,Wholesale,5.47,GHS,MoFA SRID
Bolga,Upper East,Bolgatanga Municipal,2025-09-07,Tomatoes (navrongo),Retail,5.57,GHS,MoFA SRID
Kintampo,Bono East,Kintampo North Municipal,2025-09-07,Cassava,Wholesale,9.57,GHS,MoFA SRID
Kintampo,Bono East,Kintampo North Municipal,2025-09-07,Cowpeas (white),Wholesale,11.23,GHS,MoFA SRID
Kintampo,Bono East,Kintampo North Municipal,2025-09-07,Eggplants,Wholesale,18.38,GHS,MoFA SRID
Kintampo,Bono East,Kintampo North Municipal,2025-09-07,Gari,Wholesale,10.45,GHS,MoFA SRID
Kintampo,Bono East,Kintampo North Municipal,2025-09-07,Maize,Wholesale,3.42,GHS,MoFA SRID
Kintampo,Bono East,Kintampo North Municipal,2025-09-07,Maize (yellow),Wholesale,3.34,GHS,MoFA SRID
Kintampo,Bono East,Kintampo North Municipal,2025-09-07,Millet,Wholesale,7.76,GHS,MoFA SRID
Kintampo,Bono East,Kintampo North Municipal,2025-09-07,Onions,Wholesale,14.37,GHS,MoFA SRID
Kintampo,Bono East,Kintampo North Municipal,2025-09-07,Peppers (dried),Wholesale,90.3,GHS,MoFA SRID
Kintampo,Bono East,Kintampo North Municipal,2025-09-07,Peppers (fresh),Wholesale,39.74,GHS,MoFA SRID
Kintampo,Bono East,Kintampo North Municipal,2025-09-07,Plantains (apem),Wholesale,49.84,GHS,MoFA SRID
Kintampo,Bono East,Kintampo North Municipal,2025-09-07,Plantains (apentu),Wholesale,33.27,GHS,MoFA SRID
Kintampo,Bono East,Kintampo North Municipal,2025-09-07,Rice (imported),Wholesale,14.93,GHS,MoFA SRID
Kintampo,Bono East,Kintampo North Municipal,2025-09-07,Rice (local),Wholesale,11.58,GHS,MoFA SRID
Kintampo,Bono East,Kintampo North Municipal,2025-09-07,Sorghum,Wholesale,7.46,GHS,MoFA SRID
Kintampo,Bono East,Kintampo North Municipal,2025-09-07,Tomatoes (local),Wholesale,16.09,GHS,MoFA SRID
Kintampo,Bono East,Kintampo North Municipal,2025-09-07,Yam (puna),Wholesale,10.61,GHS,MoFA SRID
Goaso,Ahafo,Asunafo North Municipal,2025-09-08,Cowpeas (white),Retail,15.33,GHS,MoFA SRID
Goaso,Ahafo,Asunafo North Municipal,2025-09-08,Cowpeas (white),Wholesale,15.83,GHS,MoFA SRID
Goaso,Ahafo,Asunafo North Municipal,2025-09-08,Eggplants,Retail,12.04,GHS,MoFA SRID
Goaso,Ahafo,Asunafo North Municipal,2025-09-08,Eggplants,Wholesale,16.17,GHS,MoFA SRID
Goaso,Ahafo,Asunafo North Municipal,2025-09-08,Eggs,Retail,53.75,GHS,MoFA SRID
Goaso,Ahafo,Asunafo North Municipal,2025-09-08,Eggs,Wholesale,50.0,GHS,MoFA SRID
Goaso,Ahafo,Asunafo North Municipal,2025-09-08,Gari,Retail,10.0,GHS,MoFA SRID
Goaso,Ahafo,Asunafo North Municipal,2025-09-08,Gari,Wholesale,10.91,GHS,MoFA SRID
Goaso,Ahafo,Asunafo North Municipal,2025-09-08,Maize,Retail,5.77,GHS,MoFA SRID
Goaso,Ahafo,Asunafo North Municipal,2025-09-08,Maize,Wholesale,5.12,GHS,MoFA SRID
Goaso,Ahafo,Asunafo North Municipal,2025-09-08,Maize (yellow),Retail,6.7,GHS,MoFA SRID
Goaso,Ahafo,Asunafo North Municipal,2025-09-08,Maize (yellow),Wholesale,5.18,GHS,MoFA SRID
Goaso,Ahafo,Asunafo North Municipal,2025-09-08,Millet,Retail,13.33,GHS,MoFA SRID
Goaso,Ahafo,Asunafo North Municipal,2025-09-08,Millet,Wholesale,14.19,GHS,MoFA SRID
Goaso,Ahafo,Asunafo North Municipal,2025-09-08,Peppers (fresh),Retail,13.06,GHS,MoFA SRID
Goaso,Ahafo,Asunafo North Municipal,2025-09-08,Peppers (fresh),Wholesale,19.82,GHS,MoFA SRID
Goaso,Ahafo,Asunafo North Municipal,2025-09-08,Plantains (apem),Retail,10.07,GHS,MoFA SRID
Goaso,Ahafo,Asunafo North Municipal,2025-09-08,Plantains (apentu),Retail,8.77,GHS,MoFA SRID
Goaso,Ahafo,Asunafo North Municipal,2025-09-08,Plantains (apentu),Wholesale,8.03,GHS,MoFA SRID
Goaso,Ahafo,Asunafo North Municipal,2025-09-08,Rice (local),Retail,14.0,GHS,MoFA SRID
Goaso,Ahafo,Asunafo North Municipal,2025-09-08,Rice (local),Wholesale,15.06,GHS,MoFA SRID
Goaso,Ahafo,Asunafo North Municipal,2025-09-08,Sorghum,Retail,12.0,GHS,MoFA SRID
Goaso,Ahafo,Asunafo North Municipal,2025-09-08,Sorghum,Wholesale,12.33,GHS,MoFA SRID
Goaso,Ahafo,Asunafo North Municipal,2025-09-08,Tomatoes (local),Retail,8.89,GHS,MoFA SRID
Goaso,Ahafo,Asunafo North Municipal,2025-09-08,Tomatoes (local),Wholesale,10.87,GHS,MoFA SRID
Goaso,Ahafo,Asunafo North Municipal,2025-09-08,Tomatoes (navrongo),Retail,8.28,GHS,MoFA SRID
Goaso,Ahafo,Asunafo North Municipal,2025-09-08,Tomatoes (navrongo),Wholesale,12.14,GHS,MoFA SRID
Goaso,Ahafo,Asunafo North Municipal,2025-09-08,Yam (puna),Retail,9.66,GHS,MoFA SRID
Goaso,Ahafo,Asunafo North Municipal,2025-09-08,Yam (puna),Wholesale,11.73,GHS,MoFA SRID
Kintampo,Bono East,Kintampo North Municipal,2025-09-08,Cassava,Retail,3.89,GHS,MoFA SRID
Kintampo,Bono East,Kintampo North Municipal,2025-09-08,Cowpeas (white),Retail,12.68,GHS,MoFA SRID
Kintampo,Bono East,Kintampo North Municipal,2025-09-08,Eggplants,Retail,17.53,GHS,MoFA SRID
Kintampo,Bono East,Kintampo North Municipal,2025-09-08,Gari,Retail,9.77,GHS,MoFA SRID
Kintampo,Bono East,Kintampo North Municipal,2025-09-08,Maize,Retail,3.85,GHS,MoFA SRID
Kintampo,Bono East,Kintampo North Municipal,2025-09-08,Maize (yellow),Retail,3.86,GHS,MoFA SRID
Kintampo,Bono East,Kintampo North Municipal,2025-09-08,Millet,Retail,11.87,GHS,MoFA SRID
Kintampo,Bono East,Kintampo North Municipal,2025-09-08,Onions,Retail,14.29,GHS,MoFA SRID
Kintampo,Bono East,Kintampo North Municipal,2025-09-08,Peppers (dried),Retail,79.8,GHS,MoFA SRID
Kintampo,Bono East,Kintampo North Municipal,2025-09-08,Peppers (fresh),Retail,38.96,GHS,MoFA SRID
Kintampo,Bono East,Kintampo North Municipal,2025-09-08,Plantains (apem),Retail,22.54,GHS,MoFA SRID
Kintampo,Bono East,Kintampo North Municipal,2025-09-08,Plantains (apentu),Retail,20.5,GHS,MoFA SRID
Kintampo,Bono East,Kintampo North Municipal,2025-09-08,Rice (imported),Retail,15.62,GHS,MoFA SRID
Kintampo,Bono East,Kintampo North Municipal,2025-09-08,Rice (local),Retail,11.15,GHS,MoFA SRID
Kintampo,Bono East,Kintampo North Municipal,2025-09-08,Sorghum,Retail,9.52,GHS,MoFA SRID
Kintampo,Bono East,Kintampo North Municipal,2025-09-08,Tomatoes (local),Retail,13.26,GHS,MoFA SRID
Kintampo,Bono East,Kintampo North Municipal,2025-09-08,Yam,Retail,9.03,GHS,MoFA SRID
Kintampo,Bono East,Kintampo North Municipal,2025-09-08,Yam (puna),Retail,18.57,GHS,MoFA SRID
Nkwanta,Oti,Nkwanta South Municipal,2025-09-08,Cassava,Retail,5.0,GHS,MoFA SRID
Nkwanta,Oti,Nkwanta South Municipal,2025-09-08,Cowpeas (white),Retail,19.99,GHS,MoFA SRID
Nkwanta,Oti,Nkwanta South Municipal,2025-09-08,Cowpeas (white),Wholesale,15.38,GHS,MoFA SRID
Nkwanta,Oti,Nkwanta South Municipal,2025-09-08,Eggplants,Retail,10.0,GHS,MoFA SRID
Nkwanta,Oti,Nkwanta South Municipal,2025-09-08,Eggplants,Wholesale,7.14,GHS,MoFA SRID
Nkwanta,Oti,Nkwanta South Municipal,2025-09-08,Eggs,Retail,68.0,GHS,MoFA SRID
Nkwanta,Oti,Nkwanta South Municipal,2025-09-08,Eggs,Wholesale,62.0,GHS,MoFA SRID
Nkwanta,Oti,Nkwanta South Municipal,2025-09-08,Gari,Retail,10.28,GHS,MoFA SRID
Nkwanta,Oti,Nkwanta South Municipal,2025-09-08,Gari,Wholesale,8.46,GHS,MoFA SRID
Nkwanta,Oti,Nkwanta South Municipal,2025-09-08,Maize,Retail,7.19,GHS,MoFA SRID
Nkwanta,Oti,Nkwanta South Municipal,2025-09-08,Maize,Wholesale,5.2,GHS,MoFA SRID
Nkwanta,Oti,Nkwanta South Municipal,2025-09-08,Maize (yellow),Retail,8.0,GHS,MoFA SRID
Nkwanta,Oti,Nkwanta South Municipal,2025-09-08,Meat (chicken),Retail,40.0,GHS,MoFA SRID
Nkwanta,Oti,Nkwanta South Municipal,2025-09-08,Meat (chicken),Wholesale,35.0,GHS,MoFA SRID
Nkwanta,Oti,Nkwanta South Municipal,2025-09-08,Millet,Retail,12.17,GHS,MoFA SRID
Nkwanta,Oti,Nkwanta South Municipal,2025-09-08,Millet,Wholesale,10.0,GHS,MoFA SRID
Nkwanta,Oti,Nkwanta South Municipal,2025-09-08,Onions,Retail,25.0,GHS,MoFA SRID
Nkwanta,Oti,Nkwanta South Municipal,2025-09-08,Onions,Wholesale,20.83,GHS,MoFA SRID
Nkwanta,Oti,Nkwanta South Municipal,2025-09-08,Peppers (dried),Retail,80.0,GHS,MoFA SRID
Nkwanta,Oti,Nkwanta South Municipal,2025-09-08,Peppers (dried),Wholesale,70.0,GHS,MoFA SRID
Nkwanta,Oti,Nkwanta South Municipal,2025-09-08,Peppers (fresh),Retail,23.33,GHS,MoFA SRID
Nkwanta,Oti,Nkwanta South Municipal,2025-09-08,Peppers (fresh),Wholesale,13.51,GHS,MoFA SRID
Nkwanta,Oti,Nkwanta South Municipal,2025-09-08,Plantains (apem),Retail,10.0,GHS,MoFA SRID
Nkwanta,Oti,Nkwanta South Municipal,2025-09-08,Plantains (apem),Wholesale,5.47,GHS,MoFA SRID
Nkwanta,Oti,Nkwanta South Municipal,2025-09-08,Plantains (apentu),Retail,9.68,GHS,MoFA SRID
Nkwanta,Oti,Nkwanta South Municipal,2025-09-08,Plantains (apentu),Wholesale,5.0,GHS,MoFA SRID
Nkwanta,Oti,Nkwanta South Municipal,2025-09-08,Rice (imported),Retail,19.19,GHS,MoFA SRID
Nkwanta,Oti,Nkwanta South Municipal,2025-09-08,Rice (imported),Wholesale,13.17,GHS,MoFA SRID
Nkwanta,Oti,Nkwanta South Municipal,2025-09-08,Rice (local),Retail,11.34,GHS,MoFA SRID
Nkwanta,Oti,Nkwanta South Municipal,2025-09-08,Rice (local),Wholesale,10.42,GHS,MoFA SRID
Nkwanta,Oti,Nkwanta South Municipal,2025-09-08,Sorghum,Retail,10.42,GHS,MoFA SRID
Nkwanta,Oti,Nkwanta South Municipal,2025-09-08,Sorghum,Wholesale,8.85,GHS,MoFA SRID
Nkwanta,Oti,Nkwanta South Municipal,2025-09-08,Soybeans,Retail,9.62,GHS,MoFA SRID
Nkwanta,Oti,Nkwanta South Municipal,2025-09-08,Soybeans,Wholesale,8.33,GHS,MoFA SRID
Nkwanta,Oti,Nkwanta South Municipal,2025-09-08,Tomatoes (local),Retail,9.44,GHS,MoFA SRID
Nkwanta,Oti,Nkwanta South Municipal,2025-09-08,Tomatoes (local),Wholesale,5.11,GHS,MoFA SRID
Nkwanta,Oti,Nkwanta South Municipal,2025-09-08,Tomatoes (navrongo),Retail,12.86,GHS,MoFA SRID
Nkwanta,Oti,Nkwanta South Municipal,2025-09-08,Tomatoes (navrongo),Wholesale,10.83,GHS,MoFA SRID
Nkwanta,Oti,Nkwanta South Municipal,2025-09-08,Yam (puna),Retail,7.53,GHS,MoFA SRID
Nkwanta,Oti,Nkwanta South Municipal,2025-09-08,Yam (puna),Wholesale,5.45,GHS,MoFA SRID
Tema Community One Main Market,Greater Accra,TMA-Tema East,2025-09-08,Cowpeas (white),Wholesale,19.44,GHS,MoFA SRID
Tema Community One Main Market,Greater Accra,TMA-Tema East,2025-09-08,Eggplants,Wholesale,34.91,GHS,MoFA SRID
Tema Community One Main Market,Greater Accra,TMA-Tema East,2025-09-08,Eggs,Wholesale,71.67,GHS,MoFA SRID
Tema Community One Main Market,Greater Accra,TMA-Tema East,2025-09-08,Gari,Wholesale,20.95,GHS,MoFA SRID
Tema Community One Main Market,Greater Accra,TMA-Tema East,2025-09-08,Maize,Wholesale,14.0,GHS,MoFA SRID
Tema Community One Main Market,Greater Accra,TMA-Tema East,2025-09-08,Maize (yellow),Wholesale,15.0,GHS,MoFA SRID
Tema Community One Main Market,Greater Accra,TMA-Tema East,2025-09-08,Millet,Wholesale,17.15,GHS,MoFA SRID
Tema Community One Main Market,Greater Accra,TMA-Tema East,2025-09-08,Onions,Wholesale,23.53,GHS,MoFA SRID
Tema Community One Main Market,Greater Accra,TMA-Tema East,2025-09-08,Peppers (dried),Wholesale,69.84,GHS,MoFA SRID
Tema Community One Main Market,Greater Accra,TMA-Tema East,2025-09-08,Peppers (fresh),Wholesale,48.71,GHS,MoFA SRID
Tema Community One Main Market,Greater Accra,TMA-Tema East,2025-09-08,Plantains (apem),Wholesale,53.4,GHS,MoFA SRID
Tema Community One Main Market,Greater Accra,TMA-Tema East,2025-09-08,Plantains (apentu),Wholesale,29.75,GHS,MoFA SRID
Tema Community One Main Market,Greater Accra,TMA-Tema East,2025-09-08,Rice (imported),Wholesale,27.53,GHS,MoFA SRID
Tema Community One Main Market,Greater Accra,TMA-Tema East,2025-09-08,Rice (local),Wholesale,25.07,GHS,MoFA SRID
Tema Community One Main Market,Greater Accra,TMA-Tema East,2025-09-08,Sorghum,Wholesale,17.15,GHS,MoFA SRID
Tema Community One Main Market,Greater Accra,TMA-Tema East,2025-09-08,Soybeans,Wholesale,20.0,GHS,MoFA SRID
Tema Community One Main Market,Greater Accra,TMA-Tema East,2025-09-08,Tomatoes (local),Wholesale,8.04,GHS,MoFA SRID
Tema Community One Main Market,Greater Accra,TMA-Tema East,2025-09-08,Tomatoes (navrongo),Wholesale,17.65,GHS,MoFA SRID
Tema Community One Main Market,Greater Accra,TMA-Tema East,2025-09-08,Yam (puna),Wholesale,25.65,GHS,MoFA SRID
Mankessim,Central,Mfantsiman Municipal,2025-09-10,Cassava,Retail,8.23,GHS,MoFA SRID
Mankessim,Central,Mfantsiman Municipal,2025-09-10,Cowpeas (white),Retail,32.51,GHS,MoFA SRID
Mankessim,Central,Mfantsiman Municipal,2025-09-10,Eggplants,Retail,38.8,GHS,MoFA SRID
Mankessim,Central,Mfantsiman Municipal,2025-09-10,Eggs,Retail,57.5,GHS,MoFA SRID
Mankessim,Central,Mfantsiman Municipal,2025-09-10,Gari,Retail,14.24,GHS,MoFA SRID
Mankessim,Central,Mfantsiman Municipal,2025-09-10,Maize,Retail,6.39,GHS,MoFA SRID
Mankessim,Central,Mfantsiman Municipal,2025-09-10,Maize (yellow),Retail,6.33,GHS,MoFA SRID
Mankessim,Central,Mfantsiman Municipal,2025-09-10,Meat (chicken),Retail,42.67,GHS,MoFA SRID
Mankessim,Central,Mfantsiman Municipal,2025-09-10,Millet,Retail,20.78,GHS,MoFA SRID
Mankessim,Central,Mfantsiman Municipal,2025-09-10,Onions,Retail,12.63,GHS,MoFA SRID
Mankessim,Central,Mfantsiman Municipal,2025-09-10,Peppers (dried),Retail,104.01,GHS,MoFA SRID
Mankessim,Central,Mfantsiman Municipal,2025-09-10,Peppers (fresh),Retail,55.42,GHS,MoFA SRID
Mankessim,Central,Mfantsiman Municipal,2025-09-10,Plantains (apem),Retail,20.44,GHS,MoFA SRID
Mankessim,Central,Mfantsiman Municipal,2025-09-10,Plantains (apentu),Retail,26.39,GHS,MoFA SRID
Mankessim,Central,Mfantsiman Municipal,2025-09-10,Rice (imported),Retail,20.09,GHS,MoFA SRID
Mankessim,Central,Mfantsiman Municipal,2025-09-10,Rice (local),Retail,21.55,GHS,MoFA SRID
Mankessim,Central,Mfantsiman Municipal,2025-09-10,Soybeans,Retail,20.25,GHS,MoFA SRID
Mankessim,Central,Mfantsiman Municipal,2025-09-10,Tomatoes (local),Retail,12.5,GHS,MoFA SRID
Mankessim,Central,Mfantsiman Municipal,2025-09-10,Tomatoes (navrongo),Retail,13.43,GHS,MoFA SRID
Mankessim,Central,Mfantsiman Municipal,2025-09-10,Yam (puna),Retail,10.04,GHS,MoFA SRID
Nana Bosomah,Bono,Sunyani Municipal,2025-09-10,Cassava,Retail,3.41,GHS,MoFA SRID
Nana Bosomah,Bono,Sunyani Municipal,2025-09-10,Cowpeas (white),Retail,16.67,GHS,MoFA SRID
Nana Bosomah,Bono,Sunyani Municipal,2025-09-10,Eggplants,Retail,11.87,GHS,MoFA SRID
Nana Bosomah,Bono,Sunyani Municipal,2025-09-10,Gari,Retail,12.5,GHS,MoFA SRID
Nana Bosomah,Bono,Sunyani Municipal,2025-09-10,Maize,Retail,4.29,GHS,MoFA SRID
Nana Bosomah,Bono,Sunyani Municipal,2025-09-10,Maize,Wholesale,3.75,GHS,MoFA SRID
Nana Bosomah,Bono,Sunyani Municipal,2025-09-10,Maize (yellow),Retail,4.29,GHS,MoFA SRID
Nana Bosomah,Bono,Sunyani Municipal,2025-09-10,Maize (yellow),Wholesale,3.75,GHS,MoFA SRID
Nana Bosomah,Bono,Sunyani Municipal,2025-09-10,Millet,Retail,12.5,GHS,MoFA SRID
Nana Bosomah,Bono,Sunyani Municipal,2025-09-10,Onions,Retail,12.4,GHS,MoFA SRID
Nana Bosomah,Bono,Sunyani Municipal,2025-09-10,Peppers (dried),Retail,100.0,GHS,MoFA SRID
Nana Bosomah,Bono,Sunyani Municipal,2025-09-10,Peppers (dried),Wholesale,74.07,GHS,MoFA SRID
Nana Bosomah,Bono,Sunyani Municipal,2025-09-10,Peppers (fresh),Retail,87.5,GHS,MoFA SRID
Nana Bosomah,Bono,Sunyani Municipal,2025-09-10,Peppers (fresh),Wholesale,22.73,GHS,MoFA SRID
Nana Bosomah,Bono,Sunyani Municipal,2025-09-10,Plantains (apem),Retail,35.55,GHS,MoFA SRID
Nana Bosomah,Bono,Sunyani Municipal,2025-09-10,Plantains (apem),Wholesale,15.83,GHS,MoFA SRID
Nana Bosomah,Bono,Sunyani Municipal,2025-09-10,Plantains (apentu),Retail,28.57,GHS,MoFA SRID
Nana Bosomah,Bono,Sunyani Municipal,2025-09-10,Plantains (apentu),Wholesale,18.24,GHS,MoFA SRID
Nana Bosomah,Bono,Sunyani Municipal,2025-09-10,Rice (imported),Retail,15.36,GHS,MoFA SRID
Nana Bosomah,Bono,Sunyani Municipal,2025-09-10,Rice (imported),Wholesale,13.6,GHS,MoFA SRID
Nana Bosomah,Bono,Sunyani Municipal,2025-09-10,Rice (local),Retail,12.59,GHS,MoFA SRID
Nana Bosomah,Bono,Sunyani Municipal,2025-09-10,Rice (local),Wholesale,10.84,GHS,MoFA SRID
Nana Bosomah,Bono,Sunyani Municipal,2025-09-10,Sorghum,Retail,12.0,GHS,MoFA SRID
Nana Bosomah,Bono,Sunyani Municipal,2025-09-10,Soybeans,Retail,12.5,GHS,MoFA SRID
Nana Bosomah,Bono,Sunyani Municipal,2025-09-10,Tomatoes (navrongo),Retail,21.94,GHS,MoFA SRID
Nana Bosomah,Bono,Sunyani Municipal,2025-09-10,Yam,Retail,8.42,GHS,MoFA SRID
Techiman,Bono East,Techiman Municipal,2025-09-10,Cassava,Retail,2.4,GHS,MoFA SRID
Techiman,Bono East,Techiman Municipal,2025-09-10,Cowpeas (white),Retail,16.67,GHS,MoFA SRID
Techiman,Bono East,Techiman Municipal,2025-09-10,Eggplants,Retail,17.78,GHS,MoFA SRID
Techiman,Bono East,Techiman Municipal,2025-09-10,Eggs,Retail,64.67,GHS,MoFA SRID
Techiman,Bono East,Techiman Municipal,2025-09-10,Gari,Retail,11.81,GHS,MoFA SRID
Techiman,Bono East,Techiman Municipal,2025-09-10,Maize,Retail,5.49,GHS,MoFA SRID
Techiman,Bono East,Techiman Municipal,2025-09-10,Maize (yellow),Retail,5.49,GHS,MoFA SRID
Techiman,Bono East,Techiman Municipal,2025-09-10,Meat (chicken),Retail,38.33,GHS,MoFA SRID
Techiman,Bono East,Techiman Municipal,2025-09-10,Millet,Retail,11.85,GHS,MoFA SRID
Techiman,Bono East,Techiman Municipal,2025-09-10,Onions,Retail,17.17,GHS,MoFA SRID
Techiman,Bono East,Techiman Municipal,2025-09-10,Peppers (dried),Retail,116.67,GHS,MoFA SRID
Techiman,Bono East,Techiman Municipal,2025-09-10,Peppers (fresh),Retail,25.76,GHS,MoFA SRID
Techiman,Bono East,Techiman Municipal,2025-09-10,Plantains (apem),Retail,17.17,GHS,MoFA SRID
Techiman,Bono East,Techiman Municipal,2025-09-10,Plantains (apentu),Retail,16.38,GHS,MoFA SRID
Techiman,Bono East,Techiman Municipal,2025-09-10,Rice (imported),Retail,18.37,GHS,MoFA SRID
Techiman,Bono East,Techiman Municipal,2025-09-10,Rice (local),Retail,12.17,GHS,MoFA SRID
Techiman,Bono East,Techiman Municipal,2025-09-10,Sorghum,Retail,9.26,GHS,MoFA SRID
Techiman,Bono East,Techiman Municipal,2025-09-10,Soybeans,Retail,9.26,GHS,MoFA SRID
Techiman,Bono East,Techiman Municipal,2025-09-10,Tomatoes (navrongo),Retail,18.93,GHS,MoFA SRID
Techiman,Bono East,Techiman Municipal,2025-09-10,Yam,Retail,8.68,GHS,MoFA SRID
Techiman,Bono East,Techiman Municipal,2025-09-10,Yam (puna),Retail,11.61,GHS,MoFA SRID
Tema Community One Main Market,Greater Accra,TMA-Tema East,2025-09-10,Cowpeas (white),Retail,23.33,GHS,MoFA SRID
Tema Community One Main Market,Greater Accra,TMA-Tema East,2025-09-10,Eggplants,Retail,61.11,GHS,MoFA SRID
Tema Community One Main Market,Greater Accra,TMA-Tema East,2025-09-10,Eggs,Retail,80.0,GHS,MoFA SRID
Tema Community One Main Market,Greater Accra,TMA-Tema East,2025-09-10,Gari,Retail,20.0,GHS,MoFA SRID
Tema Community One Main Market,Greater Accra,TMA-Tema East,2025-09-10,Maize,Retail,12.0,GHS,MoFA SRID
Tema Community One Main Market,Greater Accra,TMA-Tema East,2025-09-10,Maize (yellow),Retail,13.52,GHS,MoFA SRID
Tema Community One Main Market,Greater Accra,TMA-Tema East,2025-09-10,Meat (chicken),Retail,52.33,GHS,MoFA SRID
Tema Community One Main Market,Greater Accra,TMA-Tema East,2025-09-10,Millet,Retail,25.0,GHS,MoFA SRID
Tema Community One Main Market,Greater Accra,TMA-Tema East,2025-09-10,Onions,Retail,28.57,GHS,MoFA SRID
Tema Community One Main Market,Greater Accra,TMA-Tema East,2025-09-10,Peppers (dried),Retail,66.67,GHS,MoFA SRID
Tema Community One Main Market,Greater Accra,TMA-Tema East,2025-09-10,Peppers (fresh),Retail,42.22,GHS,MoFA SRID
Tema Community One Main Market,Greater Accra,TMA-Tema East,2025-09-10,Plantains (apem),Retail,62.5,GHS,MoFA SRID
Tema Community One Main Market,Greater Accra,TMA-Tema East,2025-09-10,Plantains (apentu),Retail,39.29,GHS,MoFA SRID
Tema Community One Main Market,Greater Accra,TMA-Tema East,2025-09-10,Rice (imported),Retail,20.0,GHS,MoFA SRID
Tema Community One Main Market,Greater Accra,TMA-Tema East,2025-09-10,Rice (local),Retail,20.0,GHS,MoFA SRID
Tema Community One Main Market,Greater Accra,TMA-Tema East,2025-09-10,Sorghum,Retail,27.5,GHS,MoFA SRID
Tema Community One Main Market,Greater Accra,TMA-Tema East,2025-09-10,Soybeans,Retail,20.0,GHS,MoFA SRID
Tema Community One Main Market,Greater Accra,TMA-Tema East,2025-09-10,Tomatoes (local),Retail,10.0,GHS,MoFA SRID
Tema Community One Main Market,Greater Accra,TMA-Tema East,2025-09-10,Tomatoes (navrongo),Retail,16.67,GHS,MoFA SRID
Tema Community One Main Market,Greater Accra,TMA-Tema East,2025-09-10,Yam (puna),Retail,30.71,GHS,MoFA SRID
Wa,Upper West,Wa Municipal,2025-09-10,Cowpeas (white),Wholesale,45.0,GHS,MoFA SRID
Wa,Upper West,Wa Municipal,2025-09-10,Maize,Wholesale,10.4,GHS,MoFA SRID
Wa,Upper West,Wa Municipal,2025-09-10,Maize (yellow),Wholesale,10.4,GHS,MoFA SRID
Wa,Upper West,Wa Municipal,2025-09-10,Millet,Wholesale,24.0,GHS,MoFA SRID
Wa,Upper West,Wa Municipal,2025-09-10,Rice (imported),Wholesale,9.6,GHS,MoFA SRID
Wa,Upper West,Wa Municipal,2025-09-10,Sorghum,Wholesale,22.0,GHS,MoFA SRID
Wa,Upper West,Wa Municipal,2025-09-10,Soybeans,Wholesale,22.0,GHS,MoFA SRID
Wa,Upper West,Wa Municipal,2025-09-10,Yam,Wholesale,40.45,GHS,MoFA SRID
Wa,Upper West,Wa Municipal,2025-09-10,Yam (puna),Wholesale,37.54,GHS,MoFA SRID
Koforidua,Eastern,New Juaben South Municipal,2025-09-11,Eggplants,Retail,15.28,GHS,MoFA SRID
Koforidua,Eastern,New Juaben South Municipal,2025-09-11,Eggplants,Wholesale,16.11,GHS,MoFA SRID
Koforidua,Eastern,New Juaben South Municipal,2025-09-11,Eggs,Retail,66.67,GHS,MoFA SRID
Koforidua,Eastern,New Juaben South Municipal,2025-09-11,Eggs,Wholesale,55.0,GHS,MoFA SRID
Koforidua,Eastern,New Juaben South Municipal,2025-09-11,Gari,Retail,14.06,GHS,MoFA SRID
Koforidua,Eastern,New Juaben South Municipal,2025-09-11,Maize (yellow),Wholesale,4.44,GHS,MoFA SRID
Koforidua,Eastern,New Juaben South Municipal,2025-09-11,Onions,Wholesale,15.0,GHS,MoFA SRID
Koforidua,Eastern,New Juaben South Municipal,2025-09-11,Peppers (fresh),Wholesale,20.59,GHS,MoFA SRID
Koforidua,Eastern,New Juaben South Municipal,2025-09-11,Plantains (apentu),Wholesale,25.64,GHS,MoFA SRID
Koforidua,Eastern,New Juaben South Municipal,2025-09-11,Rice (imported),Wholesale,13.33,GHS,MoFA SRID
Koforidua,Eastern,New Juaben South Municipal,2025-09-11,Tomatoes (local),Retail,10.55,GHS,MoFA SRID
Koforidua,Eastern,New Juaben South Municipal,2025-09-11,Tomatoes (local),Wholesale,12.5,GHS,MoFA SRID
Koforidua,Eastern,New Juaben South Municipal,2025-09-11,Yam (puna),Retail,13.82,GHS,MoFA SRID
Koforidua,Eastern,New Juaben South Municipal,2025-09-11,Yam (puna),Wholesale,10.26,GHS,MoFA SRID
Bibiani,Western North,Bibiani Anhwiaso Bekwai Municipal,2025-09-12,Cowpeas (white),Retail,28.33,GHS,MoFA SRID
Bibiani,Western North,Bibiani Anhwiaso Bekwai Municipal,2025-09-12,Eggplants,Retail,19.45,GHS,MoFA SRID
Bibiani,Western North,Bibiani Anhwiaso Bekwai Municipal,2025-09-12,Eggs,Retail,65.0,GHS,MoFA SRID
Bibiani,Western North,Bibiani Anhwiaso Bekwai Municipal,2025-09-12,Gari,Retail,18.33,GHS,MoFA SRID
Bibiani,Western North,Bibiani Anhwiaso Bekwai Municipal,2025-09-12,Maize,Retail,7.58,GHS,MoFA SRID
Bibiani,Western North,Bibiani Anhwiaso Bekwai Municipal,2025-09-12,Maize (yellow),Retail,8.15,GHS,MoFA SRID
Bibiani,Western North,Bibiani Anhwiaso Bekwai Municipal,2025-09-12,Millet,Retail,18.33,GHS,MoFA SRID
Bibiani,Western North,Bibiani Anhwiaso Bekwai Municipal,2025-09-12,Onions,Retail,27.11,GHS,MoFA SRID
Bibiani,Western North,Bibiani Anhwiaso Bekwai Municipal,2025-09-12,Peppers (dried),Retail,55.83,GHS,MoFA SRID
Bibiani,Western North,Bibiani Anhwiaso Bekwai Municipal,2025-09-12,Peppers (fresh),Retail,28.16,GHS,MoFA SRID
Bibiani,Western North,Bibiani Anhwiaso Bekwai Municipal,2025-09-12,Plantains (apem),Retail,14.5,GHS,MoFA SRID
Bibiani,Western North,Bibiani Anhwiaso Bekwai Municipal,2025-09-12,Plantains (apentu),Retail,17.17,GHS,MoFA SRID
Bibiani,Western North,Bibiani Anhwiaso Bekwai Municipal,2025-09-12,Rice (imported),Retail,26.39,GHS,MoFA SRID
Bibiani,Western North,Bibiani Anhwiaso Bekwai Municipal,2025-09-12,Rice (local),Retail,27.05,GHS,MoFA SRID
Bibiani,Western North,Bibiani Anhwiaso Bekwai Municipal,2025-09-12,Soybeans,Retail,17.22,GHS,MoFA SRID
Bibiani,Western North,Bibiani Anhwiaso Bekwai Municipal,2025-09-12,Tomatoes (local),Retail,32.64,GHS,MoFA SRID
Bibiani,Western North,Bibiani Anhwiaso Bekwai Municipal,2025-09-12,Yam,Retail,11.61,GHS,MoFA SRID
Bibiani,Western North,Bibiani Anhwiaso Bekwai Municipal,2025-09-12,Yam (puna),Retail,10.14,GHS,MoFA SRID
Obuasi,Ashanti,Obuasi Municipal,2025-09-12,Cassava,Retail,4.63,GHS,MoFA SRID
Obuasi,Ashanti,Obuasi Municipal,2025-09-12,Cowpeas (white),Retail,18.76,GHS,MoFA SRID
Obuasi,Ashanti,Obuasi Municipal,2025-09-12,Eggplants,Retail,15.67,GHS,MoFA SRID
Obuasi,Ashanti,Obuasi Municipal,2025-09-12,Eggs,Retail,68.33,GHS,MoFA SRID
Obuasi,Ashanti,Obuasi Municipal,2025-09-12,Maize,Retail,12.5,GHS,MoFA SRID
Obuasi,Ashanti,Obuasi Municipal,2025-09-12,Maize (yellow),Retail,11.64,GHS,MoFA SRID
Obuasi,Ashanti,Obuasi Municipal,2025-09-12,Millet,Retail,15.19,GHS,MoFA SRID
Obuasi,Ashanti,Obuasi Municipal,2025-09-12,Onions,Retail,26.13,GHS,MoFA SRID
Obuasi,Ashanti,Obuasi Municipal,2025-09-12,Peppers (dried),Retail,91.41,GHS,MoFA SRID
Obuasi,Ashanti,Obuasi Municipal,2025-09-12,Peppers (fresh),Retail,86.9,GHS,MoFA SRID
Obuasi,Ashanti,Obuasi Municipal,2025-09-12,Plantains (apentu),Retail,20.13,GHS,MoFA SRID
Obuasi,Ashanti,Obuasi Municipal,2025-09-12,Soybeans,Retail,16.45,GHS,MoFA SRID
Obuasi,Ashanti,Obuasi Municipal,2025-09-12,Tomatoes (local),Retail,21.54,GHS,MoFA SRID
Obuasi,Ashanti,Obuasi Municipal,2025-09-12,Yam (puna),Retail,15.41,GHS,MoFA SRID
Bamboi,Savannah,Bole,2025-09-13,Cowpeas (white),Retail,15.38,GHS,MoFA SRID
Bamboi,Savannah,Bole,2025-09-13,Eggplants,Retail,24.2,GHS,MoFA SRID
Bamboi,Savannah,Bole,2025-09-13,Eggs,Retail,70.0,GHS,MoFA SRID
Bamboi,Savannah,Bole,2025-09-13,Gari,Retail,13.89,GHS,MoFA SRID
Bamboi,Savannah,Bole,2025-09-13,Maize,Retail,9.73,GHS,MoFA SRID
Bamboi,Savannah,Bole,2025-09-13,Maize (yellow),Retail,8.0,GHS,MoFA SRID
Bamboi,Savannah,Bole,2025-09-13,Millet,Retail,12.79,GHS,MoFA SRID
Bamboi,Savannah,Bole,2025-09-13,Onions,Retail,21.11,GHS,MoFA SRID
Bamboi,Savannah,Bole,2025-09-13,Peppers (dried),Retail,44.33,GHS,MoFA SRID
Bamboi,Savannah,Bole,2025-09-13,Peppers (fresh),Retail,27.52,GHS,MoFA SRID
Bamboi,Savannah,Bole,2025-09-13,Rice (imported),Retail,16.93,GHS,MoFA SRID
Bamboi,Savannah,Bole,2025-09-13,Rice (local),Retail,15.62,GHS,MoFA SRID
Bamboi,Savannah,Bole,2025-09-13,Sorghum,Retail,10.31,GHS,MoFA SRID
Bamboi,Savannah,Bole,2025-09-13,Soybeans,Retail,10.0,GHS,MoFA SRID
Bamboi,Savannah,Bole,2025-09-13,Tomatoes (local),Retail,24.45,GHS,MoFA SRID
Bamboi,Savannah,Bole,2025-09-13,Yam,Retail,18.03,GHS,MoFA SRID
Bamboi,Savannah,Bole,2025-09-13,Yam (puna),Retail,17.54,GHS,MoFA SRID
Bibiani,Western North,Bibiani Anhwiaso Bekwai Municipal,2025-09-13,Cassava,Wholesale,2.62,GHS,MoFA SRID
Bibiani,Western North,Bibiani Anhwiaso Bekwai Municipal,2025-09-13,Cowpeas (white),Wholesale,20.45,GHS,MoFA SRID
Bibiani,Western North,Bibiani Anhwiaso Bekwai Municipal,2025-09-13,Eggplants,Wholesale,23.05,GHS,MoFA SRID
Bibiani,Western North,Bibiani Anhwiaso Bekwai Municipal,2025-09-13,Eggs,Wholesale,54.33,GHS,MoFA SRID
Bibiani,Western North,Bibiani Anhwiaso Bekwai Municipal,2025-09-13,Gari,Wholesale,10.58,GHS,MoFA SRID
Bibiani,Western North,Bibiani Anhwiaso Bekwai Municipal,2025-09-13,Maize,Wholesale,7.19,GHS,MoFA SRID
Bibiani,Western North,Bibiani Anhwiaso Bekwai Municipal,2025-09-13,Maize (yellow),Wholesale,7.46,GHS,MoFA SRID
Bibiani,Western North,Bibiani Anhwiaso Bekwai Municipal,2025-09-13,Meat (chicken),Wholesale,22.8,GHS,MoFA SRID
Bibiani,Western North,Bibiani Anhwiaso Bekwai Municipal,2025-09-13,Millet,Wholesale,19.41,GHS,MoFA SRID
Bibiani,Western North,Bibiani Anhwiaso Bekwai Municipal,2025-09-13,Onions,Wholesale,29.08,GHS,MoFA SRID
Bibiani,Western North,Bibiani Anhwiaso Bekwai Municipal,2025-09-13,Peppers (dried),Wholesale,21.16,GHS,MoFA SRID
Bibiani,Western North,Bibiani Anhwiaso Bekwai Municipal,2025-09-13,Peppers (fresh),Wholesale,40.02,GHS,MoFA SRID
Bibiani,Western North,Bibiani Anhwiaso Bekwai Municipal,2025-09-13,Plantains (apem),Wholesale,10.24,GHS,MoFA SRID
Bibiani,Western North,Bibiani Anhwiaso Bekwai Municipal,2025-09-13,Plantains (apentu),Wholesale,9.81,GHS,MoFA SRID
Bibiani,Western North,Bibiani Anhwiaso Bekwai Municipal,2025-09-13,Rice (imported),Wholesale,16.69,GHS,MoFA SRID
Bibiani,Western North,Bibiani Anhwiaso Bekwai Municipal,2025-09-13,Rice (local),Wholesale,14.64,GHS,MoFA SRID
Bibiani,Western North,Bibiani Anhwiaso Bekwai Municipal,2025-09-13,Soybeans,Wholesale,17.88,GHS,MoFA SRID
Bibiani,Western North,Bibiani Anhwiaso Bekwai Municipal,2025-09-13,Tomatoes (local),Wholesale,9.64,GHS,MoFA SRID
Bibiani,Western North,Bibiani Anhwiaso Bekwai Municipal,2025-09-13,Yam,Wholesale,6.32,GHS,MoFA SRID
Bibiani,Western North,Bibiani Anhwiaso Bekwai Municipal,2025-09-13,Yam (puna),Wholesale,9.44,GHS,MoFA SRID
Goaso,Ahafo,Asunafo North Municipal,2025-09-14,Cassava,Retail,3.37,GHS,MoFA SRID
Goaso,Ahafo,Asunafo North Municipal,2025-09-14,Cowpeas (white),Retail,15.33,GHS,MoFA SRID
Goaso,Ahafo,Asunafo North Municipal,2025-09-14,Eggplants,Retail,13.89,GHS,MoFA SRID
Goaso,Ahafo,Asunafo North Municipal,2025-09-14,Eggs,Retail,50.0,GHS,MoFA SRID
Goaso,Ahafo,Asunafo North Municipal,2025-09-14,Gari,Retail,10.0,GHS,MoFA SRID
Goaso,Ahafo,Asunafo North Municipal,2025-09-14,Maize,Retail,6.74,GHS,MoFA SRID
Goaso,Ahafo,Asunafo North Municipal,2025-09-14,Maize (yellow),Retail,6.64,GHS,MoFA SRID
Goaso,Ahafo,Asunafo North Municipal,2025-09-14,Millet,Retail,14.33,GHS,MoFA SRID
Goaso,Ahafo,Asunafo North Municipal,2025-09-14,Onions,Retail,16.67,GHS,MoFA SRID
Goaso,Ahafo,Asunafo North Municipal,2025-09-14,Peppers (fresh),Retail,20.83,GHS,MoFA SRID
Goaso,Ahafo,Asunafo North Municipal,2025-09-14,Plantains (apem),Retail,8.52,GHS,MoFA SRID
Goaso,Ahafo,Asunafo North Municipal,2025-09-14,Plantains (apentu),Retail,7.5,GHS,MoFA SRID
Goaso,Ahafo,Asunafo North Municipal,2025-09-14,Rice (local),Retail,12.45,GHS,MoFA SRID
Goaso,Ahafo,Asunafo North Municipal,2025-09-14,Sorghum,Retail,12.33,GHS,MoFA SRID
Goaso,Ahafo,Asunafo North Municipal,2025-09-14,Tomatoes (local),Retail,9.7,GHS,MoFA SRID
Goaso,Ahafo,Asunafo North Municipal,2025-09-14,Tomatoes (navrongo),Retail,10.74,GHS,MoFA SRID
Goaso,Ahafo,Asunafo North Municipal,2025-09-14,Yam (puna),Retail,8.77,GHS,MoFA SRID
Kintampo,Bono East,Kintampo North Municipal,2025-09-14,Cassava,Retail,3.7,GHS,MoFA SRID
Kintampo,Bono East,Kintampo North Municipal,2025-09-14,Cowpeas (white),Retail,12.54,GHS,MoFA SRID
Kintampo,Bono East,Kintampo North Municipal,2025-09-14,Eggplants,Retail,17.76,GHS,MoFA SRID
Kintampo,Bono East,Kintampo North Municipal,2025-09-14,Gari,Retail,9.92,GHS,MoFA SRID
Kintampo,Bono East,Kintampo North Municipal,2025-09-14,Maize,Retail,3.91,GHS,MoFA SRID
Kintampo,Bono East,Kintampo North Municipal,2025-09-14,Maize (yellow),Retail,3.85,GHS,MoFA SRID
Kintampo,Bono East,Kintampo North Municipal,2025-09-14,Millet,Retail,11.87,GHS,MoFA SRID
Kintampo,Bono East,Kintampo North Municipal,2025-09-14,Onions,Retail,14.33,GHS,MoFA SRID
Kintampo,Bono East,Kintampo North Municipal,2025-09-14,Peppers (dried),Retail,83.81,GHS,MoFA SRID
Kintampo,Bono East,Kintampo North Municipal,2025-09-14,Peppers (fresh),Retail,38.96,GHS,MoFA SRID
Kintampo,Bono East,Kintampo North Municipal,2025-09-14,Plantains (apem),Retail,28.37,GHS,MoFA SRID
Kintampo,Bono East,Kintampo North Municipal,2025-09-14,Plantains (apentu),Retail,20.81,GHS,MoFA SRID
Kintampo,Bono East,Kintampo North Municipal,2025-09-14,Rice (imported),Retail,15.42,GHS,MoFA SRID
Kintampo,Bono East,Kintampo North Municipal,2025-09-14,Rice (local),Retail,11.59,GHS,MoFA SRID
Kintampo,Bono East,Kintampo North Municipal,2025-09-14,Sorghum,Retail,9.52,GHS,MoFA SRID
Kintampo,Bono East,Kintampo North Municipal,2025-09-14,Tomatoes (local),Retail,15.54,GHS,MoFA SRID
Kintampo,Bono East,Kintampo North Municipal,2025-09-14,Yam (puna),Retail,18.18,GHS,MoFA SRID
Wa,Upper West,Wa Municipal,2025-09-14,Cowpeas (white),Retail,21.74,GHS,MoFA SRID
Wa,Upper West,Wa Municipal,2025-09-14,Gari,Retail,12.5,GHS,MoFA SRID
Wa,Upper West,Wa Municipal,2025-09-14,Maize,Retail,4.76,GHS,MoFA SRID
Wa,Upper West,Wa Municipal,2025-09-14,Maize (yellow),Retail,5.0,GHS,MoFA SRID
Wa,Upper West,Wa Municipal,2025-09-14,Millet,Retail,10.0,GHS,MoFA SRID
Wa,Upper West,Wa Municipal,2025-09-14,Peppers (dried),Retail,57.69,GHS,MoFA SRID
Wa,Upper West,Wa Municipal,2025-09-14,Peppers (fresh),Retail,18.05,GHS,MoFA SRID
Wa,Upper West,Wa Municipal,2025-09-14,Rice (imported),Retail,14.65,GHS,MoFA SRID
Wa,Upper West,Wa Municipal,2025-09-14,Rice (local),Retail,11.95,GHS,MoFA SRID
Wa,Upper West,Wa Municipal,2025-09-14,Sorghum,Retail,6.15,GHS,MoFA SRID
Wa,Upper West,Wa Municipal,2025-09-14,Soybeans,Retail,5.33,GHS,MoFA SRID
Wa,Upper West,Wa Municipal,2025-09-14,Tomatoes (local),Retail,3.33,GHS,MoFA SRID
Wa,Upper West,Wa Municipal,2025-09-14,Tomatoes (navrongo),Retail,5.0,GHS,MoFA SRID
Wa,Upper West,Wa Municipal,2025-09-14,Yam,Retail,7.75,GHS,MoFA SRID
Wa,Upper West,Wa Municipal,2025-09-14,Yam (puna),Retail,12.61,GHS,MoFA SRID
Bamboi,Savannah,Bole,2025-09-15,Cowpeas (white),Wholesale,16.66,GHS,MoFA SRID
Bamboi,Savannah,Bole,2025-09-15,Eggplants,Wholesale,19.9,GHS,MoFA SRID
Bamboi,Savannah,Bole,2025-09-15,Eggs,Wholesale,70.0,GHS,MoFA SRID
Bamboi,Savannah,Bole,2025-09-15,Gari,Wholesale,13.33,GHS,MoFA SRID
Bamboi,Savannah,Bole,2025-09-15,Maize,Wholesale,4.37,GHS,MoFA SRID
Bamboi,Savannah,Bole,2025-09-15,Maize (yellow),Wholesale,4.37,GHS,MoFA SRID
Bamboi,Savannah,Bole,2025-09-15,Millet,Wholesale,19.82,GHS,MoFA SRID
Bamboi,Savannah,Bole,2025-09-15,Onions,Wholesale,13.13,GHS,MoFA SRID
Bamboi,Savannah,Bole,2025-09-15,Peppers (dried),Wholesale,46.67,GHS,MoFA SRID
Bamboi,Savannah,Bole,2025-09-15,Peppers (fresh),Wholesale,32.48,GHS,MoFA SRID
Bamboi,Savannah,Bole,2025-09-15,Rice (imported),Wholesale,16.8,GHS,MoFA SRID
Bamboi,Savannah,Bole,2025-09-15,Rice (local),Wholesale,10.75,GHS,MoFA SRID
Bamboi,Savannah,Bole,2025-09-15,Sorghum,Wholesale,14.57,GHS,MoFA SRID
Bamboi,Savannah,Bole,2025-09-15,Soybeans,Wholesale,13.32,GHS,MoFA SRID
Bamboi,Savannah,Bole,2025-09-15,Tomatoes (local),Wholesale,25.24,GHS,MoFA SRID
Bamboi,Savannah,Bole,2025-09-15,Yam,Wholesale,22.73,GHS,MoFA SRID
Bamboi,Savannah,Bole,2025-09-15,Yam (puna),Wholesale,19.96,GHS,MoFA SRID
Goaso,Ahafo,Asunafo North Municipal,2025-09-15,Cowpeas (white),Wholesale,13.97,GHS,MoFA SRID
Goaso,Ahafo,Asunafo North Municipal,2025-09-15,Eggplants,Wholesale,16.91,GHS,MoFA SRID
Goaso,Ahafo,Asunafo North Municipal,2025-09-15,Eggs,Wholesale,46.67,GHS,MoFA SRID
Goaso,Ahafo,Asunafo North Municipal,2025-09-15,Gari,Wholesale,11.21,GHS,MoFA SRID
Goaso,Ahafo,Asunafo North Municipal,2025-09-15,Maize,Wholesale,6.66,GHS,MoFA SRID
Goaso,Ahafo,Asunafo North Municipal,2025-09-15,Maize (yellow),Wholesale,6.68,GHS,MoFA SRID
Goaso,Ahafo,Asunafo North Municipal,2025-09-15,Millet,Wholesale,14.0,GHS,MoFA SRID
Goaso,Ahafo,Asunafo North Municipal,2025-09-15,Peppers (fresh),Wholesale,27.78,GHS,MoFA SRID
Goaso,Ahafo,Asunafo North Municipal,2025-09-15,Plantains (apem),Wholesale,7.73,GHS,MoFA SRID
Goaso,Ahafo,Asunafo North Municipal,2025-09-15,Plantains (apentu),Wholesale,7.54,GHS,MoFA SRID
Goaso,Ahafo,Asunafo North Municipal,2025-09-15,Rice (local),Wholesale,14.14,GHS,MoFA SRID
Goaso,Ahafo,Asunafo North Municipal,2025-09-15,Sorghum,Wholesale,12.33,GHS,MoFA SRID
Goaso,Ahafo,Asunafo North Municipal,2025-09-15,Tomatoes (local),Wholesale,11.67,GHS,MoFA SRID
Goaso,Ahafo,Asunafo North Municipal,2025-09-15,Tomatoes (navrongo),Wholesale,10.67,GHS,MoFA SRID
Goaso,Ahafo,Asunafo North Municipal,2025-09-15,Yam (puna),Wholesale,11.84,GHS,MoFA SRID
Kintampo,Bono East,Kintampo North Municipal,2025-09-15,Cassava,Wholesale,9.49,GHS,MoFA SRID
Kintampo,Bono East,Kintampo North Municipal,2025-09-15,Cowpeas (white),Wholesale,11.5,GHS,MoFA SRID
Kintampo,Bono East,Kintampo North Municipal,2025-09-15,Eggplants,Wholesale,17.86,GHS,MoFA SRID
Kintampo,Bono East,Kintampo North Municipal,2025-09-15,Gari,Wholesale,10.06,GHS,MoFA SRID
Kintampo,Bono East,Kintampo North Municipal,2025-09-15,Maize,Wholesale,3.38,GHS,MoFA SRID
Kintampo,Bono East,Kintampo North Municipal,2025-09-15,Maize (yellow),Wholesale,3.4,GHS,MoFA SRID
Kintampo,Bono East,Kintampo North Municipal,2025-09-15,Millet,Wholesale,7.54,GHS,MoFA SRID
Kintampo,Bono East,Kintampo North Municipal,2025-09-15,Onions,Wholesale,24.43,GHS,MoFA SRID
Kintampo,Bono East,Kintampo North Municipal,2025-09-15,Peppers (dried),Wholesale,89.63,GHS,MoFA SRID
Kintampo,Bono East,Kintampo North Municipal,2025-09-15,Peppers (fresh),Wholesale,39.55,GHS,MoFA SRID
Kintampo,Bono East,Kintampo North Municipal,2025-09-15,Plantains (apem),Wholesale,47.22,GHS,MoFA SRID
Kintampo,Bono East,Kintampo North Municipal,2025-09-15,Plantains (apentu),Wholesale,33.07,GHS,MoFA SRID
Kintampo,Bono East,Kintampo North Municipal,2025-09-15,Rice (imported),Wholesale,14.73,GHS,MoFA SRID
Kintampo,Bono East,Kintampo North Municipal,2025-09-15,Rice (local),Wholesale,11.54,GHS,MoFA SRID
Kintampo,Bono East,Kintampo North Municipal,2025-09-15,Sorghum,Wholesale,7.38,GHS,MoFA SRID
Kintampo,Bono East,Kintampo North Municipal,2025-09-15,Tomatoes (local),Wholesale,17.12,GHS,MoFA SRID
Kintampo,Bono East,Kintampo North Municipal,2025-09-15,Yam (puna),Wholesale,8.22,GHS,MoFA SRID
Nkwanta,Oti,Nkwanta South Municipal,2025-09-15,Cassava,Retail,5.64,GHS,MoFA SRID
Nkwanta,Oti,Nkwanta South Municipal,2025-09-15,Cowpeas (white),Retail,18.76,GHS,MoFA SRID
Nkwanta,Oti,Nkwanta South Municipal,2025-09-15,Eggplants,Retail,8.09,GHS,MoFA SRID
Nkwanta,Oti,Nkwanta South Municipal,2025-09-15,Eggs,Retail,70.0,GHS,MoFA SRID
Nkwanta,Oti,Nkwanta South Municipal,2025-09-15,Gari,Retail,9.17,GHS,MoFA SRID
Nkwanta,Oti,Nkwanta South Municipal,2025-09-15,Maize,Retail,6.69,GHS,MoFA SRID
Nkwanta,Oti,Nkwanta South Municipal,2025-09-15,Maize (yellow),Retail,7.41,GHS,MoFA SRID
Nkwanta,Oti,Nkwanta South Municipal,2025-09-15,Meat (chicken),Retail,40.0,GHS,MoFA SRID
Nkwanta,Oti,Nkwanta South Municipal,2025-09-15,Millet,Retail,11.54,GHS,MoFA SRID
Nkwanta,Oti,Nkwanta South Municipal,2025-09-15,Onions,Retail,13.21,GHS,MoFA SRID
Nkwanta,Oti,Nkwanta South Municipal,2025-09-15,Peppers (dried),Retail,80.0,GHS,MoFA SRID
Nkwanta,Oti,Nkwanta South Municipal,2025-09-15,Peppers (fresh),Retail,23.33,GHS,MoFA SRID
Nkwanta,Oti,Nkwanta South Municipal,2025-09-15,Plantains (apem),Retail,10.0,GHS,MoFA SRID
Nkwanta,Oti,Nkwanta South Municipal,2025-09-15,Plantains (apentu),Retail,9.39,GHS,MoFA SRID
Nkwanta,Oti,Nkwanta South Municipal,2025-09-15,Rice (imported),Retail,17.69,GHS,MoFA SRID
Nkwanta,Oti,Nkwanta South Municipal,2025-09-15,Rice (local),Retail,11.68,GHS,MoFA SRID
Nkwanta,Oti,Nkwanta South Municipal,2025-09-15,Sorghum,Retail,9.17,GHS,MoFA SRID
Nkwanta,Oti,Nkwanta South Municipal,2025-09-15,Soybeans,Retail,9.57,GHS,MoFA SRID
Nkwanta,Oti,Nkwanta South Municipal,2025-09-15,Tomatoes (local),Retail,8.33,GHS,MoFA SRID
Nkwanta,Oti,Nkwanta South Municipal,2025-09-15,Tomatoes (navrongo),Retail,12.86,GHS,MoFA SRID
Nkwanta,Oti,Nkwanta South Municipal,2025-09-15,Yam (puna),Retail,7.23,GHS,MoFA SRID
Wa,Upper West,Wa Municipal,2025-09-15,Cowpeas (white),Wholesale,40.0,GHS,MoFA SRID
Wa,Upper West,Wa Municipal,2025-09-15,Maize,Wholesale,10.67,GHS,MoFA SRID
Wa,Upper West,Wa Municipal,2025-09-15,Maize (yellow),Wholesale,10.4,GHS,MoFA SRID
Wa,Upper West,Wa Municipal,2025-09-15,Millet,Wholesale,24.0,GHS,MoFA SRID
Wa,Upper West,Wa Municipal,2025-09-15,Rice (local),Wholesale,24.0,GHS,MoFA SRID
Wa,Upper West,Wa Municipal,2025-09-15,Sorghum,Wholesale,12.8,GHS,MoFA SRID
Wa,Upper West,Wa Municipal,2025-09-15,Soybeans,Wholesale,12.8,GHS,MoFA SRID
Wa,Upper West,Wa Municipal,2025-09-15,Yam,Wholesale,3.63,GHS,MoFA SRID
Wa,Upper West,Wa Municipal,2025-09-15,Yam (puna),Wholesale,6.62,GHS,MoFA SRID
Bamboi,Savannah,Bole,2025-09-16,Cowpeas (white),Retail,15.38,GHS,MoFA SRID
Bamboi,Savannah,Bole,2025-09-16,Cowpeas (white),Wholesale,15.84,GHS,MoFA SRID
Bamboi,Savannah,Bole,2025-09-16,Eggplants,Retail,22.65,GHS,MoFA SRID
Bamboi,Savannah,Bole,2025-09-16,Eggplants,Wholesale,20.0,GHS,MoFA SRID
Bamboi,Savannah,Bole,2025-09-16,Eggs,Retail,70.0,GHS,MoFA SRID
Bamboi,Savannah,Bole,2025-09-16,Eggs,Wholesale,50.0,GHS,MoFA SRID
Bamboi,Savannah,Bole,2025-09-16,Gari,Retail,11.8,GHS,MoFA SRID
Bamboi,Savannah,Bole,2025-09-16,Gari,Wholesale,14.71,GHS,MoFA SRID
Bamboi,Savannah,Bole,2025-09-16,Maize,Retail,6.0,GHS,MoFA SRID
Bamboi,Savannah,Bole,2025-09-16,Maize,Wholesale,4.33,GHS,MoFA SRID
Bamboi,Savannah,Bole,2025-09-16,Maize (yellow),Retail,6.0,GHS,MoFA SRID
Bamboi,Savannah,Bole,2025-09-16,Maize (yellow),Wholesale,4.33,GHS,MoFA SRID
Bamboi,Savannah,Bole,2025-09-16,Millet,Retail,12.44,GHS,MoFA SRID
Bamboi,Savannah,Bole,2025-09-16,Millet,Wholesale,18.27,GHS,MoFA SRID
Bamboi,Savannah,Bole,2025-09-16,Onions,Retail,16.4,GHS,MoFA SRID
Bamboi,Savannah,Bole,2025-09-16,Onions,Wholesale,15.15,GHS,MoFA SRID
Bamboi,Savannah,Bole,2025-09-16,Peppers (dried),Retail,44.6,GHS,MoFA SRID
Bamboi,Savannah,Bole,2025-09-16,Peppers (fresh),Retail,31.3,GHS,MoFA SRID
Bamboi,Savannah,Bole,2025-09-16,Peppers (fresh),Wholesale,23.08,GHS,MoFA SRID
Bamboi,Savannah,Bole,2025-09-16,Rice (imported),Retail,20.83,GHS,MoFA SRID
Bamboi,Savannah,Bole,2025-09-16,Rice (imported),Wholesale,12.69,GHS,MoFA SRID
Bamboi,Savannah,Bole,2025-09-16,Rice (local),Retail,15.62,GHS,MoFA SRID
Bamboi,Savannah,Bole,2025-09-16,Rice (local),Wholesale,9.25,GHS,MoFA SRID
Bamboi,Savannah,Bole,2025-09-16,Sorghum,Retail,11.46,GHS,MoFA SRID
Bamboi,Savannah,Bole,2025-09-16,Sorghum,Wholesale,10.44,GHS,MoFA SRID
Bamboi,Savannah,Bole,2025-09-16,Soybeans,Retail,11.71,GHS,MoFA SRID
Bamboi,Savannah,Bole,2025-09-16,Soybeans,Wholesale,13.05,GHS,MoFA SRID
Bamboi,Savannah,Bole,2025-09-16,Tomatoes (local),Retail,25.9,GHS,MoFA SRID
Bamboi,Savannah,Bole,2025-09-16,Tomatoes (local),Wholesale,14.42,GHS,MoFA SRID
Bamboi,Savannah,Bole,2025-09-16,Yam,Retail,19.65,GHS,MoFA SRID
Bamboi,Savannah,Bole,2025-09-16,Yam,Wholesale,13.5,GHS,MoFA SRID
Bamboi,Savannah,Bole,2025-09-16,Yam (puna),Retail,20.55,GHS,MoFA SRID
Bamboi,Savannah,Bole,2025-09-16,Yam (puna),Wholesale,14.5,GHS,MoFA SRID
Mankessim,Central,Mfantsiman Municipal,2025-09-17,Cassava,Retail,7.71,GHS,MoFA SRID
Mankessim,Central,Mfantsiman Municipal,2025-09-17,Cowpeas (white),Retail,26.42,GHS,MoFA SRID
Mankessim,Central,Mfantsiman Municipal,2025-09-17,Eggplants,Retail,21.83,GHS,MoFA SRID
Mankessim,Central,Mfantsiman Municipal,2025-09-17,Eggs,Retail,60.0,GHS,MoFA SRID
Mankessim,Central,Mfantsiman Municipal,2025-09-17,Gari,Retail,13.56,GHS,MoFA SRID
Mankessim,Central,Mfantsiman Municipal,2025-09-17,Maize,Retail,4.74,GHS,MoFA SRID
Mankessim,Central,Mfantsiman Municipal,2025-09-17,Maize (yellow),Retail,5.51,GHS,MoFA SRID
Mankessim,Central,Mfantsiman Municipal,2025-09-17,Meat (chicken),Retail,42.67,GHS,MoFA SRID
Mankessim,Central,Mfantsiman Municipal,2025-09-17,Millet,Retail,21.13,GHS,MoFA SRID
Mankessim,Central,Mfantsiman Municipal,2025-09-17,Onions,Retail,12.6,GHS,MoFA SRID
Mankessim,Central,Mfantsiman Municipal,2025-09-17,Peppers (dried),Retail,108.49,GHS,MoFA SRID
Mankessim,Central,Mfantsiman Municipal,2025-09-17,Peppers (fresh),Retail,49.2,GHS,MoFA SRID
Mankessim,Central,Mfantsiman Municipal,2025-09-17,Plantains (apem),Retail,13.89,GHS,MoFA SRID
Mankessim,Central,Mfantsiman Municipal,2025-09-17,Plantains (apentu),Retail,13.99,GHS,MoFA SRID
Mankessim,Central,Mfantsiman Municipal,2025-09-17,Rice (imported),Retail,18.03,GHS,MoFA SRID
Mankessim,Central,Mfantsiman Municipal,2025-09-17,Rice (local),Retail,18.45,GHS,MoFA SRID
Mankessim,Central,Mfantsiman Municipal,2025-09-17,Soybeans,Retail,20.01,GHS,MoFA SRID
Mankessim,Central,Mfantsiman Municipal,2025-09-17,Tomatoes (local),Retail,18.25,GHS,MoFA SRID
Mankessim,Central,Mfantsiman Municipal,2025-09-17,Tomatoes (navrongo),Retail,23.52,GHS,MoFA SRID
Mankessim,Central,Mfantsiman Municipal,2025-09-17,Yam (puna),Retail,10.45,GHS,MoFA SRID
Bibiani,Western North,Bibiani Anhwiaso Bekwai Municipal,2025-09-18,Cowpeas (white),Retail,33.61,GHS,MoFA SRID
Bibiani,Western North,Bibiani Anhwiaso Bekwai Municipal,2025-09-18,Eggplants,Retail,14.63,GHS,MoFA SRID
Bibiani,Western North,Bibiani Anhwiaso Bekwai Municipal,2025-09-18,Eggs,Retail,65.67,GHS,MoFA SRID
Bibiani,Western North,Bibiani Anhwiaso Bekwai Municipal,2025-09-18,Gari,Retail,20.83,GHS,MoFA SRID
Bibiani,Western North,Bibiani Anhwiaso Bekwai Municipal,2025-09-18,Maize,Retail,6.54,GHS,MoFA SRID
Bibiani,Western North,Bibiani Anhwiaso Bekwai Municipal,2025-09-18,Maize (yellow),Retail,8.6,GHS,MoFA SRID
Bibiani,Western North,Bibiani Anhwiaso Bekwai Municipal,2025-09-18,Millet,Retail,21.39,GHS,MoFA SRID
Bibiani,Western North,Bibiani Anhwiaso Bekwai Municipal,2025-09-18,Onions,Retail,27.66,GHS,MoFA SRID
Bibiani,Western North,Bibiani Anhwiaso Bekwai Municipal,2025-09-18,Peppers (dried),Retail,28.91,GHS,MoFA SRID
Bibiani,Western North,Bibiani Anhwiaso Bekwai Municipal,2025-09-18,Peppers (fresh),Retail,38.28,GHS,MoFA SRID
Bibiani,Western North,Bibiani Anhwiaso Bekwai Municipal,2025-09-18,Rice (imported),Retail,27.54,GHS,MoFA SRID
Bibiani,Western North,Bibiani Anhwiaso Bekwai Municipal,2025-09-18,Rice (local),Retail,35.0,GHS,MoFA SRID
Bibiani,Western North,Bibiani Anhwiaso Bekwai Municipal,2025-09-18,Soybeans,Retail,14.72,GHS,MoFA SRID
Bibiani,Western North,Bibiani Anhwiaso Bekwai Municipal,2025-09-18,Tomatoes (local),Retail,12.0,GHS,MoFA SRID
Bibiani,Western North,Bibiani Anhwiaso Bekwai Municipal,2025-09-18,Yam,Retail,14.97,GHS,MoFA SRID
Bibiani,Western North,Bibiani Anhwiaso Bekwai Municipal,2025-09-18,Yam (puna),Retail,9.09,GHS,MoFA SRID
Koforidua,Eastern,New Juaben South Municipal,2025-09-18,Eggplants,Wholesale,10.0,GHS,MoFA SRID
Koforidua,Eastern,New Juaben South Municipal,2025-09-18,Eggs,Retail,71.67,GHS,MoFA SRID
Koforidua,Eastern,New Juaben South Municipal,2025-09-18,Eggs,Wholesale,55.0,GHS,MoFA SRID
Koforidua,Eastern,New Juaben South Municipal,2025-09-18,Gari,Retail,12.65,GHS,MoFA SRID
Koforidua,Eastern,New Juaben South Municipal,2025-09-18,Gari,Wholesale,9.46,GHS,MoFA SRID
Koforidua,Eastern,New Juaben South Municipal,2025-09-18,Maize (yellow),Wholesale,5.99,GHS,MoFA SRID
Koforidua,Eastern,New Juaben South Municipal,2025-09-18,Onions,Wholesale,10.0,GHS,MoFA SRID
Koforidua,Eastern,New Juaben South Municipal,2025-09-18,Peppers (fresh),Retail,14.64,GHS,MoFA SRID
Koforidua,Eastern,New Juaben South Municipal,2025-09-18,Peppers (fresh),Wholesale,11.76,GHS,MoFA SRID
Koforidua,Eastern,New Juaben South Municipal,2025-09-18,Plantains (apentu),Retail,14.92,GHS,MoFA SRID
Koforidua,Eastern,New Juaben South Municipal,2025-09-18,Plantains (apentu),Wholesale,21.43,GHS,MoFA SRID
Koforidua,Eastern,New Juaben South Municipal,2025-09-18,Rice (imported),Wholesale,13.78,GHS,MoFA SRID
Koforidua,Eastern,New Juaben South Municipal,2025-09-18,Tomatoes (local),Retail,13.89,GHS,MoFA SRID
Koforidua,Eastern,New Juaben South Municipal,2025-09-18,Tomatoes (local),Wholesale,8.38,GHS,MoFA SRID
Koforidua,Eastern,New Juaben South Municipal,2025-09-18,Yam (puna),Retail,15.83,GHS,MoFA SRID
Koforidua,Eastern,New Juaben South Municipal,2025-09-18,Yam (puna),Wholesale,9.78,GHS,MoFA SRID
Nana Bosomah,Bono,Sunyani Municipal,2025-09-18,Cassava,Retail,3.58,GHS,MoFA SRID
Nana Bosomah,Bono,Sunyani Municipal,2025-09-18,Eggplants,Retail,13.56,GHS,MoFA SRID
Nana Bosomah,Bono,Sunyani Municipal,2025-09-18,Eggs,Retail,50.0,GHS,MoFA SRID
Nana Bosomah,Bono,Sunyani Municipal,2025-09-18,Gari,Retail,12.5,GHS,MoFA SRID
Nana Bosomah,Bono,Sunyani Municipal,2025-09-18,Maize,Retail,4.29,GHS,MoFA SRID
Nana Bosomah,Bono,Sunyani Municipal,2025-09-18,Maize (yellow),Retail,4.29,GHS,MoFA SRID
Nana Bosomah,Bono,Sunyani Municipal,2025-09-18,Meat (chicken),Retail,50.0,GHS,MoFA SRID
Nana Bosomah,Bono,Sunyani Municipal,2025-09-18,Millet,Retail,12.5,GHS,MoFA SRID
Nana Bosomah,Bono,Sunyani Municipal,2025-09-18,Onions,Retail,12.2,GHS,MoFA SRID
Nana Bosomah,Bono,Sunyani Municipal,2025-09-18,Peppers (dried),Retail,133.33,GHS,MoFA SRID
Nana Bosomah,Bono,Sunyani Municipal,2025-09-18,Peppers (fresh),Retail,87.5,GHS,MoFA SRID
Nana Bosomah,Bono,Sunyani Municipal,2025-09-18,Plantains (apem),Retail,33.33,GHS,MoFA SRID
Nana Bosomah,Bono,Sunyani Municipal,2025-09-18,Plantains (apentu),Retail,30.16,GHS,MoFA SRID
Nana Bosomah,Bono,Sunyani Municipal,2025-09-18,Rice (imported),Retail,15.36,GHS,MoFA SRID
Nana Bosomah,Bono,Sunyani Municipal,2025-09-18,Rice (local),Retail,12.59,GHS,MoFA SRID
Nana Bosomah,Bono,Sunyani Municipal,2025-09-18,Sorghum,Retail,12.0,GHS,MoFA SRID
Nana Bosomah,Bono,Sunyani Municipal,2025-09-18,Tomatoes (navrongo),Retail,23.66,GHS,MoFA SRID
Nana Bosomah,Bono,Sunyani Municipal,2025-09-18,Yam,Retail,8.58,GHS,MoFA SRID
Nana Bosomah,Bono,Sunyani Municipal,2025-09-18,Yam (puna),Retail,12.5,GHS,MoFA SRID
Tema Community One Main Market,Greater Accra,TMA-Tema East,2025-09-18,Cowpeas (white),Wholesale,18.06,GHS,MoFA SRID
Tema Community One Main Market,Greater Accra,TMA-Tema East,2025-09-18,Eggplants,Wholesale,33.33,GHS,MoFA SRID
Tema Community One Main Market,Greater Accra,TMA-Tema East,2025-09-18,Eggs,Wholesale,80.0,GHS,MoFA SRID
Tema Community One Main Market,Greater Accra,TMA-Tema East,2025-09-18,Gari,Wholesale,20.95,GHS,MoFA SRID
Tema Community One Main Market,Greater Accra,TMA-Tema East,2025-09-18,Maize,Wholesale,12.0,GHS,MoFA SRID
Tema Community One Main Market,Greater Accra,TMA-Tema East,2025-09-18,Maize (yellow),Wholesale,13.0,GHS,MoFA SRID
Tema Community One Main Market,Greater Accra,TMA-Tema East,2025-09-18,Millet,Wholesale,16.67,GHS,MoFA SRID
Tema Community One Main Market,Greater Accra,TMA-Tema East,2025-09-18,Onions,Wholesale,23.32,GHS,MoFA SRID
Tema Community One Main Market,Greater Accra,TMA-Tema East,2025-09-18,Peppers (dried),Wholesale,68.26,GHS,MoFA SRID
Tema Community One Main Market,Greater Accra,TMA-Tema East,2025-09-18,Peppers (fresh),Wholesale,47.06,GHS,MoFA SRID
Tema Community One Main Market,Greater Accra,TMA-Tema East,2025-09-18,Plantains (apem),Wholesale,50.28,GHS,MoFA SRID
Tema Community One Main Market,Greater Accra,TMA-Tema East,2025-09-18,Plantains (apentu),Wholesale,25.72,GHS,MoFA SRID
Tema Community One Main Market,Greater Accra,TMA-Tema East,2025-09-18,Rice (imported),Wholesale,27.67,GHS,MoFA SRID
Tema Community One Main Market,Greater Accra,TMA-Tema East,2025-09-18,Rice (local),Wholesale,26.52,GHS,MoFA SRID
Tema Community One Main Market,Greater Accra,TMA-Tema East,2025-09-18,Sorghum,Wholesale,17.39,GHS,MoFA SRID
Tema Community One Main Market,Greater Accra,TMA-Tema East,2025-09-18,Soybeans,Wholesale,16.0,GHS,MoFA SRID
Tema Community One Main Market,Greater Accra,TMA-Tema East,2025-09-18,Tomatoes (local),Wholesale,8.04,GHS,MoFA SRID
Tema Community One Main Market,Greater Accra,TMA-Tema East,2025-09-18,Tomatoes (navrongo),Wholesale,20.39,GHS,MoFA SRID
Tema Community One Main Market,Greater Accra,TMA-Tema East,2025-09-18,Yam (puna),Wholesale,29.18,GHS,MoFA SRID
Bibiani,Western North,Bibiani Anhwiaso Bekwai Municipal,2025-09-19,Cowpeas (white),Wholesale,21.35,GHS,MoFA SRID
Bibiani,Western North,Bibiani Anhwiaso Bekwai Municipal,2025-09-19,Eggplants,Wholesale,15.23,GHS,MoFA SRID
Bibiani,Western North,Bibiani Anhwiaso Bekwai Municipal,2025-09-19,Eggs,Wholesale,57.0,GHS,MoFA SRID
Bibiani,Western North,Bibiani Anhwiaso Bekwai Municipal,2025-09-19,Gari,Wholesale,10.15,GHS,MoFA SRID
Bibiani,Western North,Bibiani Anhwiaso Bekwai Municipal,2025-09-19,Maize,Wholesale,6.89,GHS,MoFA SRID
Bibiani,Western North,Bibiani Anhwiaso Bekwai Municipal,2025-09-19,Maize (yellow),Wholesale,7.0,GHS,MoFA SRID
Bibiani,Western North,Bibiani Anhwiaso Bekwai Municipal,2025-09-19,Meat (chicken),Wholesale,20.75,GHS,MoFA SRID
Bibiani,Western North,Bibiani Anhwiaso Bekwai Municipal,2025-09-19,Millet,Wholesale,17.6,GHS,MoFA SRID
Bibiani,Western North,Bibiani Anhwiaso Bekwai Municipal,2025-09-19,Onions,Wholesale,21.58,GHS,MoFA SRID
Bibiani,Western North,Bibiani Anhwiaso Bekwai Municipal,2025-09-19,Peppers (dried),Wholesale,22.32,GHS,MoFA SRID
Bibiani,Western North,Bibiani Anhwiaso Bekwai Municipal,2025-09-19,Peppers (fresh),Wholesale,92.71,GHS,MoFA SRID
Bibiani,Western North,Bibiani Anhwiaso Bekwai Municipal,2025-09-19,Plantains (apem),Wholesale,9.73,GHS,MoFA SRID
Bibiani,Western North,Bibiani Anhwiaso Bekwai Municipal,2025-09-19,Plantains (apentu),Wholesale,10.82,GHS,MoFA SRID
Bibiani,Western North,Bibiani Anhwiaso Bekwai Municipal,2025-09-19,Rice (imported),Wholesale,16.8,GHS,MoFA SRID
Bibiani,Western North,Bibiani Anhwiaso Bekwai Municipal,2025-09-19,Rice (local),Wholesale,15.11,GHS,MoFA SRID
Bibiani,Western North,Bibiani Anhwiaso Bekwai Municipal,2025-09-19,Soybeans,Wholesale,17.7,GHS,MoFA SRID
Bibiani,Western North,Bibiani Anhwiaso Bekwai Municipal,2025-09-19,Tomatoes (local),Wholesale,19.79,GHS,MoFA SRID
Bibiani,Western North,Bibiani Anhwiaso Bekwai Municipal,2025-09-19,Tomatoes (navrongo),Wholesale,26.18,GHS,MoFA SRID
Bibiani,Western North,Bibiani Anhwiaso Bekwai Municipal,2025-09-19,Yam,Wholesale,7.26,GHS,MoFA SRID
Bibiani,Western North,Bibiani Anhwiaso Bekwai Municipal,2025-09-19,Yam (puna),Wholesale,9.43,GHS,MoFA SRID
Kintampo,Bono East,Kintampo North Municipal,2025-09-19,Cowpeas (white),Wholesale,9.52,GHS,MoFA SRID
Kintampo,Bono East,Kintampo North Municipal,2025-09-19,Eggplants,Wholesale,14.91,GHS,MoFA SRID
Kintampo,Bono East,Kintampo North Municipal,2025-09-19,Eggs,Wholesale,58.33,GHS,MoFA SRID
Kintampo,Bono East,Kintampo North Municipal,2025-09-19,Gari,Wholesale,7.54,GHS,MoFA SRID
Kintampo,Bono East,Kintampo North Municipal,2025-09-19,Maize,Wholesale,4.05,GHS,MoFA SRID
Kintampo,Bono East,Kintampo North Municipal,2025-09-19,Maize (yellow),Wholesale,4.05,GHS,MoFA SRID
Kintampo,Bono East,Kintampo North Municipal,2025-09-19,Millet,Wholesale,10.0,GHS,MoFA SRID
Kintampo,Bono East,Kintampo North Municipal,2025-09-19,Onions,Wholesale,14.84,GHS,MoFA SRID
Kintampo,Bono East,Kintampo North Municipal,2025-09-19,Peppers (fresh),Wholesale,22.81,GHS,MoFA SRID
Kintampo,Bono East,Kintampo North Municipal,2025-09-19,Sorghum,Wholesale,7.5,GHS,MoFA SRID
Kintampo,Bono East,Kintampo North Municipal,2025-09-19,Soybeans,Wholesale,9.17,GHS,MoFA SRID
Kintampo,Bono East,Kintampo North Municipal,2025-09-19,Tomatoes (navrongo),Wholesale,13.37,GHS,MoFA SRID
Kintampo,Bono East,Kintampo North Municipal,2025-09-19,Yam (puna),Wholesale,10.12,GHS,MoFA SRID
Techiman,Bono East,Techiman Municipal,2025-09-19,Cassava,Retail,2.59,GHS,MoFA SRID
Techiman,Bono East,Techiman Municipal,2025-09-19,Cowpeas (white),Retail,18.52,GHS,MoFA SRID
Techiman,Bono East,Techiman Municipal,2025-09-19,Eggplants,Retail,12.04,GHS,MoFA SRID
Techiman,Bono East,Techiman Municipal,2025-09-19,Eggs,Retail,64.33,GHS,MoFA SRID
Techiman,Bono East,Techiman Municipal,2025-09-19,Gari,Retail,11.67,GHS,MoFA SRID
Techiman,Bono East,Techiman Municipal,2025-09-19,Maize,Retail,5.06,GHS,MoFA SRID
Techiman,Bono East,Techiman Municipal,2025-09-19,Maize (yellow),Retail,5.63,GHS,MoFA SRID
Techiman,Bono East,Techiman Municipal,2025-09-19,Meat (chicken),Retail,41.97,GHS,MoFA SRID
Techiman,Bono East,Techiman Municipal,2025-09-19,Millet,Retail,12.17,GHS,MoFA SRID
Techiman,Bono East,Techiman Municipal,2025-09-19,Onions,Retail,11.11,GHS,MoFA SRID
Techiman,Bono East,Techiman Municipal,2025-09-19,Peppers (dried),Retail,121.67,GHS,MoFA SRID
Techiman,Bono East,Techiman Municipal,2025-09-19,Peppers (fresh),Retail,23.15,GHS,MoFA SRID
Techiman,Bono East,Techiman Municipal,2025-09-19,Plantains (apem),Retail,11.2,GHS,MoFA SRID
Techiman,Bono East,Techiman Municipal,2025-09-19,Plantains (apentu),Retail,9.14,GHS,MoFA SRID
Techiman,Bono East,Techiman Municipal,2025-09-19,Rice (imported),Retail,17.58,GHS,MoFA SRID
Techiman,Bono East,Techiman Municipal,2025-09-19,Rice (local),Retail,12.15,GHS,MoFA SRID
Techiman,Bono East,Techiman Municipal,2025-09-19,Sorghum,Retail,9.01,GHS,MoFA SRID
Techiman,Bono East,Techiman Municipal,2025-09-19,Soybeans,Retail,9.26,GHS,MoFA SRID
Techiman,Bono East,Techiman Municipal,2025-09-19,Tomatoes (navrongo),Retail,18.47,GHS,MoFA SRID
Techiman,Bono East,Techiman Municipal,2025-09-19,Yam,Retail,8.04,GHS,MoFA SRID
Techiman,Bono East,Techiman Municipal,2025-09-19,Yam (puna),Retail,11.53,GHS,MoFA SRID
Goaso,Ahafo,Asunafo North Municipal,2025-09-20,Cowpeas (white),Retail,15.33,GHS,MoFA SRID
Goaso,Ahafo,Asunafo North Municipal,2025-09-20,Eggplants,Retail,13.89,GHS,MoFA SRID
Goaso,Ahafo,Asunafo North Municipal,2025-09-20,Eggs,Retail,48.33,GHS,MoFA SRID
Goaso,Ahafo,Asunafo North Municipal,2025-09-20,Gari,Retail,10.83,GHS,MoFA SRID
Goaso,Ahafo,Asunafo North Municipal,2025-09-20,Maize,Retail,6.64,GHS,MoFA SRID
Goaso,Ahafo,Asunafo North Municipal,2025-09-20,Maize (yellow),Retail,6.74,GHS,MoFA SRID
Goaso,Ahafo,Asunafo North Municipal,2025-09-20,Millet,Retail,13.67,GHS,MoFA SRID
Goaso,Ahafo,Asunafo North Municipal,2025-09-20,Peppers (fresh),Retail,22.22,GHS,MoFA SRID
Goaso,Ahafo,Asunafo North Municipal,2025-09-20,Plantains (apem),Retail,7.17,GHS,MoFA SRID
Goaso,Ahafo,Asunafo North Municipal,2025-09-20,Plantains (apentu),Retail,8.12,GHS,MoFA SRID
Goaso,Ahafo,Asunafo North Municipal,2025-09-20,Rice (local),Retail,12.45,GHS,MoFA SRID
Goaso,Ahafo,Asunafo North Municipal,2025-09-20,Sorghum,Retail,12.0,GHS,MoFA SRID
Goaso,Ahafo,Asunafo North Municipal,2025-09-20,Tomatoes (local),Retail,9.14,GHS,MoFA SRID
Goaso,Ahafo,Asunafo North Municipal,2025-09-20,Tomatoes (navrongo),Retail,9.14,GHS,MoFA SRID
Goaso,Ahafo,Asunafo North Municipal,2025-09-20,Yam (puna),Retail,8.25,GHS,MoFA SRID
Obuasi,Ashanti,Obuasi Municipal,2025-09-20,Cassava,Retail,3.68,GHS,MoFA SRID
Obuasi,Ashanti,Obuasi Municipal,2025-09-20,Cowpeas (white),Retail,20.99,GHS,MoFA SRID
Obuasi,Ashanti,Obuasi Municipal,2025-09-20,Eggplants,Retail,11.04,GHS,MoFA SRID
Obuasi,Ashanti,Obuasi Municipal,2025-09-20,Eggs,Retail,63.33,GHS,MoFA SRID
Obuasi,Ashanti,Obuasi Municipal,2025-09-20,Maize,Retail,10.54,GHS,MoFA SRID
Obuasi,Ashanti,Obuasi Municipal,2025-09-20,Maize (yellow),Retail,10.88,GHS,MoFA SRID
Obuasi,Ashanti,Obuasi Municipal,2025-09-20,Onions,Retail,21.06,GHS,MoFA SRID
Obuasi,Ashanti,Obuasi Municipal,2025-09-20,Peppers (fresh),Retail,71.23,GHS,MoFA SRID
Obuasi,Ashanti,Obuasi Municipal,2025-09-20,Plantains (apem),Retail,12.25,GHS,MoFA SRID
Obuasi,Ashanti,Obuasi Municipal,2025-09-20,Plantains (apentu),Retail,9.25,GHS,MoFA SRID
Obuasi,Ashanti,Obuasi Municipal,2025-09-20,Rice (imported),Retail,17.4,GHS,MoFA SRID
Obuasi,Ashanti,Obuasi Municipal,2025-09-20,Rice (local),Retail,15.54,GHS,MoFA SRID
Obuasi,Ashanti,Obuasi Municipal,2025-09-20,Tomatoes (local),Retail,24.73,GHS,MoFA SRID
Obuasi,Ashanti,Obuasi Municipal,2025-09-20,Yam (puna),Retail,13.63,GHS,MoFA SRID
Tema Community One Main Market,Greater Accra,TMA-Tema East,2025-09-20,Cowpeas (white),Retail,25.0,GHS,MoFA SRID
Tema Community One Main Market,Greater Accra,TMA-Tema East,2025-09-20,Eggplants,Retail,56.95,GHS,MoFA SRID
Tema Community One Main Market,Greater Accra,TMA-Tema East,2025-09-20,Eggs,Retail,80.0,GHS,MoFA SRID
Tema Community One Main Market,Greater Accra,TMA-Tema East,2025-09-20,Gari,Retail,20.0,GHS,MoFA SRID
Tema Community One Main Market,Greater Accra,TMA-Tema East,2025-09-20,Maize,Retail,10.0,GHS,MoFA SRID
Tema Community One Main Market,Greater Accra,TMA-Tema East,2025-09-20,Maize (yellow),Retail,11.14,GHS,MoFA SRID
Tema Community One Main Market,Greater Accra,TMA-Tema East,2025-09-20,Meat (chicken),Retail,52.33,GHS,MoFA SRID
Tema Community One Main Market,Greater Accra,TMA-Tema East,2025-09-20,Millet,Retail,22.5,GHS,MoFA SRID
Tema Community One Main Market,Greater Accra,TMA-Tema East,2025-09-20,Onions,Retail,28.57,GHS,MoFA SRID
Tema Community One Main Market,Greater Accra,TMA-Tema East,2025-09-20,Peppers (dried),Retail,64.45,GHS,MoFA SRID
Tema Community One Main Market,Greater Accra,TMA-Tema East,2025-09-20,Peppers (fresh),Retail,37.78,GHS,MoFA SRID
Tema Community One Main Market,Greater Accra,TMA-Tema East,2025-09-20,Plantains (apem),Retail,62.5,GHS,MoFA SRID
Tema Community One Main Market,Greater Accra,TMA-Tema East,2025-09-20,Plantains (apentu),Retail,42.86,GHS,MoFA SRID
Tema Community One Main Market,Greater Accra,TMA-Tema East,2025-09-20,Rice (imported),Retail,21.33,GHS,MoFA SRID
Tema Community One Main Market,Greater Accra,TMA-Tema East,2025-09-20,Rice (local),Retail,17.11,GHS,MoFA SRID
Tema Community One Main Market,Greater Accra,TMA-Tema East,2025-09-20,Sorghum,Retail,22.5,GHS,MoFA SRID
Tema Community One Main Market,Greater Accra,TMA-Tema East,2025-09-20,Soybeans,Retail,20.0,GHS,MoFA SRID
Tema Community One Main Market,Greater Accra,TMA-Tema East,2025-09-20,Tomatoes (navrongo),Retail,16.67,GHS,MoFA SRID
Tema Community One Main Market,Greater Accra,TMA-Tema East,2025-09-20,Yam (puna),Retail,31.11,GHS,MoFA SRID
Goaso,Ahafo,Asunafo North Municipal,2025-09-21,Cowpeas (white),Wholesale,14.29,GHS,MoFA SRID
Goaso,Ahafo,Asunafo North Municipal,2025-09-21,Eggplants,Wholesale,17.46,GHS,MoFA SRID
Goaso,Ahafo,Asunafo North Municipal,2025-09-21,Eggs,Wholesale,46.67,GHS,MoFA SRID
Goaso,Ahafo,Asunafo North Municipal,2025-09-21,Gari,Wholesale,12.5,GHS,MoFA SRID
Goaso,Ahafo,Asunafo North Municipal,2025-09-21,Maize,Wholesale,6.66,GHS,MoFA SRID
Goaso,Ahafo,Asunafo North Municipal,2025-09-21,Maize (yellow),Wholesale,6.72,GHS,MoFA SRID
Goaso,Ahafo,Asunafo North Municipal,2025-09-21,Millet,Wholesale,14.49,GHS,MoFA SRID
Goaso,Ahafo,Asunafo North Municipal,2025-09-21,Peppers (fresh),Wholesale,38.79,GHS,MoFA SRID
Goaso,Ahafo,Asunafo North Municipal,2025-09-21,Plantains (apentu),Wholesale,7.59,GHS,MoFA SRID
Goaso,Ahafo,Asunafo North Municipal,2025-09-21,Rice (local),Wholesale,13.96,GHS,MoFA SRID
Goaso,Ahafo,Asunafo North Municipal,2025-09-21,Sorghum,Wholesale,12.86,GHS,MoFA SRID
Goaso,Ahafo,Asunafo North Municipal,2025-09-21,Tomatoes (local),Wholesale,9.96,GHS,MoFA SRID
Goaso,Ahafo,Asunafo North Municipal,2025-09-21,Tomatoes (navrongo),Wholesale,10.49,GHS,MoFA SRID
Goaso,Ahafo,Asunafo North Municipal,2025-09-21,Yam (puna),Wholesale,11.78,GHS,MoFA SRID
Kintampo,Bono East,Kintampo North Municipal,2025-09-22,Cassava,Retail,2.74,GHS,MoFA SRID
Kintampo,Bono East,Kintampo North Municipal,2025-09-22,Cowpeas (white),Retail,13.56,GHS,MoFA SRID
Kintampo,Bono East,Kintampo North Municipal,2025-09-22,Eggplants,Retail,15.02,GHS,MoFA SRID
Kintampo,Bono East,Kintampo North Municipal,2025-09-22,Gari,Retail,8.99,GHS,MoFA SRID
Kintampo,Bono East,Kintampo North Municipal,2025-09-22,Maize,Retail,4.53,GHS,MoFA SRID
Kintampo,Bono East,Kintampo North Municipal,2025-09-22,Maize (yellow),Retail,4.36,GHS,MoFA SRID
Kintampo,Bono East,Kintampo North Municipal,2025-09-22,Millet,Retail,12.1,GHS,MoFA SRID
Kintampo,Bono East,Kintampo North Municipal,2025-09-22,Onions,Retail,15.38,GHS,MoFA SRID
Kintampo,Bono East,Kintampo North Municipal,2025-09-22,Peppers (fresh),Retail,23.53,GHS,MoFA SRID
Kintampo,Bono East,Kintampo North Municipal,2025-09-22,Plantains (apem),Retail,13.05,GHS,MoFA SRID
Kintampo,Bono East,Kintampo North Municipal,2025-09-22,Plantains (apentu),Retail,12.31,GHS,MoFA SRID
Kintampo,Bono East,Kintampo North Municipal,2025-09-22,Rice (local),Retail,12.22,GHS,MoFA SRID
Kintampo,Bono East,Kintampo North Municipal,2025-09-22,Sorghum,Retail,9.88,GHS,MoFA SRID
Kintampo,Bono East,Kintampo North Municipal,2025-09-22,Soybeans,Retail,10.35,GHS,MoFA SRID
Kintampo,Bono East,Kintampo North Municipal,2025-09-22,Tomatoes (navrongo),Retail,13.97,GHS,MoFA SRID
Kintampo,Bono East,Kintampo North Municipal,2025-09-22,Yam (puna),Retail,11.57,GHS,MoFA SRID
Wa,Upper West,Wa Municipal,2025-09-22,Cowpeas (white),Retail,16.67,GHS,MoFA SRID
Wa,Upper West,Wa Municipal,2025-09-22,Eggplants,Retail,9.05,GHS,MoFA SRID
Wa,Upper West,Wa Municipal,2025-09-22,Eggs,Retail,50.0,GHS,MoFA SRID
Wa,Upper West,Wa Municipal,2025-09-22,Gari,Retail,9.19,GHS,MoFA SRID
Wa,Upper West,Wa Municipal,2025-09-22,Maize,Retail,4.64,GHS,MoFA SRID
Wa,Upper West,Wa Municipal,2025-09-22,Maize (yellow),Retail,5.0,GHS,MoFA SRID
Wa,Upper West,Wa Municipal,2025-09-22,Millet,Retail,10.0,GHS,MoFA SRID
Wa,Upper West,Wa Municipal,2025-09-22,Onions,Retail,26.23,GHS,MoFA SRID
Wa,Upper West,Wa Municipal,2025-09-22,Peppers (dried),Retail,57.69,GHS,MoFA SRID
Wa,Upper West,Wa Municipal,2025-09-22,Peppers (fresh),Retail,30.91,GHS,MoFA SRID
Wa,Upper West,Wa Municipal,2025-09-22,Rice (imported),Retail,15.52,GHS,MoFA SRID
Wa,Upper West,Wa Municipal,2025-09-22,Rice (local),Retail,10.34,GHS,MoFA SRID
Wa,Upper West,Wa Municipal,2025-09-22,Sorghum,Retail,6.15,GHS,MoFA SRID
Wa,Upper West,Wa Municipal,2025-09-22,Soybeans,Retail,9.41,GHS,MoFA SRID
Wa,Upper West,Wa Municipal,2025-09-22,Tomatoes (local),Retail,8.33,GHS,MoFA SRID
Wa,Upper West,Wa Municipal,2025-09-22,Tomatoes (navrongo),Retail,10.0,GHS,MoFA SRID
Wa,Upper West,Wa Municipal,2025-09-22,Yam,Retail,16.03,GHS,MoFA SRID
Wa,Upper West,Wa Municipal,2025-09-22,Yam (puna),Retail,23.12,GHS,MoFA SRID
Gbintiri,North East,East Mamprusi Municipal,2025-09-24,Cowpeas (white),Retail,15.2,GHS,MoFA SRID
Gbintiri,North East,East Mamprusi Municipal,2025-09-24,Gari,Retail,14.8,GHS,MoFA SRID
Gbintiri,North East,East Mamprusi Municipal,2025-09-24,Maize,Retail,3.53,GHS,MoFA SRID
Gbintiri,North East,East Mamprusi Municipal,2025-09-24,Maize (yellow),Retail,3.59,GHS,MoFA SRID
Gbintiri,North East,East Mamprusi Municipal,2025-09-24,Millet,Retail,7.69,GHS,MoFA SRID
Gbintiri,North East,East Mamprusi Municipal,2025-09-24,Peppers (dried),Retail,24.55,GHS,MoFA SRID
Gbintiri,North East,East Mamprusi Municipal,2025-09-24,Rice (local),Retail,14.38,GHS,MoFA SRID
Gbintiri,North East,East Mamprusi Municipal,2025-09-24,Sorghum,Retail,7.56,GHS,MoFA SRID
Mankessim,Central,Mfantsiman Municipal,2025-09-24,Cassava,Retail,12.16,GHS,MoFA SRID
Mankessim,Central,Mfantsiman Municipal,2025-09-24,Cowpeas (white),Retail,27.5,GHS,MoFA SRID
Mankessim,Central,Mfantsiman Municipal,2025-09-24,Eggplants,Retail,19.17,GHS,MoFA SRID
Mankessim,Central,Mfantsiman Municipal,2025-09-24,Eggs,Retail,57.5,GHS,MoFA SRID
Mankessim,Central,Mfantsiman Municipal,2025-09-24,Gari,Retail,13.18,GHS,MoFA SRID
Mankessim,Central,Mfantsiman Municipal,2025-09-24,Maize,Retail,4.76,GHS,MoFA SRID
Mankessim,Central,Mfantsiman Municipal,2025-09-24,Maize (yellow),Retail,5.51,GHS,MoFA SRID
Mankessim,Central,Mfantsiman Municipal,2025-09-24,Meat (chicken),Retail,42.33,GHS,MoFA SRID
Mankessim,Central,Mfantsiman Municipal,2025-09-24,Millet,Retail,20.78,GHS,MoFA SRID
Mankessim,Central,Mfantsiman Municipal,2025-09-24,Onions,Retail,13.28,GHS,MoFA SRID
Mankessim,Central,Mfantsiman Municipal,2025-09-24,Peppers (dried),Retail,122.39,GHS,MoFA SRID
Mankessim,Central,Mfantsiman Municipal,2025-09-24,Peppers (fresh),Retail,41.3,GHS,MoFA SRID
Mankessim,Central,Mfantsiman Municipal,2025-09-24,Plantains (apem),Retail,12.5,GHS,MoFA SRID
Mankessim,Central,Mfantsiman Municipal,2025-09-24,Plantains (apentu),Retail,23.83,GHS,MoFA SRID
Mankessim,Central,Mfantsiman Municipal,2025-09-24,Rice (imported),Retail,19.75,GHS,MoFA SRID
Mankessim,Central,Mfantsiman Municipal,2025-09-24,Rice (local),Retail,20.34,GHS,MoFA SRID
Mankessim,Central,Mfantsiman Municipal,2025-09-24,Soybeans,Retail,20.35,GHS,MoFA SRID
Mankessim,Central,Mfantsiman Municipal,2025-09-24,Tomatoes (local),Retail,23.91,GHS,MoFA SRID
Mankessim,Central,Mfantsiman Municipal,2025-09-24,Tomatoes (navrongo),Retail,21.64,GHS,MoFA SRID
Mankessim,Central,Mfantsiman Municipal,2025-09-24,Yam (puna),Retail,12.84,GHS,MoFA SRID
Nana Bosomah,Bono,Sunyani Municipal,2025-09-24,Cassava,Retail,3.6,GHS,MoFA SRID
Nana Bosomah,Bono,Sunyani Municipal,2025-09-24,Cassava,Wholesale,2.0,GHS,MoFA SRID
Nana Bosomah,Bono,Sunyani Municipal,2025-09-24,Cowpeas (white),Retail,16.67,GHS,MoFA SRID
Nana Bosomah,Bono,Sunyani Municipal,2025-09-24,Eggplants,Retail,14.33,GHS,MoFA SRID
Nana Bosomah,Bono,Sunyani Municipal,2025-09-24,Gari,Retail,12.5,GHS,MoFA SRID
Nana Bosomah,Bono,Sunyani Municipal,2025-09-24,Maize,Retail,4.29,GHS,MoFA SRID
Nana Bosomah,Bono,Sunyani Municipal,2025-09-24,Maize,Wholesale,3.75,GHS,MoFA SRID
Nana Bosomah,Bono,Sunyani Municipal,2025-09-24,Maize (yellow),Retail,4.29,GHS,MoFA SRID
Nana Bosomah,Bono,Sunyani Municipal,2025-09-24,Maize (yellow),Wholesale,3.75,GHS,MoFA SRID
Nana Bosomah,Bono,Sunyani Municipal,2025-09-24,Millet,Retail,12.5,GHS,MoFA SRID
Nana Bosomah,Bono,Sunyani Municipal,2025-09-24,Onions,Retail,13.4,GHS,MoFA SRID
Nana Bosomah,Bono,Sunyani Municipal,2025-09-24,Peppers (dried),Retail,133.33,GHS,MoFA SRID
Nana Bosomah,Bono,Sunyani Municipal,2025-09-24,Peppers (fresh),Retail,75.0,GHS,MoFA SRID
Nana Bosomah,Bono,Sunyani Municipal,2025-09-24,Plantains (apem),Retail,27.38,GHS,MoFA SRID
Nana Bosomah,Bono,Sunyani Municipal,2025-09-24,Plantains (apem),Wholesale,15.41,GHS,MoFA SRID
Nana Bosomah,Bono,Sunyani Municipal,2025-09-24,Plantains (apentu),Retail,25.0,GHS,MoFA SRID
Nana Bosomah,Bono,Sunyani Municipal,2025-09-24,Plantains (apentu),Wholesale,17.09,GHS,MoFA SRID
Nana Bosomah,Bono,Sunyani Municipal,2025-09-24,Rice (imported),Retail,14.66,GHS,MoFA SRID
Nana Bosomah,Bono,Sunyani Municipal,2025-09-24,Rice (imported),Wholesale,13.05,GHS,MoFA SRID
Nana Bosomah,Bono,Sunyani Municipal,2025-09-24,Rice (local),Retail,12.59,GHS,MoFA SRID
Nana Bosomah,Bono,Sunyani Municipal,2025-09-24,Rice (local),Wholesale,10.84,GHS,MoFA SRID
Nana Bosomah,Bono,Sunyani Municipal,2025-09-24,Sorghum,Retail,12.0,GHS,MoFA SRID
Nana Bosomah,Bono,Sunyani Municipal,2025-09-24,Soybeans,Retail,12.5,GHS,MoFA SRID
Nana Bosomah,Bono,Sunyani Municipal,2025-09-24,Tomatoes (navrongo),Retail,30.43,GHS,MoFA SRID
Nana Bosomah,Bono,Sunyani Municipal,2025-09-24,Yam,Retail,8.33,GHS,MoFA SRID
Nana Bosomah,Bono,Sunyani Municipal,2025-09-24,Yam,Wholesale,6.94,GHS,MoFA SRID
Nana Bosomah,Bono,Sunyani Municipal,2025-09-24,Yam (puna),Retail,12.5,GHS,MoFA SRID
Nana Bosomah,Bono,Sunyani Municipal,2025-09-24,Yam (puna),Wholesale,10.42,GHS,MoFA SRID
Wa,Upper West,Wa Municipal,2025-09-24,Cowpeas (white),Wholesale,40.0,GHS,MoFA SRID
Wa,Upper West,Wa Municipal,2025-09-24,Gari,Wholesale,22.67,GHS,MoFA SRID
Wa,Upper West,Wa Municipal,2025-09-24,Maize,Wholesale,10.4,GHS,MoFA SRID
Wa,Upper West,Wa Municipal,2025-09-24,Maize (yellow),Wholesale,10.4,GHS,MoFA SRID
Wa,Upper West,Wa Municipal,2025-09-24,Millet,Wholesale,24.0,GHS,MoFA SRID
Wa,Upper West,Wa Municipal,2025-09-24,Rice (imported),Wholesale,36.0,GHS,MoFA SRID
Wa,Upper West,Wa Municipal,2025-09-24,Rice (local),Wholesale,28.0,GHS,MoFA SRID
Wa,Upper West,Wa Municipal,2025-09-24,Sorghum,Wholesale,12.8,GHS,MoFA SRID
Wa,Upper West,Wa Municipal,2025-09-24,Soybeans,Wholesale,12.8,GHS,MoFA SRID
Wa,Upper West,Wa Municipal,2025-09-24,Yam,Wholesale,3.37,GHS,MoFA SRID
Wa,Upper West,Wa Municipal,2025-09-24,Yam (puna),Wholesale,5.98,GHS,MoFA SRID
Bibiani,Western North,Bibiani Anhwiaso Bekwai Municipal,2025-09-25,Cassava,Retail,3.15,GHS,MoFA SRID
Bibiani,Western North,Bibiani Anhwiaso Bekwai Municipal,2025-09-25,Cowpeas (white),Retail,32.22,GHS,MoFA SRID
Bibiani,Western North,Bibiani Anhwiaso Bekwai Municipal,2025-09-25,Eggplants,Retail,12.73,GHS,MoFA SRID
Bibiani,Western North,Bibiani Anhwiaso Bekwai Municipal,2025-09-25,Eggs,Retail,61.75,GHS,MoFA SRID
Bibiani,Western North,Bibiani Anhwiaso Bekwai Municipal,2025-09-25,Gari,Retail,15.83,GHS,MoFA SRID
Bibiani,Western North,Bibiani Anhwiaso Bekwai Municipal,2025-09-25,Maize,Retail,7.01,GHS,MoFA SRID
Bibiani,Western North,Bibiani Anhwiaso Bekwai Municipal,2025-09-25,Maize (yellow),Retail,7.42,GHS,MoFA SRID
Bibiani,Western North,Bibiani Anhwiaso Bekwai Municipal,2025-09-25,Meat (chicken),Retail,38.33,GHS,MoFA SRID
Bibiani,Western North,Bibiani Anhwiaso Bekwai Municipal,2025-09-25,Millet,Retail,15.5,GHS,MoFA SRID
Bibiani,Western North,Bibiani Anhwiaso Bekwai Municipal,2025-09-25,Onions,Retail,24.56,GHS,MoFA SRID
Bibiani,Western North,Bibiani Anhwiaso Bekwai Municipal,2025-09-25,Peppers (dried),Retail,35.28,GHS,MoFA SRID
Bibiani,Western North,Bibiani Anhwiaso Bekwai Municipal,2025-09-25,Peppers (fresh),Retail,33.44,GHS,MoFA SRID
Bibiani,Western North,Bibiani Anhwiaso Bekwai Municipal,2025-09-25,Plantains (apem),Retail,9.08,GHS,MoFA SRID
Bibiani,Western North,Bibiani Anhwiaso Bekwai Municipal,2025-09-25,Plantains (apentu),Retail,6.18,GHS,MoFA SRID
Bibiani,Western North,Bibiani Anhwiaso Bekwai Municipal,2025-09-25,Rice (imported),Retail,26.53,GHS,MoFA SRID
Bibiani,Western North,Bibiani Anhwiaso Bekwai Municipal,2025-09-25,Rice (local),Retail,27.57,GHS,MoFA SRID
Bibiani,Western North,Bibiani Anhwiaso Bekwai Municipal,2025-09-25,Soybeans,Retail,18.89,GHS,MoFA SRID
Bibiani,Western North,Bibiani Anhwiaso Bekwai Municipal,2025-09-25,Tomatoes (local),Retail,8.31,GHS,MoFA SRID
Bibiani,Western North,Bibiani Anhwiaso Bekwai Municipal,2025-09-25,Tomatoes (navrongo),Retail,20.54,GHS,MoFA SRID
Bibiani,Western North,Bibiani Anhwiaso Bekwai Municipal,2025-09-25,Yam,Retail,6.47,GHS,MoFA SRID
Bibiani,Western North,Bibiani Anhwiaso Bekwai Municipal,2025-09-25,Yam (puna),Retail,9.97,GHS,MoFA SRID
Koforidua,Eastern,New Juaben South Municipal,2025-09-25,Cassava,Retail,2.17,GHS,MoFA SRID
Koforidua,Eastern,New Juaben South Municipal,2025-09-25,Eggplants,Retail,10.3,GHS,MoFA SRID
Koforidua,Eastern,New Juaben South Municipal,2025-09-25,Onions,Retail,11.65,GHS,MoFA SRID
Koforidua,Eastern,New Juaben South Municipal,2025-09-25,Peppers (fresh),Retail,14.06,GHS,MoFA SRID
Koforidua,Eastern,New Juaben South Municipal,2025-09-25,Plantains (apentu),Retail,16.52,GHS,MoFA SRID
Koforidua,Eastern,New Juaben South Municipal,2025-09-25,Rice (imported),Retail,20.83,GHS,MoFA SRID
Koforidua,Eastern,New Juaben South Municipal,2025-09-25,Tomatoes (local),Retail,10.25,GHS,MoFA SRID
Koforidua,Eastern,New Juaben South Municipal,2025-09-25,Yam (puna),Retail,15.52,GHS,MoFA SRID
Techiman,Bono East,Techiman Municipal,2025-09-25,Cassava,Retail,2.31,GHS,MoFA SRID
Techiman,Bono East,Techiman Municipal,2025-09-25,Cassava,Wholesale,1.66,GHS,MoFA SRID
Techiman,Bono East,Techiman Municipal,2025-09-25,Cowpeas (white),Retail,18.08,GHS,MoFA SRID
Techiman,Bono East,Techiman Municipal,2025-09-25,Cowpeas (white),Wholesale,17.66,GHS,MoFA SRID
Techiman,Bono East,Techiman Municipal,2025-09-25,Eggplants,Retail,12.5,GHS,MoFA SRID
Techiman,Bono East,Techiman Municipal,2025-09-25,Eggplants,Wholesale,10.54,GHS,MoFA SRID
Techiman,Bono East,Techiman Municipal,2025-09-25,Eggs,Retail,64.67,GHS,MoFA SRID
Techiman,Bono East,Techiman Municipal,2025-09-25,Eggs,Wholesale,61.33,GHS,MoFA SRID
Techiman,Bono East,Techiman Municipal,2025-09-25,Gari,Retail,11.13,GHS,MoFA SRID
Techiman,Bono East,Techiman Municipal,2025-09-25,Gari,Wholesale,10.5,GHS,MoFA SRID
Techiman,Bono East,Techiman Municipal,2025-09-25,Maize,Retail,5.19,GHS,MoFA SRID
Techiman,Bono East,Techiman Municipal,2025-09-25,Maize,Wholesale,4.18,GHS,MoFA SRID
Techiman,Bono East,Techiman Municipal,2025-09-25,Maize (yellow),Retail,5.68,GHS,MoFA SRID
Techiman,Bono East,Techiman Municipal,2025-09-25,Maize (yellow),Wholesale,4.87,GHS,MoFA SRID
Techiman,Bono East,Techiman Municipal,2025-09-25,Meat (chicken),Retail,40.67,GHS,MoFA SRID
Techiman,Bono East,Techiman Municipal,2025-09-25,Meat (chicken),Wholesale,39.33,GHS,MoFA SRID
Techiman,Bono East,Techiman Municipal,2025-09-25,Millet,Retail,12.0,GHS,MoFA SRID
Techiman,Bono East,Techiman Municipal,2025-09-25,Millet,Wholesale,11.06,GHS,MoFA SRID
Techiman,Bono East,Techiman Municipal,2025-09-25,Onions,Retail,11.18,GHS,MoFA SRID
Techiman,Bono East,Techiman Municipal,2025-09-25,Onions,Wholesale,10.68,GHS,MoFA SRID
Techiman,Bono East,Techiman Municipal,2025-09-25,Peppers (dried),Retail,129.17,GHS,MoFA SRID
Techiman,Bono East,Techiman Municipal,2025-09-25,Peppers (dried),Wholesale,123.91,GHS,MoFA SRID
Techiman,Bono East,Techiman Municipal,2025-09-25,Peppers (fresh),Retail,22.41,GHS,MoFA SRID
Techiman,Bono East,Techiman Municipal,2025-09-25,Peppers (fresh),Wholesale,21.1,GHS,MoFA SRID
Techiman,Bono East,Techiman Municipal,2025-09-25,Plantains (apem),Retail,10.9,GHS,MoFA SRID
Techiman,Bono East,Techiman Municipal,2025-09-25,Plantains (apem),Wholesale,8.71,GHS,MoFA SRID
Techiman,Bono East,Techiman Municipal,2025-09-25,Plantains (apentu),Retail,10.28,GHS,MoFA SRID
Techiman,Bono East,Techiman Municipal,2025-09-25,Plantains (apentu),Wholesale,8.21,GHS,MoFA SRID
Techiman,Bono East,Techiman Municipal,2025-09-25,Rice (imported),Retail,16.88,GHS,MoFA SRID
Techiman,Bono East,Techiman Municipal,2025-09-25,Rice (imported),Wholesale,14.96,GHS,MoFA SRID
Techiman,Bono East,Techiman Municipal,2025-09-25,Rice (local),Retail,12.03,GHS,MoFA SRID
Techiman,Bono East,Techiman Municipal,2025-09-25,Rice (local),Wholesale,11.4,GHS,MoFA SRID
Techiman,Bono East,Techiman Municipal,2025-09-25,Sorghum,Retail,9.26,GHS,MoFA SRID
Techiman,Bono East,Techiman Municipal,2025-09-25,Sorghum,Wholesale,8.64,GHS,MoFA SRID
Techiman,Bono East,Techiman Municipal,2025-09-25,Soybeans,Retail,8.83,GHS,MoFA SRID
Techiman,Bono East,Techiman Municipal,2025-09-25,Soybeans,Wholesale,8.27,GHS,MoFA SRID
Techiman,Bono East,Techiman Municipal,2025-09-25,Tomatoes (navrongo),Retail,23.45,GHS,MoFA SRID
Techiman,Bono East,Techiman Municipal,2025-09-25,Tomatoes (navrongo),Wholesale,20.67,GHS,MoFA SRID
Techiman,Bono East,Techiman Municipal,2025-09-25,Yam,Retail,9.09,GHS,MoFA SRID
Techiman,Bono East,Techiman Municipal,2025-09-25,Yam,Wholesale,6.22,GHS,MoFA SRID
Techiman,Bono East,Techiman Municipal,2025-09-25,Yam (puna),Retail,11.88,GHS,MoFA SRID
Techiman,Bono East,Techiman Municipal,2025-09-25,Yam (puna),Wholesale,9.33,GHS,MoFA SRID
Tema Community One Main Market,Greater Accra,TMA-Tema East,2025-09-25,Cowpeas (white),Wholesale,18.75,GHS,MoFA SRID
Tema Community One Main Market,Greater Accra,TMA-Tema East,2025-09-25,Eggplants,Wholesale,30.81,GHS,MoFA SRID
Tema Community One Main Market,Greater Accra,TMA-Tema East,2025-09-25,Eggs,Wholesale,68.33,GHS,MoFA SRID
Tema Community One Main Market,Greater Accra,TMA-Tema East,2025-09-25,Gari,Wholesale,20.0,GHS,MoFA SRID
Tema Community One Main Market,Greater Accra,TMA-Tema East,2025-09-25,Maize,Wholesale,10.67,GHS,MoFA SRID
Tema Community One Main Market,Greater Accra,TMA-Tema East,2025-09-25,Maize (yellow),Wholesale,11.67,GHS,MoFA SRID
Tema Community One Main Market,Greater Accra,TMA-Tema East,2025-09-25,Millet,Wholesale,16.67,GHS,MoFA SRID
Tema Community One Main Market,Greater Accra,TMA-Tema East,2025-09-25,Onions,Wholesale,23.08,GHS,MoFA SRID
Tema Community One Main Market,Greater Accra,TMA-Tema East,2025-09-25,Peppers (dried),Wholesale,63.65,GHS,MoFA SRID
Tema Community One Main Market,Greater Accra,TMA-Tema East,2025-09-25,Peppers (fresh),Wholesale,44.85,GHS,MoFA SRID
Tema Community One Main Market,Greater Accra,TMA-Tema East,2025-09-25,Plantains (apem),Wholesale,48.86,GHS,MoFA SRID
Tema Community One Main Market,Greater Accra,TMA-Tema East,2025-09-25,Plantains (apentu),Wholesale,26.24,GHS,MoFA SRID
Tema Community One Main Market,Greater Accra,TMA-Tema East,2025-09-25,Rice (imported),Wholesale,27.53,GHS,MoFA SRID
Tema Community One Main Market,Greater Accra,TMA-Tema East,2025-09-25,Rice (local),Wholesale,26.38,GHS,MoFA SRID
Tema Community One Main Market,Greater Accra,TMA-Tema East,2025-09-25,Sorghum,Wholesale,17.15,GHS,MoFA SRID
Tema Community One Main Market,Greater Accra,TMA-Tema East,2025-09-25,Soybeans,Wholesale,17.33,GHS,MoFA SRID
Tema Community One Main Market,Greater Accra,TMA-Tema East,2025-09-25,Tomatoes (navrongo),Wholesale,29.13,GHS,MoFA SRID
Tema Community One Main Market,Greater Accra,TMA-Tema East,2025-09-25,Yam (puna),Wholesale,23.69,GHS,MoFA SRID
Koforidua,Eastern,New Juaben South Municipal,2025-09-26,Eggplants,Wholesale,5.0,GHS,MoFA SRID
Koforidua,Eastern,New Juaben South Municipal,2025-09-26,Maize (yellow),Wholesale,6.53,GHS,MoFA SRID
Koforidua,Eastern,New Juaben South Municipal,2025-09-26,Onions,Wholesale,11.67,GHS,MoFA SRID
Koforidua,Eastern,New Juaben South Municipal,2025-09-26,Peppers (fresh),Wholesale,8.33,GHS,MoFA SRID
Koforidua,Eastern,New Juaben South Municipal,2025-09-26,Plantains (apentu),Wholesale,9.88,GHS,MoFA SRID
Koforidua,Eastern,New Juaben South Municipal,2025-09-26,Rice (imported),Wholesale,13.33,GHS,MoFA SRID
Koforidua,Eastern,New Juaben South Municipal,2025-09-26,Tomatoes (local),Wholesale,6.25,GHS,MoFA SRID
Bibiani,Western North,Bibiani Anhwiaso Bekwai Municipal,2025-09-27,Cowpeas (white),Wholesale,20.15,GHS,MoFA SRID
Bibiani,Western North,Bibiani Anhwiaso Bekwai Municipal,2025-09-27,Eggplants,Wholesale,12.1,GHS,MoFA SRID
Bibiani,Western North,Bibiani Anhwiaso Bekwai Municipal,2025-09-27,Eggs,Wholesale,58.33,GHS,MoFA SRID
Bibiani,Western North,Bibiani Anhwiaso Bekwai Municipal,2025-09-27,Gari,Wholesale,11.15,GHS,MoFA SRID
Bibiani,Western North,Bibiani Anhwiaso Bekwai Municipal,2025-09-27,Maize,Wholesale,7.29,GHS,MoFA SRID
Bibiani,Western North,Bibiani Anhwiaso Bekwai Municipal,2025-09-27,Maize (yellow),Wholesale,7.57,GHS,MoFA SRID
Bibiani,Western North,Bibiani Anhwiaso Bekwai Municipal,2025-09-27,Meat (chicken),Wholesale,22.42,GHS,MoFA SRID
Bibiani,Western North,Bibiani Anhwiaso Bekwai Municipal,2025-09-27,Millet,Wholesale,18.31,GHS,MoFA SRID
Bibiani,Western North,Bibiani Anhwiaso Bekwai Municipal,2025-09-27,Onions,Wholesale,45.04,GHS,MoFA SRID
Bibiani,Western North,Bibiani Anhwiaso Bekwai Municipal,2025-09-27,Peppers (dried),Wholesale,21.04,GHS,MoFA SRID
Bibiani,Western North,Bibiani Anhwiaso Bekwai Municipal,2025-09-27,Peppers (fresh),Wholesale,75.52,GHS,MoFA SRID
Bibiani,Western North,Bibiani Anhwiaso Bekwai Municipal,2025-09-27,Rice (imported),Wholesale,16.76,GHS,MoFA SRID
Bibiani,Western North,Bibiani Anhwiaso Bekwai Municipal,2025-09-27,Rice (local),Wholesale,13.72,GHS,MoFA SRID
Bibiani,Western North,Bibiani Anhwiaso Bekwai Municipal,2025-09-27,Soybeans,Wholesale,16.15,GHS,MoFA SRID
Bibiani,Western North,Bibiani Anhwiaso Bekwai Municipal,2025-09-27,Tomatoes (local),Wholesale,8.53,GHS,MoFA SRID
Bibiani,Western North,Bibiani Anhwiaso Bekwai Municipal,2025-09-27,Tomatoes (navrongo),Wholesale,24.23,GHS,MoFA SRID
Goaso,Ahafo,Asunafo North Municipal,2025-09-27,Cowpeas (white),Retail,14.0,GHS,MoFA SRID
Goaso,Ahafo,Asunafo North Municipal,2025-09-27,Eggplants,Retail,8.49,GHS,MoFA SRID
Goaso,Ahafo,Asunafo North Municipal,2025-09-27,Eggs,Retail,53.33,GHS,MoFA SRID
Goaso,Ahafo,Asunafo North Municipal,2025-09-27,Gari,Retail,12.5,GHS,MoFA SRID
Goaso,Ahafo,Asunafo North Municipal,2025-09-27,Maize,Retail,6.88,GHS,MoFA SRID
Goaso,Ahafo,Asunafo North Municipal,2025-09-27,Maize (yellow),Retail,7.04,GHS,MoFA SRID
Goaso,Ahafo,Asunafo North Municipal,2025-09-27,Millet,Retail,13.67,GHS,MoFA SRID
Goaso,Ahafo,Asunafo North Municipal,2025-09-27,Peppers (fresh),Retail,19.17,GHS,MoFA SRID
Goaso,Ahafo,Asunafo North Municipal,2025-09-27,Plantains (apem),Retail,8.49,GHS,MoFA SRID
Goaso,Ahafo,Asunafo North Municipal,2025-09-27,Plantains (apentu),Retail,8.56,GHS,MoFA SRID
Goaso,Ahafo,Asunafo North Municipal,2025-09-27,Rice (local),Retail,12.0,GHS,MoFA SRID
Goaso,Ahafo,Asunafo North Municipal,2025-09-27,Sorghum,Retail,14.0,GHS,MoFA SRID
Goaso,Ahafo,Asunafo North Municipal,2025-09-27,Tomatoes (local),Retail,11.11,GHS,MoFA SRID
Goaso,Ahafo,Asunafo North Municipal,2025-09-27,Tomatoes (navrongo),Retail,10.83,GHS,MoFA SRID
Goaso,Ahafo,Asunafo North Municipal,2025-09-27,Yam (puna),Retail,8.16,GHS,MoFA SRID
Tema Community One Main Market,Greater Accra,TMA-Tema East,2025-09-27,Cowpeas (white),Retail,20.56,GHS,MoFA SRID
Tema Community One Main Market,Greater Accra,TMA-Tema East,2025-09-27,Eggplants,Retail,33.33,GHS,MoFA SRID
Tema Community One Main Market,Greater Accra,TMA-Tema East,2025-09-27,Eggs,Retail,80.0,GHS,MoFA SRID
Tema Community One Main Market,Greater Accra,TMA-Tema East,2025-09-27,Gari,Retail,13.67,GHS,MoFA SRID
Tema Community One Main Market,Greater Accra,TMA-Tema East,2025-09-27,Maize,Retail,10.0,GHS,MoFA SRID
Tema Community One Main Market,Greater Accra,TMA-Tema East,2025-09-27,Maize (yellow),Retail,11.41,GHS,MoFA SRID
Tema Community One Main Market,Greater Accra,TMA-Tema East,2025-09-27,Meat (chicken),Retail,52.0,GHS,MoFA SRID
Tema Community One Main Market,Greater Accra,TMA-Tema East,2025-09-27,Millet,Retail,22.5,GHS,MoFA SRID
Tema Community One Main Market,Greater Accra,TMA-Tema East,2025-09-27,Onions,Retail,31.74,GHS,MoFA SRID
Tema Community One Main Market,Greater Accra,TMA-Tema East,2025-09-27,Peppers (dried),Retail,63.89,GHS,MoFA SRID
Tema Community One Main Market,Greater Accra,TMA-Tema East,2025-09-27,Peppers (fresh),Retail,32.78,GHS,MoFA SRID
Tema Community One Main Market,Greater Accra,TMA-Tema East,2025-09-27,Plantains (apem),Retail,62.5,GHS,MoFA SRID
Tema Community One Main Market,Greater Accra,TMA-Tema East,2025-09-27,Plantains (apentu),Retail,41.07,GHS,MoFA SRID
Tema Community One Main Market,Greater Accra,TMA-Tema East,2025-09-27,Rice (imported),Retail,21.33,GHS,MoFA SRID
Tema Community One Main Market,Greater Accra,TMA-Tema East,2025-09-27,Rice (local),Retail,20.0,GHS,MoFA SRID
Tema Community One Main Market,Greater Accra,TMA-Tema East,2025-09-27,Sorghum,Retail,22.5,GHS,MoFA SRID
Tema Community One Main Market,Greater Accra,TMA-Tema East,2025-09-27,Soybeans,Retail,20.0,GHS,MoFA SRID
Tema Community One Main Market,Greater Accra,TMA-Tema East,2025-09-27,Tomatoes (navrongo),Retail,46.67,GHS,MoFA SRID
Tema Community One Main Market,Greater Accra,TMA-Tema East,2025-09-27,Yam (puna),Retail,30.71,GHS,MoFA SRID
Goaso,Ahafo,Asunafo North Municipal,2025-09-28,Cowpeas (white),Wholesale,14.29,GHS,MoFA SRID
Goaso,Ahafo,Asunafo North Municipal,2025-09-28,Eggplants,Wholesale,8.1,GHS,MoFA SRID
Goaso,Ahafo,Asunafo North Municipal,2025-09-28,Eggs,Wholesale,51.67,GHS,MoFA SRID
Goaso,Ahafo,Asunafo North Municipal,2025-09-28,Gari,Wholesale,12.3,GHS,MoFA SRID
Goaso,Ahafo,Asunafo North Municipal,2025-09-28,Maize,Wholesale,6.1,GHS,MoFA SRID
Goaso,Ahafo,Asunafo North Municipal,2025-09-28,Maize (yellow),Wholesale,6.17,GHS,MoFA SRID
Goaso,Ahafo,Asunafo North Municipal,2025-09-28,Millet,Wholesale,13.03,GHS,MoFA SRID
Goaso,Ahafo,Asunafo North Municipal,2025-09-28,Peppers (fresh),Wholesale,38.79,GHS,MoFA SRID
Goaso,Ahafo,Asunafo North Municipal,2025-09-28,Plantains (apem),Wholesale,7.37,GHS,MoFA SRID
Goaso,Ahafo,Asunafo North Municipal,2025-09-28,Plantains (apentu),Wholesale,7.02,GHS,MoFA SRID
Goaso,Ahafo,Asunafo North Municipal,2025-09-28,Rice (local),Wholesale,13.36,GHS,MoFA SRID
Goaso,Ahafo,Asunafo North Municipal,2025-09-28,Sorghum,Wholesale,10.95,GHS,MoFA SRID
Goaso,Ahafo,Asunafo North Municipal,2025-09-28,Tomatoes (local),Wholesale,9.78,GHS,MoFA SRID
Goaso,Ahafo,Asunafo North Municipal,2025-09-28,Tomatoes (navrongo),Wholesale,11.64,GHS,MoFA SRID
Goaso,Ahafo,Asunafo North Municipal,2025-09-28,Yam (puna),Wholesale,10.87,GHS,MoFA SRID
Kintampo,Bono East,Kintampo North Municipal,2025-09-28,Cassava,Retail,2.74,GHS,MoFA SRID
Kintampo,Bono East,Kintampo North Municipal,2025-09-28,Cowpeas (white),Retail,13.46,GHS,MoFA SRID
Kintampo,Bono East,Kintampo North Municipal,2025-09-28,Cowpeas (white),Wholesale,10.0,GHS,MoFA SRID
Kintampo,Bono East,Kintampo North Municipal,2025-09-28,Eggplants,Retail,12.25,GHS,MoFA SRID
Kintampo,Bono East,Kintampo North Municipal,2025-09-28,Eggplants,Wholesale,11.99,GHS,MoFA SRID
Kintampo,Bono East,Kintampo North Municipal,2025-09-28,Gari,Retail,9.23,GHS,MoFA SRID
Kintampo,Bono East,Kintampo North Municipal,2025-09-28,Gari,Wholesale,8.33,GHS,MoFA SRID
Kintampo,Bono East,Kintampo North Municipal,2025-09-28,Maize,Retail,4.36,GHS,MoFA SRID
Kintampo,Bono East,Kintampo North Municipal,2025-09-28,Maize,Wholesale,4.14,GHS,MoFA SRID
Kintampo,Bono East,Kintampo North Municipal,2025-09-28,Maize (yellow),Retail,4.39,GHS,MoFA SRID
Kintampo,Bono East,Kintampo North Municipal,2025-09-28,Maize (yellow),Wholesale,4.14,GHS,MoFA SRID
Kintampo,Bono East,Kintampo North Municipal,2025-09-28,Millet,Retail,12.08,GHS,MoFA SRID
Kintampo,Bono East,Kintampo North Municipal,2025-09-28,Millet,Wholesale,10.0,GHS,MoFA SRID
Kintampo,Bono East,Kintampo North Municipal,2025-09-28,Onions,Retail,15.38,GHS,MoFA SRID
Kintampo,Bono East,Kintampo North Municipal,2025-09-28,Onions,Wholesale,14.9,GHS,MoFA SRID
Kintampo,Bono East,Kintampo North Municipal,2025-09-28,Peppers (fresh),Retail,21.48,GHS,MoFA SRID
Kintampo,Bono East,Kintampo North Municipal,2025-09-28,Peppers (fresh),Wholesale,20.32,GHS,MoFA SRID
Kintampo,Bono East,Kintampo North Municipal,2025-09-28,Plantains (apem),Retail,12.78,GHS,MoFA SRID
Kintampo,Bono East,Kintampo North Municipal,2025-09-28,Plantains (apentu),Retail,13.05,GHS,MoFA SRID
Kintampo,Bono East,Kintampo North Municipal,2025-09-28,Rice (local),Retail,12.34,GHS,MoFA SRID
Kintampo,Bono East,Kintampo North Municipal,2025-09-28,Sorghum,Retail,11.04,GHS,MoFA SRID
Kintampo,Bono East,Kintampo North Municipal,2025-09-28,Sorghum,Wholesale,7.5,GHS,MoFA SRID
Kintampo,Bono East,Kintampo North Municipal,2025-09-28,Soybeans,Retail,10.35,GHS,MoFA SRID
Kintampo,Bono East,Kintampo North Municipal,2025-09-28,Soybeans,Wholesale,8.0,GHS,MoFA SRID
Kintampo,Bono East,Kintampo North Municipal,2025-09-28,Tomatoes (navrongo),Retail,16.24,GHS,MoFA SRID
Kintampo,Bono East,Kintampo North Municipal,2025-09-28,Tomatoes (navrongo),Wholesale,15.38,GHS,MoFA SRID
Kintampo,Bono East,Kintampo North Municipal,2025-09-28,Yam (puna),Retail,11.57,GHS,MoFA SRID
Wa,Upper West,Wa Municipal,2025-09-28,Cowpeas (white),Retail,16.45,GHS,MoFA SRID
Wa,Upper West,Wa Municipal,2025-09-28,Eggplants,Retail,10.74,GHS,MoFA SRID
Wa,Upper West,Wa Municipal,2025-09-28,Eggs,Retail,90.0,GHS,MoFA SRID
Wa,Upper West,Wa Municipal,2025-09-28,Gari,Retail,9.54,GHS,MoFA SRID
Wa,Upper West,Wa Municipal,2025-09-28,Maize,Retail,5.0,GHS,MoFA SRID
Wa,Upper West,Wa Municipal,2025-09-28,Maize (yellow),Retail,5.12,GHS,MoFA SRID
Wa,Upper West,Wa Municipal,2025-09-28,Millet,Retail,9.78,GHS,MoFA SRID
Wa,Upper West,Wa Municipal,2025-09-28,Onions,Retail,47.22,GHS,MoFA SRID
Wa,Upper West,Wa Municipal,2025-09-28,Peppers (dried),Retail,32.05,GHS,MoFA SRID
Wa,Upper West,Wa Municipal,2025-09-28,Peppers (fresh),Retail,18.8,GHS,MoFA SRID
Wa,Upper West,Wa Municipal,2025-09-28,Rice (imported),Retail,16.09,GHS,MoFA SRID
Wa,Upper West,Wa Municipal,2025-09-28,Rice (local),Retail,11.95,GHS,MoFA SRID
Wa,Upper West,Wa Municipal,2025-09-28,Sorghum,Retail,6.41,GHS,MoFA SRID
Wa,Upper West,Wa Municipal,2025-09-28,Soybeans,Retail,9.41,GHS,MoFA SRID
Wa,Upper West,Wa Municipal,2025-09-28,Tomatoes (local),Retail,6.45,GHS,MoFA SRID
Wa,Upper West,Wa Municipal,2025-09-28,Tomatoes (navrongo),Retail,10.0,GHS,MoFA SRID
Wa,Upper West,Wa Municipal,2025-09-28,Yam,Retail,16.71,GHS,MoFA SRID
Wa,Upper West,Wa Municipal,2025-09-28,Yam (puna),Retail,20.99,GHS,MoFA SRID
Nkwanta,Oti,Nkwanta South Municipal,2025-09-29,Cassava,Retail,5.49,GHS,MoFA SRID
Nkwanta,Oti,Nkwanta South Municipal,2025-09-29,Cassava,Wholesale,3.33,GHS,MoFA SRID
Nkwanta,Oti,Nkwanta South Municipal,2025-09-29,Cowpeas (white),Retail,19.99,GHS,MoFA SRID
Nkwanta,Oti,Nkwanta South Municipal,2025-09-29,Cowpeas (white),Wholesale,18.18,GHS,MoFA SRID
Nkwanta,Oti,Nkwanta South Municipal,2025-09-29,Eggplants,Retail,14.29,GHS,MoFA SRID
Nkwanta,Oti,Nkwanta South Municipal,2025-09-29,Eggplants,Wholesale,13.79,GHS,MoFA SRID
Nkwanta,Oti,Nkwanta South Municipal,2025-09-29,Eggs,Retail,70.0,GHS,MoFA SRID
Nkwanta,Oti,Nkwanta South Municipal,2025-09-29,Eggs,Wholesale,68.0,GHS,MoFA SRID
Nkwanta,Oti,Nkwanta South Municipal,2025-09-29,Gari,Retail,10.42,GHS,MoFA SRID
Nkwanta,Oti,Nkwanta South Municipal,2025-09-29,Gari,Wholesale,8.33,GHS,MoFA SRID
Nkwanta,Oti,Nkwanta South Municipal,2025-09-29,Maize,Retail,5.71,GHS,MoFA SRID
Nkwanta,Oti,Nkwanta South Municipal,2025-09-29,Maize,Wholesale,4.33,GHS,MoFA SRID
Nkwanta,Oti,Nkwanta South Municipal,2025-09-29,Maize (yellow),Retail,7.69,GHS,MoFA SRID
Nkwanta,Oti,Nkwanta South Municipal,2025-09-29,Meat (chicken),Retail,46.67,GHS,MoFA SRID
Nkwanta,Oti,Nkwanta South Municipal,2025-09-29,Meat (chicken),Wholesale,35.0,GHS,MoFA SRID
Nkwanta,Oti,Nkwanta South Municipal,2025-09-29,Millet,Retail,11.85,GHS,MoFA SRID
Nkwanta,Oti,Nkwanta South Municipal,2025-09-29,Millet,Wholesale,9.09,GHS,MoFA SRID
Nkwanta,Oti,Nkwanta South Municipal,2025-09-29,Onions,Retail,17.5,GHS,MoFA SRID
Nkwanta,Oti,Nkwanta South Municipal,2025-09-29,Onions,Wholesale,12.5,GHS,MoFA SRID
Nkwanta,Oti,Nkwanta South Municipal,2025-09-29,Peppers (dried),Retail,86.67,GHS,MoFA SRID
Nkwanta,Oti,Nkwanta South Municipal,2025-09-29,Peppers (dried),Wholesale,70.0,GHS,MoFA SRID
Nkwanta,Oti,Nkwanta South Municipal,2025-09-29,Peppers (fresh),Retail,25.0,GHS,MoFA SRID
Nkwanta,Oti,Nkwanta South Municipal,2025-09-29,Peppers (fresh),Wholesale,11.76,GHS,MoFA SRID
Nkwanta,Oti,Nkwanta South Municipal,2025-09-29,Plantains (apem),Retail,6.41,GHS,MoFA SRID
Nkwanta,Oti,Nkwanta South Municipal,2025-09-29,Plantains (apem),Wholesale,4.17,GHS,MoFA SRID
Nkwanta,Oti,Nkwanta South Municipal,2025-09-29,Plantains (apentu),Retail,10.74,GHS,MoFA SRID
Nkwanta,Oti,Nkwanta South Municipal,2025-09-29,Plantains (apentu),Wholesale,4.67,GHS,MoFA SRID
Nkwanta,Oti,Nkwanta South Municipal,2025-09-29,Rice (imported),Retail,17.68,GHS,MoFA SRID
Nkwanta,Oti,Nkwanta South Municipal,2025-09-29,Rice (imported),Wholesale,14.0,GHS,MoFA SRID
Nkwanta,Oti,Nkwanta South Municipal,2025-09-29,Rice (local),Retail,11.74,GHS,MoFA SRID
Nkwanta,Oti,Nkwanta South Municipal,2025-09-29,Rice (local),Wholesale,9.22,GHS,MoFA SRID
Nkwanta,Oti,Nkwanta South Municipal,2025-09-29,Sorghum,Retail,8.46,GHS,MoFA SRID
Nkwanta,Oti,Nkwanta South Municipal,2025-09-29,Sorghum,Wholesale,7.27,GHS,MoFA SRID
Nkwanta,Oti,Nkwanta South Municipal,2025-09-29,Soybeans,Retail,9.57,GHS,MoFA SRID
Nkwanta,Oti,Nkwanta South Municipal,2025-09-29,Soybeans,Wholesale,8.84,GHS,MoFA SRID
Nkwanta,Oti,Nkwanta South Municipal,2025-09-29,Tomatoes (local),Retail,10.0,GHS,MoFA SRID
Nkwanta,Oti,Nkwanta South Municipal,2025-09-29,Tomatoes (local),Wholesale,5.56,GHS,MoFA SRID
Nkwanta,Oti,Nkwanta South Municipal,2025-09-29,Tomatoes (navrongo),Retail,20.0,GHS,MoFA SRID
Nkwanta,Oti,Nkwanta South Municipal,2025-09-29,Tomatoes (navrongo),Wholesale,12.5,GHS,MoFA SRID
Nkwanta,Oti,Nkwanta South Municipal,2025-09-29,Yam,Retail,6.73,GHS,MoFA SRID
Nkwanta,Oti,Nkwanta South Municipal,2025-09-29,Yam,Wholesale,5.82,GHS,MoFA SRID
Nkwanta,Oti,Nkwanta South Municipal,2025-09-29,Yam (puna),Retail,10.11,GHS,MoFA SRID
Nkwanta,Oti,Nkwanta South Municipal,2025-09-29,Yam (puna),Wholesale,9.7,GHS,MoFA SRID
Wa,Upper West,Wa Municipal,2025-09-30,Cowpeas (white),Wholesale,40.0,GHS,MoFA SRID
Wa,Upper West,Wa Municipal,2025-09-30,Gari,Wholesale,20.0,GHS,MoFA SRID
Wa,Upper West,Wa Municipal,2025-09-30,Maize,Wholesale,10.4,GHS,MoFA SRID
Wa,Upper West,Wa Municipal,2025-09-30,Maize (yellow),Wholesale,10.4,GHS,MoFA SRID
Wa,Upper West,Wa Municipal,2025-09-30,Millet,Wholesale,24.0,GHS,MoFA SRID
Wa,Upper West,Wa Municipal,2025-09-30,Rice (imported),Wholesale,13.6,GHS,MoFA SRID
Wa,Upper West,Wa Municipal,2025-09-30,Rice (local),Wholesale,20.0,GHS,MoFA SRID
Wa,Upper West,Wa Municipal,2025-09-30,Sorghum,Wholesale,12.8,GHS,MoFA SRID
Wa,Upper West,Wa Municipal,2025-09-30,Soybeans,Wholesale,12.8,GHS,MoFA SRID
Wa,Upper West,Wa Municipal,2025-09-30,Yam,Wholesale,2.87,GHS,MoFA SRID
Wa,Upper West,Wa Municipal,2025-09-30,Yam (puna),Wholesale,4.3,GHS,MoFA SRID
Bibiani,Western North,Bibiani Anhwiaso Bekwai Municipal,2025-10-01,Cassava,Retail,3.41,GHS,MoFA SRID
Bibiani,Western North,Bibiani Anhwiaso Bekwai Municipal,2025-10-01,Cowpeas (white),Retail,40.0,GHS,MoFA SRID
Bibiani,Western North,Bibiani Anhwiaso Bekwai Municipal,2025-10-01,Eggplants,Retail,19.07,GHS,MoFA SRID
Bibiani,Western North,Bibiani Anhwiaso Bekwai Municipal,2025-10-01,Gari,Retail,17.92,GHS,MoFA SRID
Bibiani,Western North,Bibiani Anhwiaso Bekwai Municipal,2025-10-01,Maize,Retail,7.22,GHS,MoFA SRID
Bibiani,Western North,Bibiani Anhwiaso Bekwai Municipal,2025-10-01,Maize (yellow),Retail,7.59,GHS,MoFA SRID
Bibiani,Western North,Bibiani Anhwiaso Bekwai Municipal,2025-10-01,Millet,Retail,110.0,GHS,MoFA SRID
Bibiani,Western North,Bibiani Anhwiaso Bekwai Municipal,2025-10-01,Onions,Retail,32.71,GHS,MoFA SRID
Bibiani,Western North,Bibiani Anhwiaso Bekwai Municipal,2025-10-01,Peppers (dried),Retail,32.22,GHS,MoFA SRID
Bibiani,Western North,Bibiani Anhwiaso Bekwai Municipal,2025-10-01,Peppers (fresh),Retail,28.12,GHS,MoFA SRID
Bibiani,Western North,Bibiani Anhwiaso Bekwai Municipal,2025-10-01,Plantains (apem),Retail,21.75,GHS,MoFA SRID
Bibiani,Western North,Bibiani Anhwiaso Bekwai Municipal,2025-10-01,Plantains (apentu),Retail,18.28,GHS,MoFA SRID
Bibiani,Western North,Bibiani Anhwiaso Bekwai Municipal,2025-10-01,Rice (imported),Retail,16.49,GHS,MoFA SRID
Bibiani,Western North,Bibiani Anhwiaso Bekwai Municipal,2025-10-01,Rice (local),Retail,13.82,GHS,MoFA SRID
Bibiani,Western North,Bibiani Anhwiaso Bekwai Municipal,2025-10-01,Tomatoes (local),Retail,18.16,GHS,MoFA SRID
Bibiani,Western North,Bibiani Anhwiaso Bekwai Municipal,2025-10-01,Tomatoes (navrongo),Retail,22.92,GHS,MoFA SRID
Bibiani,Western North,Bibiani Anhwiaso Bekwai Municipal,2025-10-01,Yam,Retail,5.61,GHS,MoFA SRID
Bibiani,Western North,Bibiani Anhwiaso Bekwai Municipal,2025-10-01,Yam (puna),Retail,9.54,GHS,MoFA SRID
Mankessim,Central,Mfantsiman Municipal,2025-10-01,Cassava,Retail,6.61,GHS,MoFA SRID
Mankessim,Central,Mfantsiman Municipal,2025-10-01,Cowpeas (white),Retail,23.33,GHS,MoFA SRID
Mankessim,Central,Mfantsiman Municipal,2025-10-01,Eggplants,Retail,13.89,GHS,MoFA SRID
Mankessim,Central,Mfantsiman Municipal,2025-10-01,Eggs,Retail,58.75,GHS,MoFA SRID
Mankessim,Central,Mfantsiman Municipal,2025-10-01,Gari,Retail,13.47,GHS,MoFA SRID
Mankessim,Central,Mfantsiman Municipal,2025-10-01,Maize,Retail,3.95,GHS,MoFA SRID
Mankessim,Central,Mfantsiman Municipal,2025-10-01,Maize (yellow),Retail,4.74,GHS,MoFA SRID
Mankessim,Central,Mfantsiman Municipal,2025-10-01,Meat (chicken),Retail,42.5,GHS,MoFA SRID
Mankessim,Central,Mfantsiman Municipal,2025-10-01,Millet,Retail,20.78,GHS,MoFA SRID
Mankessim,Central,Mfantsiman Municipal,2025-10-01,Onions,Retail,15.87,GHS,MoFA SRID
Mankessim,Central,Mfantsiman Municipal,2025-10-01,Peppers (dried),Retail,90.22,GHS,MoFA SRID
Mankessim,Central,Mfantsiman Municipal,2025-10-01,Peppers (fresh),Retail,50.15,GHS,MoFA SRID
Mankessim,Central,Mfantsiman Municipal,2025-10-01,Plantains (apem),Retail,13.89,GHS,MoFA SRID
Mankessim,Central,Mfantsiman Municipal,2025-10-01,Plantains (apentu),Retail,9.89,GHS,MoFA SRID
Mankessim,Central,Mfantsiman Municipal,2025-10-01,Rice (imported),Retail,16.89,GHS,MoFA SRID
Mankessim,Central,Mfantsiman Municipal,2025-10-01,Rice (local),Retail,19.47,GHS,MoFA SRID
Mankessim,Central,Mfantsiman Municipal,2025-10-01,Soybeans,Retail,18.73,GHS,MoFA SRID
Mankessim,Central,Mfantsiman Municipal,2025-10-01,Tomatoes (local),Retail,25.0,GHS,MoFA SRID
Mankessim,Central,Mfantsiman Municipal,2025-10-01,Tomatoes (navrongo),Retail,19.56,GHS,MoFA SRID
Mankessim,Central,Mfantsiman Municipal,2025-10-01,Yam (puna),Retail,12.29,GHS,MoFA SRID
Nana Bosomah,Bono,Sunyani Municipal,2025-10-01,Cassava,Retail,3.57,GHS,MoFA SRID
Nana Bosomah,Bono,Sunyani Municipal,2025-10-01,Cowpeas (white),Retail,16.67,GHS,MoFA SRID
Nana Bosomah,Bono,Sunyani Municipal,2025-10-01,Eggplants,Retail,10.16,GHS,MoFA SRID
Nana Bosomah,Bono,Sunyani Municipal,2025-10-01,Eggs,Retail,45.0,GHS,MoFA SRID
Nana Bosomah,Bono,Sunyani Municipal,2025-10-01,Gari,Retail,12.5,GHS,MoFA SRID
Nana Bosomah,Bono,Sunyani Municipal,2025-10-01,Maize,Retail,17.15,GHS,MoFA SRID
Nana Bosomah,Bono,Sunyani Municipal,2025-10-01,Maize,Wholesale,4.62,GHS,MoFA SRID
Nana Bosomah,Bono,Sunyani Municipal,2025-10-01,Maize (yellow),Retail,4.23,GHS,MoFA SRID
Nana Bosomah,Bono,Sunyani Municipal,2025-10-01,Maize (yellow),Wholesale,4.62,GHS,MoFA SRID
Nana Bosomah,Bono,Sunyani Municipal,2025-10-01,Meat (chicken),Retail,55.0,GHS,MoFA SRID
Nana Bosomah,Bono,Sunyani Municipal,2025-10-01,Millet,Retail,14.58,GHS,MoFA SRID
Nana Bosomah,Bono,Sunyani Municipal,2025-10-01,Onions,Retail,13.49,GHS,MoFA SRID
Nana Bosomah,Bono,Sunyani Municipal,2025-10-01,Peppers (dried),Retail,133.33,GHS,MoFA SRID
Nana Bosomah,Bono,Sunyani Municipal,2025-10-01,Peppers (dried),Wholesale,74.07,GHS,MoFA SRID
Nana Bosomah,Bono,Sunyani Municipal,2025-10-01,Peppers (fresh),Retail,37.5,GHS,MoFA SRID
Nana Bosomah,Bono,Sunyani Municipal,2025-10-01,Peppers (fresh),Wholesale,7.58,GHS,MoFA SRID
Nana Bosomah,Bono,Sunyani Municipal,2025-10-01,Plantains (apem),Retail,15.13,GHS,MoFA SRID
Nana Bosomah,Bono,Sunyani Municipal,2025-10-01,Plantains (apem),Wholesale,11.33,GHS,MoFA SRID
Nana Bosomah,Bono,Sunyani Municipal,2025-10-01,Plantains (apentu),Retail,15.13,GHS,MoFA SRID
Nana Bosomah,Bono,Sunyani Municipal,2025-10-01,Plantains (apentu),Wholesale,11.78,GHS,MoFA SRID
Nana Bosomah,Bono,Sunyani Municipal,2025-10-01,Rice (imported),Retail,15.36,GHS,MoFA SRID
Nana Bosomah,Bono,Sunyani Municipal,2025-10-01,Rice (imported),Wholesale,12.96,GHS,MoFA SRID
Nana Bosomah,Bono,Sunyani Municipal,2025-10-01,Rice (local),Retail,11.66,GHS,MoFA SRID
Nana Bosomah,Bono,Sunyani Municipal,2025-10-01,Rice (local),Wholesale,10.84,GHS,MoFA SRID
Nana Bosomah,Bono,Sunyani Municipal,2025-10-01,Sorghum,Retail,14.0,GHS,MoFA SRID
Nana Bosomah,Bono,Sunyani Municipal,2025-10-01,Soybeans,Retail,12.5,GHS,MoFA SRID
Nana Bosomah,Bono,Sunyani Municipal,2025-10-01,Tomatoes (navrongo),Retail,26.09,GHS,MoFA SRID
Nana Bosomah,Bono,Sunyani Municipal,2025-10-01,Tomatoes (navrongo),Wholesale,23.89,GHS,MoFA SRID
Nana Bosomah,Bono,Sunyani Municipal,2025-10-01,Yam,Retail,8.11,GHS,MoFA SRID
Nana Bosomah,Bono,Sunyani Municipal,2025-10-01,Yam,Wholesale,6.85,GHS,MoFA SRID
Nana Bosomah,Bono,Sunyani Municipal,2025-10-01,Yam (puna),Retail,10.14,GHS,MoFA SRID
Nana Bosomah,Bono,Sunyani Municipal,2025-10-01,Yam (puna),Wholesale,7.29,GHS,MoFA SRID
Bibiani,Western North,Bibiani Anhwiaso Bekwai Municipal,2025-10-02,Cowpeas (white),Wholesale,23.55,GHS,MoFA SRID
Bibiani,Western North,Bibiani Anhwiaso Bekwai Municipal,2025-10-02,Eggplants,Wholesale,11.01,GHS,MoFA SRID
Bibiani,Western North,Bibiani Anhwiaso Bekwai Municipal,2025-10-02,Eggs,Wholesale,51.0,GHS,MoFA SRID
Bibiani,Western North,Bibiani Anhwiaso Bekwai Municipal,2025-10-02,Gari,Wholesale,10.15,GHS,MoFA SRID
Bibiani,Western North,Bibiani Anhwiaso Bekwai Municipal,2025-10-02,Maize,Wholesale,5.3,GHS,MoFA SRID
Bibiani,Western North,Bibiani Anhwiaso Bekwai Municipal,2025-10-02,Maize (yellow),Wholesale,7.81,GHS,MoFA SRID
Bibiani,Western North,Bibiani Anhwiaso Bekwai Municipal,2025-10-02,Meat (chicken),Wholesale,22.0,GHS,MoFA SRID
Bibiani,Western North,Bibiani Anhwiaso Bekwai Municipal,2025-10-02,Millet,Wholesale,16.23,GHS,MoFA SRID
Bibiani,Western North,Bibiani Anhwiaso Bekwai Municipal,2025-10-02,Onions,Wholesale,31.82,GHS,MoFA SRID
Bibiani,Western North,Bibiani Anhwiaso Bekwai Municipal,2025-10-02,Peppers (dried),Wholesale,20.86,GHS,MoFA SRID
Bibiani,Western North,Bibiani Anhwiaso Bekwai Municipal,2025-10-02,Peppers (fresh),Wholesale,71.44,GHS,MoFA SRID
Bibiani,Western North,Bibiani Anhwiaso Bekwai Municipal,2025-10-02,Rice (imported),Wholesale,17.62,GHS,MoFA SRID
Bibiani,Western North,Bibiani Anhwiaso Bekwai Municipal,2025-10-02,Rice (local),Wholesale,12.46,GHS,MoFA SRID
Bibiani,Western North,Bibiani Anhwiaso Bekwai Municipal,2025-10-02,Soybeans,Wholesale,17.6,GHS,MoFA SRID
Bibiani,Western North,Bibiani Anhwiaso Bekwai Municipal,2025-10-02,Tomatoes (navrongo),Wholesale,27.24,GHS,MoFA SRID
Bibiani,Western North,Bibiani Anhwiaso Bekwai Municipal,2025-10-02,Yam,Wholesale,6.59,GHS,MoFA SRID
Koforidua,Eastern,New Juaben South Municipal,2025-10-02,Cowpeas (white),Retail,30.0,GHS,MoFA SRID
Koforidua,Eastern,New Juaben South Municipal,2025-10-02,Cowpeas (white),Wholesale,18.75,GHS,MoFA SRID
Koforidua,Eastern,New Juaben South Municipal,2025-10-02,Eggplants,Wholesale,4.44,GHS,MoFA SRID
Koforidua,Eastern,New Juaben South Municipal,2025-10-02,Eggs,Retail,70.0,GHS,MoFA SRID
Koforidua,Eastern,New Juaben South Municipal,2025-10-02,Gari,Retail,15.11,GHS,MoFA SRID
Koforidua,Eastern,New Juaben South Municipal,2025-10-02,Gari,Wholesale,11.98,GHS,MoFA SRID
Koforidua,Eastern,New Juaben South Municipal,2025-10-02,Onions,Wholesale,8.33,GHS,MoFA SRID
Koforidua,Eastern,New Juaben South Municipal,2025-10-02,Peppers (fresh),Retail,8.96,GHS,MoFA SRID
Koforidua,Eastern,New Juaben South Municipal,2025-10-02,Peppers (fresh),Wholesale,7.84,GHS,MoFA SRID
Koforidua,Eastern,New Juaben South Municipal,2025-10-02,Plantains (apem),Retail,14.97,GHS,MoFA SRID
Koforidua,Eastern,New Juaben South Municipal,2025-10-02,Plantains (apem),Wholesale,14.62,GHS,MoFA SRID
Koforidua,Eastern,New Juaben South Municipal,2025-10-02,Rice (imported),Retail,17.78,GHS,MoFA SRID
Koforidua,Eastern,New Juaben South Municipal,2025-10-02,Tomatoes (navrongo),Wholesale,9.58,GHS,MoFA SRID
Koforidua,Eastern,New Juaben South Municipal,2025-10-02,Yam (puna),Retail,16.67,GHS,MoFA SRID
Koforidua,Eastern,New Juaben South Municipal,2025-10-02,Yam (puna),Wholesale,12.2,GHS,MoFA SRID
Techiman,Bono East,Techiman Municipal,2025-10-02,Cassava,Wholesale,1.58,GHS,MoFA SRID
Techiman,Bono East,Techiman Municipal,2025-10-02,Cowpeas (white),Wholesale,18.06,GHS,MoFA SRID
Techiman,Bono East,Techiman Municipal,2025-10-02,Eggplants,Wholesale,5.16,GHS,MoFA SRID
Techiman,Bono East,Techiman Municipal,2025-10-02,Eggs,Wholesale,56.0,GHS,MoFA SRID
Techiman,Bono East,Techiman Municipal,2025-10-02,Gari,Wholesale,10.33,GHS,MoFA SRID
Techiman,Bono East,Techiman Municipal,2025-10-02,Maize,Wholesale,4.23,GHS,MoFA SRID
Techiman,Bono East,Techiman Municipal,2025-10-02,Maize (yellow),Wholesale,5.0,GHS,MoFA SRID
Techiman,Bono East,Techiman Municipal,2025-10-02,Meat (chicken),Wholesale,38.67,GHS,MoFA SRID
Techiman,Bono East,Techiman Municipal,2025-10-02,Millet,Wholesale,11.47,GHS,MoFA SRID
Techiman,Bono East,Techiman Municipal,2025-10-02,Onions,Wholesale,10.21,GHS,MoFA SRID
Techiman,Bono East,Techiman Municipal,2025-10-02,Peppers (dried),Wholesale,118.8,GHS,MoFA SRID
Techiman,Bono East,Techiman Municipal,2025-10-02,Peppers (fresh),Wholesale,15.58,GHS,MoFA SRID
Techiman,Bono East,Techiman Municipal,2025-10-02,Plantains (apem),Wholesale,9.33,GHS,MoFA SRID
Techiman,Bono East,Techiman Municipal,2025-10-02,Plantains (apentu),Wholesale,7.67,GHS,MoFA SRID
Techiman,Bono East,Techiman Municipal,2025-10-02,Rice (imported),Wholesale,15.0,GHS,MoFA SRID
Techiman,Bono East,Techiman Municipal,2025-10-02,Rice (local),Wholesale,11.0,GHS,MoFA SRID
Techiman,Bono East,Techiman Municipal,2025-10-02,Sorghum,Wholesale,8.15,GHS,MoFA SRID
Techiman,Bono East,Techiman Municipal,2025-10-02,Soybeans,Wholesale,8.4,GHS,MoFA SRID
Techiman,Bono East,Techiman Municipal,2025-10-02,Tomatoes (navrongo),Wholesale,21.86,GHS,MoFA SRID
Techiman,Bono East,Techiman Municipal,2025-10-02,Yam,Wholesale,6.2,GHS,MoFA SRID
Techiman,Bono East,Techiman Municipal,2025-10-02,Yam (puna),Wholesale,9.27,GHS,MoFA SRID
Goaso,Ahafo,Asunafo North Municipal,2025-10-03,Cowpeas (white),Retail,14.0,GHS,MoFA SRID
Goaso,Ahafo,Asunafo North Municipal,2025-10-03,Cowpeas (white),Wholesale,14.12,GHS,MoFA SRID
Goaso,Ahafo,Asunafo North Municipal,2025-10-03,Eggplants,Retail,11.67,GHS,MoFA SRID
Goaso,Ahafo,Asunafo North Municipal,2025-10-03,Eggplants,Wholesale,9.19,GHS,MoFA SRID
Goaso,Ahafo,Asunafo North Municipal,2025-10-03,Eggs,Retail,51.67,GHS,MoFA SRID
Goaso,Ahafo,Asunafo North Municipal,2025-10-03,Eggs,Wholesale,50.0,GHS,MoFA SRID
Goaso,Ahafo,Asunafo North Municipal,2025-10-03,Gari,Retail,10.83,GHS,MoFA SRID
Goaso,Ahafo,Asunafo North Municipal,2025-10-03,Gari,Wholesale,12.5,GHS,MoFA SRID
Goaso,Ahafo,Asunafo North Municipal,2025-10-03,Maize,Retail,6.88,GHS,MoFA SRID
Goaso,Ahafo,Asunafo North Municipal,2025-10-03,Maize,Wholesale,6.63,GHS,MoFA SRID
Goaso,Ahafo,Asunafo North Municipal,2025-10-03,Maize (yellow),Retail,6.98,GHS,MoFA SRID
Goaso,Ahafo,Asunafo North Municipal,2025-10-03,Maize (yellow),Wholesale,6.68,GHS,MoFA SRID
Goaso,Ahafo,Asunafo North Municipal,2025-10-03,Millet,Retail,13.67,GHS,MoFA SRID
Goaso,Ahafo,Asunafo North Municipal,2025-10-03,Millet,Wholesale,12.67,GHS,MoFA SRID
Goaso,Ahafo,Asunafo North Municipal,2025-10-03,Peppers (fresh),Retail,19.45,GHS,MoFA SRID
Goaso,Ahafo,Asunafo North Municipal,2025-10-03,Peppers (fresh),Wholesale,36.56,GHS,MoFA SRID
Goaso,Ahafo,Asunafo North Municipal,2025-10-03,Plantains (apem),Retail,9.14,GHS,MoFA SRID
Goaso,Ahafo,Asunafo North Municipal,2025-10-03,Plantains (apentu),Retail,8.67,GHS,MoFA SRID
Goaso,Ahafo,Asunafo North Municipal,2025-10-03,Plantains (apentu),Wholesale,7.27,GHS,MoFA SRID
Goaso,Ahafo,Asunafo North Municipal,2025-10-03,Rice (local),Retail,11.33,GHS,MoFA SRID
Goaso,Ahafo,Asunafo North Municipal,2025-10-03,Rice (local),Wholesale,14.17,GHS,MoFA SRID
Goaso,Ahafo,Asunafo North Municipal,2025-10-03,Sorghum,Retail,12.0,GHS,MoFA SRID
Goaso,Ahafo,Asunafo North Municipal,2025-10-03,Sorghum,Wholesale,11.11,GHS,MoFA SRID
Goaso,Ahafo,Asunafo North Municipal,2025-10-03,Tomatoes (local),Retail,9.39,GHS,MoFA SRID
Goaso,Ahafo,Asunafo North Municipal,2025-10-03,Tomatoes (local),Wholesale,10.37,GHS,MoFA SRID
Goaso,Ahafo,Asunafo North Municipal,2025-10-03,Tomatoes (navrongo),Retail,8.84,GHS,MoFA SRID
Goaso,Ahafo,Asunafo North Municipal,2025-10-03,Tomatoes (navrongo),Wholesale,10.66,GHS,MoFA SRID
Goaso,Ahafo,Asunafo North Municipal,2025-10-03,Yam (puna),Retail,9.01,GHS,MoFA SRID
Goaso,Ahafo,Asunafo North Municipal,2025-10-03,Yam (puna),Wholesale,10.51,GHS,MoFA SRID
Tema Community One Main Market,Greater Accra,TMA-Tema East,2025-10-04,Cowpeas (white),Wholesale,18.75,GHS,MoFA SRID
Tema Community One Main Market,Greater Accra,TMA-Tema East,2025-10-04,Eggplants,Wholesale,31.82,GHS,MoFA SRID
Tema Community One Main Market,Greater Accra,TMA-Tema East,2025-10-04,Eggs,Wholesale,68.33,GHS,MoFA SRID
Tema Community One Main Market,Greater Accra,TMA-Tema East,2025-10-04,Gari,Wholesale,20.95,GHS,MoFA SRID
Tema Community One Main Market,Greater Accra,TMA-Tema East,2025-10-04,Maize,Wholesale,9.33,GHS,MoFA SRID
Tema Community One Main Market,Greater Accra,TMA-Tema East,2025-10-04,Maize (yellow),Wholesale,10.33,GHS,MoFA SRID
Tema Community One Main Market,Greater Accra,TMA-Tema East,2025-10-04,Millet,Wholesale,16.67,GHS,MoFA SRID
Tema Community One Main Market,Greater Accra,TMA-Tema East,2025-10-04,Onions,Wholesale,23.54,GHS,MoFA SRID
Tema Community One Main Market,Greater Accra,TMA-Tema East,2025-10-04,Peppers (dried),Wholesale,60.0,GHS,MoFA SRID
Tema Community One Main Market,Greater Accra,TMA-Tema East,2025-10-04,Peppers (fresh),Wholesale,34.87,GHS,MoFA SRID
Tema Community One Main Market,Greater Accra,TMA-Tema East,2025-10-04,Plantains (apem),Wholesale,47.16,GHS,MoFA SRID
Tema Community One Main Market,Greater Accra,TMA-Tema East,2025-10-04,Plantains (apentu),Wholesale,29.28,GHS,MoFA SRID
Tema Community One Main Market,Greater Accra,TMA-Tema East,2025-10-04,Rice (imported),Wholesale,27.67,GHS,MoFA SRID
Tema Community One Main Market,Greater Accra,TMA-Tema East,2025-10-04,Rice (local),Wholesale,27.1,GHS,MoFA SRID
Tema Community One Main Market,Greater Accra,TMA-Tema East,2025-10-04,Sorghum,Wholesale,16.91,GHS,MoFA SRID
Tema Community One Main Market,Greater Accra,TMA-Tema East,2025-10-04,Soybeans,Wholesale,15.79,GHS,MoFA SRID
Tema Community One Main Market,Greater Accra,TMA-Tema East,2025-10-04,Tomatoes (navrongo),Wholesale,20.39,GHS,MoFA SRID
Tema Community One Main Market,Greater Accra,TMA-Tema East,2025-10-04,Yam (puna),Wholesale,24.34,GHS,MoFA SRID
Nkwanta,Oti,Nkwanta South Municipal,2025-10-06,Cassava,Retail,5.49,GHS,MoFA SRID
Nkwanta,Oti,Nkwanta South Municipal,2025-10-06,Cassava,Wholesale,3.33,GHS,MoFA SRID
Nkwanta,Oti,Nkwanta South Municipal,2025-10-06,Cowpeas (white),Retail,19.99,GHS,MoFA SRID
Nkwanta,Oti,Nkwanta South Municipal,2025-10-06,Cowpeas (white),Wholesale,17.68,GHS,MoFA SRID
Nkwanta,Oti,Nkwanta South Municipal,2025-10-06,Eggplants,Retail,14.29,GHS,MoFA SRID
Nkwanta,Oti,Nkwanta South Municipal,2025-10-06,Eggplants,Wholesale,13.64,GHS,MoFA SRID
Nkwanta,Oti,Nkwanta South Municipal,2025-10-06,Eggs,Retail,70.0,GHS,MoFA SRID
Nkwanta,Oti,Nkwanta South Municipal,2025-10-06,Eggs,Wholesale,68.0,GHS,MoFA SRID
Nkwanta,Oti,Nkwanta South Municipal,2025-10-06,Gari,Retail,10.28,GHS,MoFA SRID
Nkwanta,Oti,Nkwanta South Municipal,2025-10-06,Gari,Wholesale,8.33,GHS,MoFA SRID
Nkwanta,Oti,Nkwanta South Municipal,2025-10-06,Maize,Retail,5.71,GHS,MoFA SRID
Nkwanta,Oti,Nkwanta South Municipal,2025-10-06,Maize,Wholesale,4.33,GHS,MoFA SRID
Nkwanta,Oti,Nkwanta South Municipal,2025-10-06,Maize (yellow),Retail,7.69,GHS,MoFA SRID
Nkwanta,Oti,Nkwanta South Municipal,2025-10-06,Meat (chicken),Retail,46.67,GHS,MoFA SRID
Nkwanta,Oti,Nkwanta South Municipal,2025-10-06,Meat (chicken),Wholesale,35.0,GHS,MoFA SRID
Nkwanta,Oti,Nkwanta South Municipal,2025-10-06,Millet,Retail,11.85,GHS,MoFA SRID
Nkwanta,Oti,Nkwanta South Municipal,2025-10-06,Millet,Wholesale,9.09,GHS,MoFA SRID
Nkwanta,Oti,Nkwanta South Municipal,2025-10-06,Onions,Retail,17.5,GHS,MoFA SRID
Nkwanta,Oti,Nkwanta South Municipal,2025-10-06,Onions,Wholesale,12.5,GHS,MoFA SRID
Nkwanta,Oti,Nkwanta South Municipal,2025-10-06,Peppers (dried),Retail,80.0,GHS,MoFA SRID
Nkwanta,Oti,Nkwanta South Municipal,2025-10-06,Peppers (dried),Wholesale,70.0,GHS,MoFA SRID
Nkwanta,Oti,Nkwanta South Municipal,2025-10-06,Peppers (fresh),Retail,25.0,GHS,MoFA SRID
Nkwanta,Oti,Nkwanta South Municipal,2025-10-06,Peppers (fresh),Wholesale,10.78,GHS,MoFA SRID
Nkwanta,Oti,Nkwanta South Municipal,2025-10-06,Plantains (apem),Retail,6.41,GHS,MoFA SRID
Nkwanta,Oti,Nkwanta South Municipal,2025-10-06,Plantains (apem),Wholesale,4.11,GHS,MoFA SRID
Nkwanta,Oti,Nkwanta South Municipal,2025-10-06,Plantains (apentu),Retail,10.74,GHS,MoFA SRID
Nkwanta,Oti,Nkwanta South Municipal,2025-10-06,Plantains (apentu),Wholesale,4.78,GHS,MoFA SRID
Nkwanta,Oti,Nkwanta South Municipal,2025-10-06,Rice (imported),Retail,17.68,GHS,MoFA SRID
Nkwanta,Oti,Nkwanta South Municipal,2025-10-06,Rice (imported),Wholesale,14.0,GHS,MoFA SRID
Nkwanta,Oti,Nkwanta South Municipal,2025-10-06,Rice (local),Retail,11.74,GHS,MoFA SRID
Nkwanta,Oti,Nkwanta South Municipal,2025-10-06,Rice (local),Wholesale,9.5,GHS,MoFA SRID
Nkwanta,Oti,Nkwanta South Municipal,2025-10-06,Sorghum,Retail,8.46,GHS,MoFA SRID
Nkwanta,Oti,Nkwanta South Municipal,2025-10-06,Sorghum,Wholesale,7.27,GHS,MoFA SRID
Nkwanta,Oti,Nkwanta South Municipal,2025-10-06,Soybeans,Retail,9.57,GHS,MoFA SRID
Nkwanta,Oti,Nkwanta South Municipal,2025-10-06,Soybeans,Wholesale,11.87,GHS,MoFA SRID
Nkwanta,Oti,Nkwanta South Municipal,2025-10-06,Tomatoes (local),Retail,10.0,GHS,MoFA SRID
Nkwanta,Oti,Nkwanta South Municipal,2025-10-06,Tomatoes (local),Wholesale,5.56,GHS,MoFA SRID
Nkwanta,Oti,Nkwanta South Municipal,2025-10-06,Tomatoes (navrongo),Retail,20.0,GHS,MoFA SRID
Nkwanta,Oti,Nkwanta South Municipal,2025-10-06,Tomatoes (navrongo),Wholesale,12.5,GHS,MoFA SRID
Nkwanta,Oti,Nkwanta South Municipal,2025-10-06,Yam,Retail,6.73,GHS,MoFA SRID
Nkwanta,Oti,Nkwanta South Municipal,2025-10-06,Yam,Wholesale,5.82,GHS,MoFA SRID
Nkwanta,Oti,Nkwanta South Municipal,2025-10-06,Yam (puna),Retail,10.11,GHS,MoFA SRID
Nkwanta,Oti,Nkwanta South Municipal,2025-10-06,Yam (puna),Wholesale,9.09,GHS,MoFA SRID
Techiman,Bono East,Techiman Municipal,2025-10-06,Cassava,Retail,2.07,GHS,MoFA SRID
Techiman,Bono East,Techiman Municipal,2025-10-06,Cowpeas (white),Retail,18.52,GHS,MoFA SRID
Techiman,Bono East,Techiman Municipal,2025-10-06,Eggplants,Retail,8.49,GHS,MoFA SRID
Techiman,Bono East,Techiman Municipal,2025-10-06,Eggs,Retail,57.67,GHS,MoFA SRID
Techiman,Bono East,Techiman Municipal,2025-10-06,Gari,Retail,11.67,GHS,MoFA SRID
Techiman,Bono East,Techiman Municipal,2025-10-06,Maize,Retail,4.75,GHS,MoFA SRID
Techiman,Bono East,Techiman Municipal,2025-10-06,Maize (yellow),Retail,5.43,GHS,MoFA SRID
Techiman,Bono East,Techiman Municipal,2025-10-06,Meat (chicken),Retail,43.33,GHS,MoFA SRID
Techiman,Bono East,Techiman Municipal,2025-10-06,Millet,Retail,12.17,GHS,MoFA SRID
Techiman,Bono East,Techiman Municipal,2025-10-06,Onions,Retail,12.04,GHS,MoFA SRID
Techiman,Bono East,Techiman Municipal,2025-10-06,Peppers (dried),Retail,120.83,GHS,MoFA SRID
Techiman,Bono East,Techiman Municipal,2025-10-06,Peppers (fresh),Retail,17.36,GHS,MoFA SRID
Techiman,Bono East,Techiman Municipal,2025-10-06,Plantains (apem),Retail,12.04,GHS,MoFA SRID
Techiman,Bono East,Techiman Municipal,2025-10-06,Plantains (apentu),Retail,10.07,GHS,MoFA SRID
Techiman,Bono East,Techiman Municipal,2025-10-06,Rice (imported),Retail,16.88,GHS,MoFA SRID
Techiman,Bono East,Techiman Municipal,2025-10-06,Rice (local),Retail,11.7,GHS,MoFA SRID
Techiman,Bono East,Techiman Municipal,2025-10-06,Sorghum,Retail,9.26,GHS,MoFA SRID
Techiman,Bono East,Techiman Municipal,2025-10-06,Soybeans,Retail,9.26,GHS,MoFA SRID
Techiman,Bono East,Techiman Municipal,2025-10-06,Tomatoes (navrongo),Retail,23.45,GHS,MoFA SRID
Techiman,Bono East,Techiman Municipal,2025-10-06,Yam,Retail,8.11,GHS,MoFA SRID
Techiman,Bono East,Techiman Municipal,2025-10-06,Yam (puna),Retail,11.2,GHS,MoFA SRID
Wa,Upper West,Wa Municipal,2025-10-06,Cowpeas (white),Retail,21.74,GHS,MoFA SRID
Wa,Upper West,Wa Municipal,2025-10-06,Cowpeas (white),Wholesale,40.0,GHS,MoFA SRID
Wa,Upper West,Wa Municipal,2025-10-06,Eggplants,Retail,4.76,GHS,MoFA SRID
Wa,Upper West,Wa Municipal,2025-10-06,Eggs,Retail,110.0,GHS,MoFA SRID
Wa,Upper West,Wa Municipal,2025-10-06,Gari,Retail,9.89,GHS,MoFA SRID
Wa,Upper West,Wa Municipal,2025-10-06,Gari,Wholesale,20.0,GHS,MoFA SRID
Wa,Upper West,Wa Municipal,2025-10-06,Maize,Retail,4.76,GHS,MoFA SRID
Wa,Upper West,Wa Municipal,2025-10-06,Maize,Wholesale,10.4,GHS,MoFA SRID
Wa,Upper West,Wa Municipal,2025-10-06,Maize (yellow),Retail,4.64,GHS,MoFA SRID
Wa,Upper West,Wa Municipal,2025-10-06,Maize (yellow),Wholesale,10.4,GHS,MoFA SRID
Wa,Upper West,Wa Municipal,2025-10-06,Millet,Retail,10.0,GHS,MoFA SRID
Wa,Upper West,Wa Municipal,2025-10-06,Millet,Wholesale,24.0,GHS,MoFA SRID
Wa,Upper West,Wa Municipal,2025-10-06,Peppers (dried),Retail,61.54,GHS,MoFA SRID
Wa,Upper West,Wa Municipal,2025-10-06,Peppers (fresh),Retail,34.72,GHS,MoFA SRID
Wa,Upper West,Wa Municipal,2025-10-06,Rice (imported),Retail,14.94,GHS,MoFA SRID
Wa,Upper West,Wa Municipal,2025-10-06,Rice (imported),Wholesale,13.6,GHS,MoFA SRID
Wa,Upper West,Wa Municipal,2025-10-06,Rice (local),Retail,12.06,GHS,MoFA SRID
Wa,Upper West,Wa Municipal,2025-10-06,Rice (local),Wholesale,28.0,GHS,MoFA SRID
Wa,Upper West,Wa Municipal,2025-10-06,Sorghum,Retail,6.15,GHS,MoFA SRID
Wa,Upper West,Wa Municipal,2025-10-06,Sorghum,Wholesale,12.4,GHS,MoFA SRID
Wa,Upper West,Wa Municipal,2025-10-06,Soybeans,Retail,5.33,GHS,MoFA SRID
Wa,Upper West,Wa Municipal,2025-10-06,Soybeans,Wholesale,12.8,GHS,MoFA SRID
Wa,Upper West,Wa Municipal,2025-10-06,Tomatoes (local),Retail,5.56,GHS,MoFA SRID
Wa,Upper West,Wa Municipal,2025-10-06,Tomatoes (navrongo),Retail,7.22,GHS,MoFA SRID
Wa,Upper West,Wa Municipal,2025-10-06,Yam,Retail,8.03,GHS,MoFA SRID
Wa,Upper West,Wa Municipal,2025-10-06,Yam,Wholesale,6.2,GHS,MoFA SRID
Wa,Upper West,Wa Municipal,2025-10-06,Yam (puna),Retail,16.44,GHS,MoFA SRID
Wa,Upper West,Wa Municipal,2025-10-06,Yam (puna),Wholesale,6.62,GHS,MoFA SRID
Tema Community One Main Market,Greater Accra,TMA-Tema East,2025-10-07,Cowpeas (white),Retail,25.0,GHS,MoFA SRID
Tema Community One Main Market,Greater Accra,TMA-Tema East,2025-10-07,Eggplants,Retail,31.67,GHS,MoFA SRID
Tema Community One Main Market,Greater Accra,TMA-Tema East,2025-10-07,Eggs,Retail,80.0,GHS,MoFA SRID
Tema Community One Main Market,Greater Accra,TMA-Tema East,2025-10-07,Gari,Retail,23.33,GHS,MoFA SRID
Tema Community One Main Market,Greater Accra,TMA-Tema East,2025-10-07,Maize,Retail,10.0,GHS,MoFA SRID
Tema Community One Main Market,Greater Accra,TMA-Tema East,2025-10-07,Maize (yellow),Retail,11.25,GHS,MoFA SRID
Tema Community One Main Market,Greater Accra,TMA-Tema East,2025-10-07,Meat (chicken),Retail,52.67,GHS,MoFA SRID
Tema Community One Main Market,Greater Accra,TMA-Tema East,2025-10-07,Millet,Retail,18.0,GHS,MoFA SRID
Tema Community One Main Market,Greater Accra,TMA-Tema East,2025-10-07,Onions,Retail,31.74,GHS,MoFA SRID
Tema Community One Main Market,Greater Accra,TMA-Tema East,2025-10-07,Peppers (dried),Retail,64.45,GHS,MoFA SRID
Tema Community One Main Market,Greater Accra,TMA-Tema East,2025-10-07,Peppers (fresh),Retail,38.89,GHS,MoFA SRID
Tema Community One Main Market,Greater Accra,TMA-Tema East,2025-10-07,Plantains (apem),Retail,54.17,GHS,MoFA SRID
Tema Community One Main Market,Greater Accra,TMA-Tema East,2025-10-07,Plantains (apentu),Retail,42.86,GHS,MoFA SRID
Tema Community One Main Market,Greater Accra,TMA-Tema East,2025-10-07,Rice (imported),Retail,22.67,GHS,MoFA SRID
Tema Community One Main Market,Greater Accra,TMA-Tema East,2025-10-07,Rice (local),Retail,18.22,GHS,MoFA SRID
Tema Community One Main Market,Greater Accra,TMA-Tema East,2025-10-07,Sorghum,Retail,22.5,GHS,MoFA SRID
Tema Community One Main Market,Greater Accra,TMA-Tema East,2025-10-07,Soybeans,Retail,18.89,GHS,MoFA SRID
Tema Community One Main Market,Greater Accra,TMA-Tema East,2025-10-07,Tomatoes (navrongo),Retail,35.55,GHS,MoFA SRID
Tema Community One Main Market,Greater Accra,TMA-Tema East,2025-10-07,Yam (puna),Retail,31.11,GHS,MoFA SRID
Mankessim,Central,Mfantsiman Municipal,2025-10-08,Cassava,Retail,6.37,GHS,MoFA SRID
Mankessim,Central,Mfantsiman Municipal,2025-10-08,Cowpeas (white),Retail,25.24,GHS,MoFA SRID
Mankessim,Central,Mfantsiman Municipal,2025-10-08,Eggplants,Retail,12.79,GHS,MoFA SRID
Mankessim,Central,Mfantsiman Municipal,2025-10-08,Eggs,Retail,61.25,GHS,MoFA SRID
Mankessim,Central,Mfantsiman Municipal,2025-10-08,Gari,Retail,13.51,GHS,MoFA SRID
Mankessim,Central,Mfantsiman Municipal,2025-10-08,Maize,Retail,3.95,GHS,MoFA SRID
Mankessim,Central,Mfantsiman Municipal,2025-10-08,Maize (yellow),Retail,4.33,GHS,MoFA SRID
Mankessim,Central,Mfantsiman Municipal,2025-10-08,Meat (chicken),Retail,42.75,GHS,MoFA SRID
Mankessim,Central,Mfantsiman Municipal,2025-10-08,Millet,Retail,20.78,GHS,MoFA SRID
Mankessim,Central,Mfantsiman Municipal,2025-10-08,Onions,Retail,9.06,GHS,MoFA SRID
Mankessim,Central,Mfantsiman Municipal,2025-10-08,Peppers (dried),Retail,116.54,GHS,MoFA SRID
Mankessim,Central,Mfantsiman Municipal,2025-10-08,Peppers (fresh),Retail,49.64,GHS,MoFA SRID
Mankessim,Central,Mfantsiman Municipal,2025-10-08,Plantains (apem),Retail,10.76,GHS,MoFA SRID
Mankessim,Central,Mfantsiman Municipal,2025-10-08,Plantains (apentu),Retail,9.61,GHS,MoFA SRID
Mankessim,Central,Mfantsiman Municipal,2025-10-08,Rice (imported),Retail,17.92,GHS,MoFA SRID
Mankessim,Central,Mfantsiman Municipal,2025-10-08,Rice (local),Retail,20.61,GHS,MoFA SRID
Mankessim,Central,Mfantsiman Municipal,2025-10-08,Soybeans,Retail,18.33,GHS,MoFA SRID
Mankessim,Central,Mfantsiman Municipal,2025-10-08,Tomatoes (local),Retail,9.92,GHS,MoFA SRID
Mankessim,Central,Mfantsiman Municipal,2025-10-08,Tomatoes (navrongo),Retail,13.0,GHS,MoFA SRID
Mankessim,Central,Mfantsiman Municipal,2025-10-08,Yam (puna),Retail,11.32,GHS,MoFA SRID
Nana Bosomah,Bono,Sunyani Municipal,2025-10-08,Cassava,Retail,4.32,GHS,MoFA SRID
Nana Bosomah,Bono,Sunyani Municipal,2025-10-08,Cowpeas (white),Retail,16.67,GHS,MoFA SRID
Nana Bosomah,Bono,Sunyani Municipal,2025-10-08,Eggplants,Retail,11.03,GHS,MoFA SRID
Nana Bosomah,Bono,Sunyani Municipal,2025-10-08,Eggs,Retail,50.0,GHS,MoFA SRID
Nana Bosomah,Bono,Sunyani Municipal,2025-10-08,Gari,Retail,12.5,GHS,MoFA SRID
Nana Bosomah,Bono,Sunyani Municipal,2025-10-08,Maize,Retail,4.29,GHS,MoFA SRID
Nana Bosomah,Bono,Sunyani Municipal,2025-10-08,Maize,Wholesale,4.0,GHS,MoFA SRID
Nana Bosomah,Bono,Sunyani Municipal,2025-10-08,Maize (yellow),Retail,4.29,GHS,MoFA SRID
Nana Bosomah,Bono,Sunyani Municipal,2025-10-08,Maize (yellow),Wholesale,4.0,GHS,MoFA SRID
Nana Bosomah,Bono,Sunyani Municipal,2025-10-08,Meat (chicken),Retail,50.0,GHS,MoFA SRID
Nana Bosomah,Bono,Sunyani Municipal,2025-10-08,Millet,Retail,12.5,GHS,MoFA SRID
Nana Bosomah,Bono,Sunyani Municipal,2025-10-08,Onions,Retail,13.27,GHS,MoFA SRID
Nana Bosomah,Bono,Sunyani Municipal,2025-10-08,Peppers (dried),Retail,133.33,GHS,MoFA SRID
Nana Bosomah,Bono,Sunyani Municipal,2025-10-08,Peppers (fresh),Retail,37.5,GHS,MoFA SRID
Nana Bosomah,Bono,Sunyani Municipal,2025-10-08,Plantains (apem),Retail,12.25,GHS,MoFA SRID
Nana Bosomah,Bono,Sunyani Municipal,2025-10-08,Plantains (apem),Wholesale,9.83,GHS,MoFA SRID
Nana Bosomah,Bono,Sunyani Municipal,2025-10-08,Plantains (apentu),Retail,12.25,GHS,MoFA SRID
Nana Bosomah,Bono,Sunyani Municipal,2025-10-08,Plantains (apentu),Wholesale,9.83,GHS,MoFA SRID
Nana Bosomah,Bono,Sunyani Municipal,2025-10-08,Rice (imported),Retail,17.66,GHS,MoFA SRID
Nana Bosomah,Bono,Sunyani Municipal,2025-10-08,Rice (imported),Wholesale,15.0,GHS,MoFA SRID
Nana Bosomah,Bono,Sunyani Municipal,2025-10-08,Rice (local),Retail,11.66,GHS,MoFA SRID
Nana Bosomah,Bono,Sunyani Municipal,2025-10-08,Rice (local),Wholesale,9.34,GHS,MoFA SRID
Nana Bosomah,Bono,Sunyani Municipal,2025-10-08,Sorghum,Retail,12.0,GHS,MoFA SRID
Nana Bosomah,Bono,Sunyani Municipal,2025-10-08,Soybeans,Retail,12.5,GHS,MoFA SRID
Nana Bosomah,Bono,Sunyani Municipal,2025-10-08,Tomatoes (navrongo),Retail,24.84,GHS,MoFA SRID
Nana Bosomah,Bono,Sunyani Municipal,2025-10-08,Yam,Retail,8.25,GHS,MoFA SRID
Nana Bosomah,Bono,Sunyani Municipal,2025-10-08,Yam (puna),Retail,10.21,GHS,MoFA SRID
Techiman,Bono East,Techiman Municipal,2025-10-08,Cassava,Retail,2.1,GHS,MoFA SRID
Techiman,Bono East,Techiman Municipal,2025-10-08,Cowpeas (white),Retail,18.52,GHS,MoFA SRID
Techiman,Bono East,Techiman Municipal,2025-10-08,Eggplants,Retail,9.72,GHS,MoFA SRID
Techiman,Bono East,Techiman Municipal,2025-10-08,Eggs,Retail,59.33,GHS,MoFA SRID
Techiman,Bono East,Techiman Municipal,2025-10-08,Gari,Retail,10.67,GHS,MoFA SRID
Techiman,Bono East,Techiman Municipal,2025-10-08,Maize,Retail,4.88,GHS,MoFA SRID
Techiman,Bono East,Techiman Municipal,2025-10-08,Maize (yellow),Retail,5.49,GHS,MoFA SRID
Techiman,Bono East,Techiman Municipal,2025-10-08,Meat (chicken),Retail,44.67,GHS,MoFA SRID
Techiman,Bono East,Techiman Municipal,2025-10-08,Millet,Retail,12.33,GHS,MoFA SRID
Techiman,Bono East,Techiman Municipal,2025-10-08,Onions,Retail,10.07,GHS,MoFA SRID
Techiman,Bono East,Techiman Municipal,2025-10-08,Peppers (dried),Retail,118.06,GHS,MoFA SRID
Techiman,Bono East,Techiman Municipal,2025-10-08,Peppers (fresh),Retail,14.0,GHS,MoFA SRID
Techiman,Bono East,Techiman Municipal,2025-10-08,Plantains (apem),Retail,11.67,GHS,MoFA SRID
Techiman,Bono East,Techiman Municipal,2025-10-08,Plantains (apentu),Retail,9.51,GHS,MoFA SRID
Techiman,Bono East,Techiman Municipal,2025-10-08,Rice (imported),Retail,20.01,GHS,MoFA SRID
Techiman,Bono East,Techiman Municipal,2025-10-08,Rice (local),Retail,11.41,GHS,MoFA SRID
Techiman,Bono East,Techiman Municipal,2025-10-08,Sorghum,Retail,9.38,GHS,MoFA SRID
Techiman,Bono East,Techiman Municipal,2025-10-08,Soybeans,Retail,9.51,GHS,MoFA SRID
Techiman,Bono East,Techiman Municipal,2025-10-08,Tomatoes (navrongo),Retail,27.78,GHS,MoFA SRID
Techiman,Bono East,Techiman Municipal,2025-10-08,Yam,Retail,7.91,GHS,MoFA SRID
Techiman,Bono East,Techiman Municipal,2025-10-08,Yam (puna),Retail,11.64,GHS,MoFA SRID
Goaso,Ahafo,Asunafo North Municipal,2025-10-09,Cowpeas (white),Retail,13.33,GHS,MoFA SRID
Goaso,Ahafo,Asunafo North Municipal,2025-10-09,Cowpeas (white),Wholesale,14.88,GHS,MoFA SRID
Goaso,Ahafo,Asunafo North Municipal,2025-10-09,Eggs,Retail,51.67,GHS,MoFA SRID
Goaso,Ahafo,Asunafo North Municipal,2025-10-09,Eggs,Wholesale,51.67,GHS,MoFA SRID
Goaso,Ahafo,Asunafo North Municipal,2025-10-09,Gari,Retail,11.67,GHS,MoFA SRID
Goaso,Ahafo,Asunafo North Municipal,2025-10-09,Gari,Wholesale,12.5,GHS,MoFA SRID
Goaso,Ahafo,Asunafo North Municipal,2025-10-09,Maize,Retail,6.46,GHS,MoFA SRID
Goaso,Ahafo,Asunafo North Municipal,2025-10-09,Maize,Wholesale,5.29,GHS,MoFA SRID
Goaso,Ahafo,Asunafo North Municipal,2025-10-09,Maize (yellow),Retail,6.6,GHS,MoFA SRID
Goaso,Ahafo,Asunafo North Municipal,2025-10-09,Maize (yellow),Wholesale,5.25,GHS,MoFA SRID
Goaso,Ahafo,Asunafo North Municipal,2025-10-09,Millet,Retail,14.83,GHS,MoFA SRID
Goaso,Ahafo,Asunafo North Municipal,2025-10-09,Millet,Wholesale,12.51,GHS,MoFA SRID
Goaso,Ahafo,Asunafo North Municipal,2025-10-09,Plantains (apentu),Retail,8.37,GHS,MoFA SRID
Goaso,Ahafo,Asunafo North Municipal,2025-10-09,Rice (local),Retail,14.5,GHS,MoFA SRID
Goaso,Ahafo,Asunafo North Municipal,2025-10-09,Sorghum,Retail,14.0,GHS,MoFA SRID
Goaso,Ahafo,Asunafo North Municipal,2025-10-09,Sorghum,Wholesale,10.28,GHS,MoFA SRID
Goaso,Ahafo,Asunafo North Municipal,2025-10-09,Yam (puna),Retail,9.28,GHS,MoFA SRID
Bibiani,Western North,Bibiani Anhwiaso Bekwai Municipal,2025-10-10,Cowpeas (white),Wholesale,21.88,GHS,MoFA SRID
Bibiani,Western North,Bibiani Anhwiaso Bekwai Municipal,2025-10-10,Eggplants,Wholesale,14.64,GHS,MoFA SRID
Bibiani,Western North,Bibiani Anhwiaso Bekwai Municipal,2025-10-10,Eggs,Wholesale,52.67,GHS,MoFA SRID
Bibiani,Western North,Bibiani Anhwiaso Bekwai Municipal,2025-10-10,Gari,Wholesale,10.55,GHS,MoFA SRID
Bibiani,Western North,Bibiani Anhwiaso Bekwai Municipal,2025-10-10,Maize,Wholesale,7.01,GHS,MoFA SRID
Bibiani,Western North,Bibiani Anhwiaso Bekwai Municipal,2025-10-10,Maize (yellow),Wholesale,7.44,GHS,MoFA SRID
Bibiani,Western North,Bibiani Anhwiaso Bekwai Municipal,2025-10-10,Millet,Wholesale,19.33,GHS,MoFA SRID
Bibiani,Western North,Bibiani Anhwiaso Bekwai Municipal,2025-10-10,Onions,Wholesale,30.54,GHS,MoFA SRID
Bibiani,Western North,Bibiani Anhwiaso Bekwai Municipal,2025-10-10,Peppers (dried),Wholesale,22.34,GHS,MoFA SRID
Bibiani,Western North,Bibiani Anhwiaso Bekwai Municipal,2025-10-10,Peppers (fresh),Wholesale,41.31,GHS,MoFA SRID
Bibiani,Western North,Bibiani Anhwiaso Bekwai Municipal,2025-10-10,Plantains (apentu),Wholesale,11.01,GHS,MoFA SRID
Bibiani,Western North,Bibiani Anhwiaso Bekwai Municipal,2025-10-10,Rice (imported),Wholesale,16.76,GHS,MoFA SRID
Bibiani,Western North,Bibiani Anhwiaso Bekwai Municipal,2025-10-10,Rice (local),Wholesale,14.84,GHS,MoFA SRID
Bibiani,Western North,Bibiani Anhwiaso Bekwai Municipal,2025-10-10,Soybeans,Wholesale,14.8,GHS,MoFA SRID
Bibiani,Western North,Bibiani Anhwiaso Bekwai Municipal,2025-10-10,Tomatoes (local),Wholesale,18.91,GHS,MoFA SRID
Bibiani,Western North,Bibiani Anhwiaso Bekwai Municipal,2025-10-10,Tomatoes (navrongo),Wholesale,28.82,GHS,MoFA SRID
Garu,Upper East,Garu,2025-10-10,Cowpeas (white),Retail,18.42,GHS,MoFA SRID
Garu,Upper East,Garu,2025-10-10,Maize,Retail,3.24,GHS,MoFA SRID
Garu,Upper East,Garu,2025-10-10,Maize (yellow),Retail,3.24,GHS,MoFA SRID
Garu,Upper East,Garu,2025-10-10,Millet,Retail,6.88,GHS,MoFA SRID
Garu,Upper East,Garu,2025-10-10,Onions,Retail,20.0,GHS,MoFA SRID
Garu,Upper East,Garu,2025-10-10,Peppers (dried),Retail,48.0,GHS,MoFA SRID
Garu,Upper East,Garu,2025-10-10,Peppers (fresh),Retail,40.0,GHS,MoFA SRID
Garu,Upper East,Garu,2025-10-10,Rice (local),Retail,8.04,GHS,MoFA SRID
Garu,Upper East,Garu,2025-10-10,Sorghum,Retail,6.7,GHS,MoFA SRID
Garu,Upper East,Garu,2025-10-10,Soybeans,Retail,5.41,GHS,MoFA SRID
Koforidua,Eastern,New Juaben South Municipal,2025-10-10,Cowpeas (white),Wholesale,25.83,GHS,MoFA SRID
Koforidua,Eastern,New Juaben South Municipal,2025-10-10,Eggplants,Retail,7.66,GHS,MoFA SRID
Koforidua,Eastern,New Juaben South Municipal,2025-10-10,Eggplants,Wholesale,6.67,GHS,MoFA SRID
Koforidua,Eastern,New Juaben South Municipal,2025-10-10,Peppers (fresh),Retail,11.57,GHS,MoFA SRID
Koforidua,Eastern,New Juaben South Municipal,2025-10-10,Peppers (fresh),Wholesale,10.25,GHS,MoFA SRID
Koforidua,Eastern,New Juaben South Municipal,2025-10-10,Plantains (apem),Retail,10.38,GHS,MoFA SRID
Koforidua,Eastern,New Juaben South Municipal,2025-10-10,Plantains (apem),Wholesale,11.21,GHS,MoFA SRID
Koforidua,Eastern,New Juaben South Municipal,2025-10-10,Plantains (apentu),Retail,14.33,GHS,MoFA SRID
Koforidua,Eastern,New Juaben South Municipal,2025-10-10,Plantains (apentu),Wholesale,10.72,GHS,MoFA SRID
Koforidua,Eastern,New Juaben South Municipal,2025-10-10,Rice (imported),Retail,16.4,GHS,MoFA SRID
Koforidua,Eastern,New Juaben South Municipal,2025-10-10,Rice (imported),Wholesale,16.0,GHS,MoFA SRID
Koforidua,Eastern,New Juaben South Municipal,2025-10-10,Tomatoes (local),Retail,9.14,GHS,MoFA SRID
Koforidua,Eastern,New Juaben South Municipal,2025-10-10,Tomatoes (navrongo),Wholesale,9.8,GHS,MoFA SRID
Koforidua,Eastern,New Juaben South Municipal,2025-10-10,Yam,Retail,6.76,GHS,MoFA SRID
Koforidua,Eastern,New Juaben South Municipal,2025-10-10,Yam (puna),Retail,21.93,GHS,MoFA SRID
Koforidua,Eastern,New Juaben South Municipal,2025-10-10,Yam (puna),Wholesale,12.38,GHS,MoFA SRID
Techiman,Bono East,Techiman Municipal,2025-10-10,Cassava,Wholesale,1.61,GHS,MoFA SRID
Techiman,Bono East,Techiman Municipal,2025-10-10,Cowpeas (white),Wholesale,17.44,GHS,MoFA SRID
Techiman,Bono East,Techiman Municipal,2025-10-10,Eggplants,Wholesale,8.12,GHS,MoFA SRID
Techiman,Bono East,Techiman Municipal,2025-10-10,Eggs,Wholesale,54.33,GHS,MoFA SRID
Techiman,Bono East,Techiman Municipal,2025-10-10,Gari,Wholesale,8.86,GHS,MoFA SRID
Techiman,Bono East,Techiman Municipal,2025-10-10,Maize,Wholesale,4.23,GHS,MoFA SRID
Techiman,Bono East,Techiman Municipal,2025-10-10,Maize (yellow),Wholesale,5.0,GHS,MoFA SRID
Techiman,Bono East,Techiman Municipal,2025-10-10,Meat (chicken),Wholesale,39.67,GHS,MoFA SRID
Techiman,Bono East,Techiman Municipal,2025-10-10,Millet,Wholesale,11.07,GHS,MoFA SRID
Techiman,Bono East,Techiman Municipal,2025-10-10,Onions,Wholesale,9.55,GHS,MoFA SRID
Techiman,Bono East,Techiman Municipal,2025-10-10,Peppers (dried),Wholesale,110.28,GHS,MoFA SRID
Techiman,Bono East,Techiman Municipal,2025-10-10,Peppers (fresh),Wholesale,13.02,GHS,MoFA SRID
Techiman,Bono East,Techiman Municipal,2025-10-10,Plantains (apem),Wholesale,9.4,GHS,MoFA SRID
Techiman,Bono East,Techiman Municipal,2025-10-10,Plantains (apentu),Wholesale,7.55,GHS,MoFA SRID
Techiman,Bono East,Techiman Municipal,2025-10-10,Rice (imported),Wholesale,16.01,GHS,MoFA SRID
Techiman,Bono East,Techiman Municipal,2025-10-10,Rice (local),Wholesale,10.49,GHS,MoFA SRID
Techiman,Bono East,Techiman Municipal,2025-10-10,Sorghum,Wholesale,8.29,GHS,MoFA SRID
Techiman,Bono East,Techiman Municipal,2025-10-10,Soybeans,Wholesale,8.4,GHS,MoFA SRID
Techiman,Bono East,Techiman Municipal,2025-10-10,Tomatoes (navrongo),Wholesale,25.46,GHS,MoFA SRID
Techiman,Bono East,Techiman Municipal,2025-10-10,Yam,Wholesale,6.33,GHS,MoFA SRID
Techiman,Bono East,Techiman Municipal,2025-10-10,Yam (puna),Wholesale,9.3,GHS,MoFA SRID
Bamboi,Savannah,Bole,2025-10-11,Cowpeas (white),Retail,16.34,GHS,MoFA SRID
Bamboi,Savannah,Bole,2025-10-11,Eggplants,Retail,14.82,GHS,MoFA SRID
Bamboi,Savannah,Bole,2025-10-11,Eggs,Retail,52.5,GHS,MoFA SRID
Bamboi,Savannah,Bole,2025-10-11,Gari,Retail,13.89,GHS,MoFA SRID
Bamboi,Savannah,Bole,2025-10-11,Maize,Retail,6.06,GHS,MoFA SRID
Bamboi,Savannah,Bole,2025-10-11,Maize (yellow),Retail,6.0,GHS,MoFA SRID
Bamboi,Savannah,Bole,2025-10-11,Millet,Retail,14.58,GHS,MoFA SRID
Bamboi,Savannah,Bole,2025-10-11,Onions,Retail,9.69,GHS,MoFA SRID
Bamboi,Savannah,Bole,2025-10-11,Peppers (dried),Retail,11.88,GHS,MoFA SRID
Bamboi,Savannah,Bole,2025-10-11,Peppers (fresh),Retail,11.25,GHS,MoFA SRID
Bamboi,Savannah,Bole,2025-10-11,Rice (imported),Retail,18.75,GHS,MoFA SRID
Bamboi,Savannah,Bole,2025-10-11,Rice (local),Retail,13.54,GHS,MoFA SRID
Bamboi,Savannah,Bole,2025-10-11,Sorghum,Retail,10.42,GHS,MoFA SRID
Bamboi,Savannah,Bole,2025-10-11,Soybeans,Retail,12.0,GHS,MoFA SRID
Bamboi,Savannah,Bole,2025-10-11,Tomatoes (local),Retail,8.14,GHS,MoFA SRID
Bamboi,Savannah,Bole,2025-10-11,Yam,Retail,15.68,GHS,MoFA SRID
Bamboi,Savannah,Bole,2025-10-11,Yam (puna),Retail,15.3,GHS,MoFA SRID
Tema Community One Main Market,Greater Accra,TMA-Tema East,2025-10-11,Cowpeas (white),Wholesale,18.06,GHS,MoFA SRID
Tema Community One Main Market,Greater Accra,TMA-Tema East,2025-10-11,Eggplants,Wholesale,32.32,GHS,MoFA SRID
Tema Community One Main Market,Greater Accra,TMA-Tema East,2025-10-11,Eggs,Wholesale,68.33,GHS,MoFA SRID
Tema Community One Main Market,Greater Accra,TMA-Tema East,2025-10-11,Gari,Wholesale,25.76,GHS,MoFA SRID
Tema Community One Main Market,Greater Accra,TMA-Tema East,2025-10-11,Maize,Wholesale,8.33,GHS,MoFA SRID
Tema Community One Main Market,Greater Accra,TMA-Tema East,2025-10-11,Maize (yellow),Wholesale,9.0,GHS,MoFA SRID
Tema Community One Main Market,Greater Accra,TMA-Tema East,2025-10-11,Millet,Wholesale,16.67,GHS,MoFA SRID
Tema Community One Main Market,Greater Accra,TMA-Tema East,2025-10-11,Onions,Wholesale,23.31,GHS,MoFA SRID
Tema Community One Main Market,Greater Accra,TMA-Tema East,2025-10-11,Peppers (dried),Wholesale,60.0,GHS,MoFA SRID
Tema Community One Main Market,Greater Accra,TMA-Tema East,2025-10-11,Peppers (fresh),Wholesale,38.67,GHS,MoFA SRID
Tema Community One Main Market,Greater Accra,TMA-Tema East,2025-10-11,Plantains (apem),Wholesale,47.16,GHS,MoFA SRID
Tema Community One Main Market,Greater Accra,TMA-Tema East,2025-10-11,Plantains (apentu),Wholesale,28.58,GHS,MoFA SRID
Tema Community One Main Market,Greater Accra,TMA-Tema East,2025-10-11,Rice (imported),Wholesale,27.67,GHS,MoFA SRID
Tema Community One Main Market,Greater Accra,TMA-Tema East,2025-10-11,Rice (local),Wholesale,26.37,GHS,MoFA SRID
Tema Community One Main Market,Greater Accra,TMA-Tema East,2025-10-11,Sorghum,Wholesale,15.97,GHS,MoFA SRID
Tema Community One Main Market,Greater Accra,TMA-Tema East,2025-10-11,Soybeans,Wholesale,16.67,GHS,MoFA SRID
Tema Community One Main Market,Greater Accra,TMA-Tema East,2025-10-11,Tomatoes (navrongo),Wholesale,26.74,GHS,MoFA SRID
Tema Community One Main Market,Greater Accra,TMA-Tema East,2025-10-11,Yam (puna),Wholesale,25.66,GHS,MoFA SRID
Garu,Upper East,Garu,2025-10-12,Cowpeas (white),Retail,12.29,GHS,MoFA SRID
Garu,Upper East,Garu,2025-10-12,Maize,Retail,2.7,GHS,MoFA SRID
Garu,Upper East,Garu,2025-10-12,Maize (yellow),Retail,3.21,GHS,MoFA SRID
Garu,Upper East,Garu,2025-10-12,Millet,Retail,4.69,GHS,MoFA SRID
Garu,Upper East,Garu,2025-10-12,Sorghum,Retail,5.41,GHS,MoFA SRID
Garu,Upper East,Garu,2025-10-12,Soybeans,Retail,5.51,GHS,MoFA SRID
Kintampo,Bono East,Kintampo North Municipal,2025-10-13,Cowpeas (white),Retail,12.85,GHS,MoFA SRID
Kintampo,Bono East,Kintampo North Municipal,2025-10-13,Cowpeas (white),Wholesale,10.83,GHS,MoFA SRID
Kintampo,Bono East,Kintampo North Municipal,2025-10-13,Eggplants,Wholesale,9.2,GHS,MoFA SRID
Kintampo,Bono East,Kintampo North Municipal,2025-10-13,Gari,Retail,9.39,GHS,MoFA SRID
Kintampo,Bono East,Kintampo North Municipal,2025-10-13,Gari,Wholesale,8.33,GHS,MoFA SRID
Kintampo,Bono East,Kintampo North Municipal,2025-10-13,Maize,Retail,4.34,GHS,MoFA SRID
Kintampo,Bono East,Kintampo North Municipal,2025-10-13,Maize,Wholesale,3.87,GHS,MoFA SRID
Kintampo,Bono East,Kintampo North Municipal,2025-10-13,Maize (yellow),Retail,4.31,GHS,MoFA SRID
Kintampo,Bono East,Kintampo North Municipal,2025-10-13,Maize (yellow),Wholesale,3.86,GHS,MoFA SRID
Kintampo,Bono East,Kintampo North Municipal,2025-10-13,Millet,Retail,11.69,GHS,MoFA SRID
Kintampo,Bono East,Kintampo North Municipal,2025-10-13,Millet,Wholesale,9.72,GHS,MoFA SRID
Kintampo,Bono East,Kintampo North Municipal,2025-10-13,Onions,Wholesale,11.89,GHS,MoFA SRID
Kintampo,Bono East,Kintampo North Municipal,2025-10-13,Peppers (fresh),Wholesale,17.68,GHS,MoFA SRID
Kintampo,Bono East,Kintampo North Municipal,2025-10-13,Plantains (apem),Retail,12.31,GHS,MoFA SRID
Kintampo,Bono East,Kintampo North Municipal,2025-10-13,Plantains (apentu),Retail,12.28,GHS,MoFA SRID
Kintampo,Bono East,Kintampo North Municipal,2025-10-13,Rice (local),Retail,12.36,GHS,MoFA SRID
Kintampo,Bono East,Kintampo North Municipal,2025-10-13,Sorghum,Retail,9.67,GHS,MoFA SRID
Kintampo,Bono East,Kintampo North Municipal,2025-10-13,Sorghum,Wholesale,7.5,GHS,MoFA SRID
Kintampo,Bono East,Kintampo North Municipal,2025-10-13,Soybeans,Retail,10.35,GHS,MoFA SRID
Kintampo,Bono East,Kintampo North Municipal,2025-10-13,Soybeans,Wholesale,6.67,GHS,MoFA SRID
Kintampo,Bono East,Kintampo North Municipal,2025-10-13,Tomatoes (navrongo),Wholesale,15.02,GHS,MoFA SRID
Nkwanta,Oti,Nkwanta South Municipal,2025-10-13,Cassava,Retail,4.85,GHS,MoFA SRID
Nkwanta,Oti,Nkwanta South Municipal,2025-10-13,Cowpeas (white),Retail,19.99,GHS,MoFA SRID
Nkwanta,Oti,Nkwanta South Municipal,2025-10-13,Eggplants,Retail,14.29,GHS,MoFA SRID
Nkwanta,Oti,Nkwanta South Municipal,2025-10-13,Eggs,Retail,70.0,GHS,MoFA SRID
Nkwanta,Oti,Nkwanta South Municipal,2025-10-13,Gari,Retail,10.28,GHS,MoFA SRID
Nkwanta,Oti,Nkwanta South Municipal,2025-10-13,Maize,Retail,5.8,GHS,MoFA SRID
Nkwanta,Oti,Nkwanta South Municipal,2025-10-13,Maize,Wholesale,4.33,GHS,MoFA SRID
Nkwanta,Oti,Nkwanta South Municipal,2025-10-13,Maize (yellow),Retail,8.0,GHS,MoFA SRID
Nkwanta,Oti,Nkwanta South Municipal,2025-10-13,Meat (chicken),Retail,46.67,GHS,MoFA SRID
Nkwanta,Oti,Nkwanta South Municipal,2025-10-13,Millet,Retail,12.1,GHS,MoFA SRID
Nkwanta,Oti,Nkwanta South Municipal,2025-10-13,Onions,Retail,17.5,GHS,MoFA SRID
Nkwanta,Oti,Nkwanta South Municipal,2025-10-13,Peppers (dried),Retail,80.0,GHS,MoFA SRID
Nkwanta,Oti,Nkwanta South Municipal,2025-10-13,Peppers (fresh),Retail,25.0,GHS,MoFA SRID
Nkwanta,Oti,Nkwanta South Municipal,2025-10-13,Plantains (apem),Retail,5.88,GHS,MoFA SRID
Nkwanta,Oti,Nkwanta South Municipal,2025-10-13,Plantains (apentu),Retail,11.11,GHS,MoFA SRID
Nkwanta,Oti,Nkwanta South Municipal,2025-10-13,Rice (imported),Retail,18.95,GHS,MoFA SRID
Nkwanta,Oti,Nkwanta South Municipal,2025-10-13,Rice (local),Retail,10.58,GHS,MoFA SRID
Nkwanta,Oti,Nkwanta South Municipal,2025-10-13,Sorghum,Retail,9.05,GHS,MoFA SRID
Nkwanta,Oti,Nkwanta South Municipal,2025-10-13,Soybeans,Retail,9.57,GHS,MoFA SRID
Nkwanta,Oti,Nkwanta South Municipal,2025-10-13,Tomatoes (local),Retail,10.0,GHS,MoFA SRID
Nkwanta,Oti,Nkwanta South Municipal,2025-10-13,Tomatoes (navrongo),Retail,20.0,GHS,MoFA SRID
Nkwanta,Oti,Nkwanta South Municipal,2025-10-13,Yam,Retail,6.79,GHS,MoFA SRID
Nkwanta,Oti,Nkwanta South Municipal,2025-10-13,Yam (puna),Retail,10.61,GHS,MoFA SRID
Mankessim,Central,Mfantsiman Municipal,2025-10-15,Cassava,Retail,5.86,GHS,MoFA SRID
Mankessim,Central,Mfantsiman Municipal,2025-10-15,Cowpeas (white),Retail,28.24,GHS,MoFA SRID
Mankessim,Central,Mfantsiman Municipal,2025-10-15,Eggplants,Retail,12.74,GHS,MoFA SRID
Mankessim,Central,Mfantsiman Municipal,2025-10-15,Eggs,Retail,56.67,GHS,MoFA SRID
Mankessim,Central,Mfantsiman Municipal,2025-10-15,Gari,Retail,13.58,GHS,MoFA SRID
Mankessim,Central,Mfantsiman Municipal,2025-10-15,Maize,Retail,4.74,GHS,MoFA SRID
Mankessim,Central,Mfantsiman Municipal,2025-10-15,Maize (yellow),Retail,5.54,GHS,MoFA SRID
Mankessim,Central,Mfantsiman Municipal,2025-10-15,Meat (chicken),Retail,42.0,GHS,MoFA SRID
Mankessim,Central,Mfantsiman Municipal,2025-10-15,Millet,Retail,21.1,GHS,MoFA SRID
Mankessim,Central,Mfantsiman Municipal,2025-10-15,Onions,Retail,12.63,GHS,MoFA SRID
Mankessim,Central,Mfantsiman Municipal,2025-10-15,Peppers (dried),Retail,100.32,GHS,MoFA SRID
Mankessim,Central,Mfantsiman Municipal,2025-10-15,Peppers (fresh),Retail,38.61,GHS,MoFA SRID
Mankessim,Central,Mfantsiman Municipal,2025-10-15,Plantains (apem),Retail,11.55,GHS,MoFA SRID
Mankessim,Central,Mfantsiman Municipal,2025-10-15,Plantains (apentu),Retail,6.98,GHS,MoFA SRID
Mankessim,Central,Mfantsiman Municipal,2025-10-15,Rice (imported),Retail,16.02,GHS,MoFA SRID
Mankessim,Central,Mfantsiman Municipal,2025-10-15,Rice (local),Retail,18.07,GHS,MoFA SRID
Mankessim,Central,Mfantsiman Municipal,2025-10-15,Soybeans,Retail,20.41,GHS,MoFA SRID
Mankessim,Central,Mfantsiman Municipal,2025-10-15,Tomatoes (local),Retail,11.15,GHS,MoFA SRID
Mankessim,Central,Mfantsiman Municipal,2025-10-15,Tomatoes (navrongo),Retail,22.94,GHS,MoFA SRID
Mankessim,Central,Mfantsiman Municipal,2025-10-15,Yam (puna),Retail,9.32,GHS,MoFA SRID
Techiman,Bono East,Techiman Municipal,2025-10-15,Cassava,Retail,2.29,GHS,MoFA SRID
Techiman,Bono East,Techiman Municipal,2025-10-15,Cassava,Wholesale,1.62,GHS,MoFA SRID
Techiman,Bono East,Techiman Municipal,2025-10-15,Cowpeas (white),Retail,18.52,GHS,MoFA SRID
Techiman,Bono East,Techiman Municipal,2025-10-15,Cowpeas (white),Wholesale,17.14,GHS,MoFA SRID
Techiman,Bono East,Techiman Municipal,2025-10-15,Eggplants,Retail,8.89,GHS,MoFA SRID
Techiman,Bono East,Techiman Municipal,2025-10-15,Eggplants,Wholesale,7.64,GHS,MoFA SRID
Techiman,Bono East,Techiman Municipal,2025-10-15,Eggs,Retail,59.33,GHS,MoFA SRID
Techiman,Bono East,Techiman Municipal,2025-10-15,Eggs,Wholesale,53.0,GHS,MoFA SRID
Techiman,Bono East,Techiman Municipal,2025-10-15,Gari,Retail,10.5,GHS,MoFA SRID
Techiman,Bono East,Techiman Municipal,2025-10-15,Gari,Wholesale,9.0,GHS,MoFA SRID
Techiman,Bono East,Techiman Municipal,2025-10-15,Maize,Retail,4.69,GHS,MoFA SRID
Techiman,Bono East,Techiman Municipal,2025-10-15,Maize,Wholesale,4.23,GHS,MoFA SRID
Techiman,Bono East,Techiman Municipal,2025-10-15,Maize (yellow),Retail,5.49,GHS,MoFA SRID
Techiman,Bono East,Techiman Municipal,2025-10-15,Maize (yellow),Wholesale,5.0,GHS,MoFA SRID
Techiman,Bono East,Techiman Municipal,2025-10-15,Meat (chicken),Retail,43.0,GHS,MoFA SRID
Techiman,Bono East,Techiman Municipal,2025-10-15,Meat (chicken),Wholesale,39.67,GHS,MoFA SRID
Techiman,Bono East,Techiman Municipal,2025-10-15,Millet,Retail,12.17,GHS,MoFA SRID
Techiman,Bono East,Techiman Municipal,2025-10-15,Millet,Wholesale,11.2,GHS,MoFA SRID
Techiman,Bono East,Techiman Municipal,2025-10-15,Onions,Retail,7.1,GHS,MoFA SRID
Techiman,Bono East,Techiman Municipal,2025-10-15,Peppers (dried),Retail,123.33,GHS,MoFA SRID
Techiman,Bono East,Techiman Municipal,2025-10-15,Peppers (dried),Wholesale,118.89,GHS,MoFA SRID
Techiman,Bono East,Techiman Municipal,2025-10-15,Peppers (fresh),Retail,15.74,GHS,MoFA SRID
Techiman,Bono East,Techiman Municipal,2025-10-15,Peppers (fresh),Wholesale,48.28,GHS,MoFA SRID
Techiman,Bono East,Techiman Municipal,2025-10-15,Plantains (apem),Retail,11.43,GHS,MoFA SRID
Techiman,Bono East,Techiman Municipal,2025-10-15,Plantains (apem),Wholesale,9.82,GHS,MoFA SRID
Techiman,Bono East,Techiman Municipal,2025-10-15,Plantains (apentu),Retail,9.97,GHS,MoFA SRID
Techiman,Bono East,Techiman Municipal,2025-10-15,Plantains (apentu),Wholesale,8.42,GHS,MoFA SRID
Techiman,Bono East,Techiman Municipal,2025-10-15,Rice (imported),Retail,18.04,GHS,MoFA SRID
Techiman,Bono East,Techiman Municipal,2025-10-15,Rice (imported),Wholesale,14.31,GHS,MoFA SRID
Techiman,Bono East,Techiman Municipal,2025-10-15,Rice (local),Retail,11.25,GHS,MoFA SRID
Techiman,Bono East,Techiman Municipal,2025-10-15,Rice (local),Wholesale,10.32,GHS,MoFA SRID
Techiman,Bono East,Techiman Municipal,2025-10-15,Sorghum,Retail,9.38,GHS,MoFA SRID
Techiman,Bono East,Techiman Municipal,2025-10-15,Sorghum,Wholesale,8.52,GHS,MoFA SRID
Techiman,Bono East,Techiman Municipal,2025-10-15,Soybeans,Retail,9.38,GHS,MoFA SRID
Techiman,Bono East,Techiman Municipal,2025-10-15,Soybeans,Wholesale,8.27,GHS,MoFA SRID
Techiman,Bono East,Techiman Municipal,2025-10-15,Tomatoes (navrongo),Retail,27.42,GHS,MoFA SRID
Techiman,Bono East,Techiman Municipal,2025-10-15,Tomatoes (navrongo),Wholesale,25.97,GHS,MoFA SRID
Techiman,Bono East,Techiman Municipal,2025-10-15,Yam,Retail,8.23,GHS,MoFA SRID
Techiman,Bono East,Techiman Municipal,2025-10-15,Yam,Wholesale,6.98,GHS,MoFA SRID
Techiman,Bono East,Techiman Municipal,2025-10-15,Yam (puna),Retail,12.18,GHS,MoFA SRID
Techiman,Bono East,Techiman Municipal,2025-10-15,Yam (puna),Wholesale,9.5,GHS,MoFA SRID
Tema Community One Main Market,Greater Accra,TMA-Tema East,2025-10-15,Cowpeas (white),Retail,23.33,GHS,MoFA SRID
Tema Community One Main Market,Greater Accra,TMA-Tema East,2025-10-15,Eggplants,Retail,50.0,GHS,MoFA SRID
Tema Community One Main Market,Greater Accra,TMA-Tema East,2025-10-15,Eggs,Retail,80.0,GHS,MoFA SRID
Tema Community One Main Market,Greater Accra,TMA-Tema East,2025-10-15,Gari,Retail,20.0,GHS,MoFA SRID
Tema Community One Main Market,Greater Accra,TMA-Tema East,2025-10-15,Maize,Retail,10.0,GHS,MoFA SRID
Tema Community One Main Market,Greater Accra,TMA-Tema East,2025-10-15,Maize (yellow),Retail,11.25,GHS,MoFA SRID
Tema Community One Main Market,Greater Accra,TMA-Tema East,2025-10-15,Meat (chicken),Retail,52.33,GHS,MoFA SRID
Tema Community One Main Market,Greater Accra,TMA-Tema East,2025-10-15,Millet,Retail,22.5,GHS,MoFA SRID
Tema Community One Main Market,Greater Accra,TMA-Tema East,2025-10-15,Onions,Retail,30.16,GHS,MoFA SRID
Tema Community One Main Market,Greater Accra,TMA-Tema East,2025-10-15,Peppers (dried),Retail,61.11,GHS,MoFA SRID
Tema Community One Main Market,Greater Accra,TMA-Tema East,2025-10-15,Peppers (fresh),Retail,43.33,GHS,MoFA SRID
Tema Community One Main Market,Greater Accra,TMA-Tema East,2025-10-15,Plantains (apem),Retail,62.5,GHS,MoFA SRID
Tema Community One Main Market,Greater Accra,TMA-Tema East,2025-10-15,Plantains (apentu),Retail,42.86,GHS,MoFA SRID
Tema Community One Main Market,Greater Accra,TMA-Tema East,2025-10-15,Rice (imported),Retail,26.44,GHS,MoFA SRID
Tema Community One Main Market,Greater Accra,TMA-Tema East,2025-10-15,Rice (local),Retail,23.39,GHS,MoFA SRID
Tema Community One Main Market,Greater Accra,TMA-Tema East,2025-10-15,Sorghum,Retail,22.5,GHS,MoFA SRID
Tema Community One Main Market,Greater Accra,TMA-Tema East,2025-10-15,Soybeans,Retail,20.0,GHS,MoFA SRID
Tema Community One Main Market,Greater Accra,TMA-Tema East,2025-10-15,Tomatoes (navrongo),Retail,33.33,GHS,MoFA SRID
Tema Community One Main Market,Greater Accra,TMA-Tema East,2025-10-15,Yam (puna),Retail,33.01,GHS,MoFA SRID
Wa,Upper West,Wa Municipal,2025-10-15,Cowpeas (white),Retail,21.74,GHS,MoFA SRID
Wa,Upper West,Wa Municipal,2025-10-15,Cowpeas (white),Wholesale,40.0,GHS,MoFA SRID
Wa,Upper West,Wa Municipal,2025-10-15,Eggplants,Retail,10.67,GHS,MoFA SRID
Wa,Upper West,Wa Municipal,2025-10-15,Eggs,Retail,91.67,GHS,MoFA SRID
Wa,Upper West,Wa Municipal,2025-10-15,Gari,Retail,12.5,GHS,MoFA SRID
Wa,Upper West,Wa Municipal,2025-10-15,Gari,Wholesale,20.0,GHS,MoFA SRID
Wa,Upper West,Wa Municipal,2025-10-15,Maize,Retail,4.88,GHS,MoFA SRID
Wa,Upper West,Wa Municipal,2025-10-15,Maize,Wholesale,11.2,GHS,MoFA SRID
Wa,Upper West,Wa Municipal,2025-10-15,Maize (yellow),Retail,5.12,GHS,MoFA SRID
Wa,Upper West,Wa Municipal,2025-10-15,Maize (yellow),Wholesale,11.47,GHS,MoFA SRID
Wa,Upper West,Wa Municipal,2025-10-15,Millet,Retail,10.45,GHS,MoFA SRID
Wa,Upper West,Wa Municipal,2025-10-15,Millet,Wholesale,24.53,GHS,MoFA SRID
Wa,Upper West,Wa Municipal,2025-10-15,Onions,Retail,15.28,GHS,MoFA SRID
Wa,Upper West,Wa Municipal,2025-10-15,Peppers (dried),Retail,61.54,GHS,MoFA SRID
Wa,Upper West,Wa Municipal,2025-10-15,Peppers (fresh),Retail,51.67,GHS,MoFA SRID
Wa,Upper West,Wa Municipal,2025-10-15,Rice (imported),Retail,14.66,GHS,MoFA SRID
Wa,Upper West,Wa Municipal,2025-10-15,Rice (imported),Wholesale,13.6,GHS,MoFA SRID
Wa,Upper West,Wa Municipal,2025-10-15,Rice (local),Retail,12.29,GHS,MoFA SRID
Wa,Upper West,Wa Municipal,2025-10-15,Rice (local),Wholesale,28.0,GHS,MoFA SRID
Wa,Upper West,Wa Municipal,2025-10-15,Sorghum,Retail,6.41,GHS,MoFA SRID
Wa,Upper West,Wa Municipal,2025-10-15,Sorghum,Wholesale,12.8,GHS,MoFA SRID
Wa,Upper West,Wa Municipal,2025-10-15,Soybeans,Retail,5.33,GHS,MoFA SRID
Wa,Upper West,Wa Municipal,2025-10-15,Soybeans,Wholesale,12.8,GHS,MoFA SRID
Wa,Upper West,Wa Municipal,2025-10-15,Tomatoes (local),Retail,9.44,GHS,MoFA SRID
Wa,Upper West,Wa Municipal,2025-10-15,Tomatoes (navrongo),Retail,11.67,GHS,MoFA SRID
Wa,Upper West,Wa Municipal,2025-10-15,Yam,Retail,10.38,GHS,MoFA SRID
Wa,Upper West,Wa Municipal,2025-10-15,Yam,Wholesale,2.95,GHS,MoFA SRID
Wa,Upper West,Wa Municipal,2025-10-15,Yam (puna),Retail,12.41,GHS,MoFA SRID
Wa,Upper West,Wa Municipal,2025-10-15,Yam (puna),Wholesale,5.27,GHS,MoFA SRID
Bibiani,Western North,Bibiani Anhwiaso Bekwai Municipal,2025-10-16,Cowpeas (white),Wholesale,21.41,GHS,MoFA SRID
Bibiani,Western North,Bibiani Anhwiaso Bekwai Municipal,2025-10-16,Eggplants,Wholesale,11.71,GHS,MoFA SRID
Bibiani,Western North,Bibiani Anhwiaso Bekwai Municipal,2025-10-16,Eggs,Wholesale,54.67,GHS,MoFA SRID
Bibiani,Western North,Bibiani Anhwiaso Bekwai Municipal,2025-10-16,Gari,Wholesale,9.86,GHS,MoFA SRID
Bibiani,Western North,Bibiani Anhwiaso Bekwai Municipal,2025-10-16,Maize,Wholesale,6.84,GHS,MoFA SRID
Bibiani,Western North,Bibiani Anhwiaso Bekwai Municipal,2025-10-16,Maize (yellow),Wholesale,7.42,GHS,MoFA SRID
Bibiani,Western North,Bibiani Anhwiaso Bekwai Municipal,2025-10-16,Meat (chicken),Wholesale,17.9,GHS,MoFA SRID
Bibiani,Western North,Bibiani Anhwiaso Bekwai Municipal,2025-10-16,Millet,Wholesale,19.33,GHS,MoFA SRID
Bibiani,Western North,Bibiani Anhwiaso Bekwai Municipal,2025-10-16,Onions,Wholesale,21.47,GHS,MoFA SRID
Bibiani,Western North,Bibiani Anhwiaso Bekwai Municipal,2025-10-16,Peppers (dried),Wholesale,20.16,GHS,MoFA SRID
Bibiani,Western North,Bibiani Anhwiaso Bekwai Municipal,2025-10-16,Peppers (fresh),Wholesale,24.03,GHS,MoFA SRID
Bibiani,Western North,Bibiani Anhwiaso Bekwai Municipal,2025-10-16,Rice (imported),Wholesale,15.0,GHS,MoFA SRID
Bibiani,Western North,Bibiani Anhwiaso Bekwai Municipal,2025-10-16,Rice (local),Wholesale,14.95,GHS,MoFA SRID
Bibiani,Western North,Bibiani Anhwiaso Bekwai Municipal,2025-10-16,Soybeans,Wholesale,15.31,GHS,MoFA SRID
Bibiani,Western North,Bibiani Anhwiaso Bekwai Municipal,2025-10-16,Tomatoes (local),Wholesale,9.55,GHS,MoFA SRID
Bibiani,Western North,Bibiani Anhwiaso Bekwai Municipal,2025-10-16,Tomatoes (navrongo),Wholesale,23.18,GHS,MoFA SRID
Bibiani,Western North,Bibiani Anhwiaso Bekwai Municipal,2025-10-16,Yam,Wholesale,9.15,GHS,MoFA SRID
Bibiani,Western North,Bibiani Anhwiaso Bekwai Municipal,2025-10-16,Yam (puna),Wholesale,10.65,GHS,MoFA SRID
Koforidua,Eastern,New Juaben South Municipal,2025-10-16,Eggplants,Retail,7.68,GHS,MoFA SRID
Koforidua,Eastern,New Juaben South Municipal,2025-10-16,Eggplants,Wholesale,7.86,GHS,MoFA SRID
Koforidua,Eastern,New Juaben South Municipal,2025-10-16,Eggs,Retail,68.33,GHS,MoFA SRID
Koforidua,Eastern,New Juaben South Municipal,2025-10-16,Eggs,Wholesale,58.33,GHS,MoFA SRID
Koforidua,Eastern,New Juaben South Municipal,2025-10-16,Onions,Retail,8.31,GHS,MoFA SRID
Koforidua,Eastern,New Juaben South Municipal,2025-10-16,Onions,Wholesale,10.09,GHS,MoFA SRID
Koforidua,Eastern,New Juaben South Municipal,2025-10-16,Peppers (fresh),Retail,8.73,GHS,MoFA SRID
Koforidua,Eastern,New Juaben South Municipal,2025-10-16,Peppers (fresh),Wholesale,16.5,GHS,MoFA SRID
Koforidua,Eastern,New Juaben South Municipal,2025-10-16,Rice (imported),Retail,15.0,GHS,MoFA SRID
Koforidua,Eastern,New Juaben South Municipal,2025-10-16,Tomatoes (local),Retail,8.33,GHS,MoFA SRID
Koforidua,Eastern,New Juaben South Municipal,2025-10-16,Tomatoes (navrongo),Wholesale,18.43,GHS,MoFA SRID
Koforidua,Eastern,New Juaben South Municipal,2025-10-16,Yam (puna),Retail,13.37,GHS,MoFA SRID
Bibiani,Western North,Bibiani Anhwiaso Bekwai Municipal,2025-10-17,Cassava,Retail,2.18,GHS,MoFA SRID
Bibiani,Western North,Bibiani Anhwiaso Bekwai Municipal,2025-10-17,Cowpeas (white),Retail,31.67,GHS,MoFA SRID
Bibiani,Western North,Bibiani Anhwiaso Bekwai Municipal,2025-10-17,Eggplants,Retail,15.86,GHS,MoFA SRID
Bibiani,Western North,Bibiani Anhwiaso Bekwai Municipal,2025-10-17,Eggs,Retail,60.67,GHS,MoFA SRID
Bibiani,Western North,Bibiani Anhwiaso Bekwai Municipal,2025-10-17,Gari,Retail,17.92,GHS,MoFA SRID
Bibiani,Western North,Bibiani Anhwiaso Bekwai Municipal,2025-10-17,Maize,Retail,7.14,GHS,MoFA SRID
Bibiani,Western North,Bibiani Anhwiaso Bekwai Municipal,2025-10-17,Maize (yellow),Retail,8.17,GHS,MoFA SRID
Bibiani,Western North,Bibiani Anhwiaso Bekwai Municipal,2025-10-17,Meat (chicken),Retail,35.42,GHS,MoFA SRID
Bibiani,Western North,Bibiani Anhwiaso Bekwai Municipal,2025-10-17,Millet,Retail,14.31,GHS,MoFA SRID
Bibiani,Western North,Bibiani Anhwiaso Bekwai Municipal,2025-10-17,Onions,Retail,29.13,GHS,MoFA SRID
Bibiani,Western North,Bibiani Anhwiaso Bekwai Municipal,2025-10-17,Peppers (dried),Retail,30.0,GHS,MoFA SRID
Bibiani,Western North,Bibiani Anhwiaso Bekwai Municipal,2025-10-17,Peppers (fresh),Retail,16.76,GHS,MoFA SRID
Bibiani,Western North,Bibiani Anhwiaso Bekwai Municipal,2025-10-17,Plantains (apem),Retail,9.75,GHS,MoFA SRID
Bibiani,Western North,Bibiani Anhwiaso Bekwai Municipal,2025-10-17,Plantains (apentu),Retail,10.07,GHS,MoFA SRID
Bibiani,Western North,Bibiani Anhwiaso Bekwai Municipal,2025-10-17,Rice (imported),Retail,28.4,GHS,MoFA SRID
Bibiani,Western North,Bibiani Anhwiaso Bekwai Municipal,2025-10-17,Rice (local),Retail,28.94,GHS,MoFA SRID
Bibiani,Western North,Bibiani Anhwiaso Bekwai Municipal,2025-10-17,Soybeans,Retail,27.78,GHS,MoFA SRID
Bibiani,Western North,Bibiani Anhwiaso Bekwai Municipal,2025-10-17,Tomatoes (local),Retail,29.13,GHS,MoFA SRID
Bibiani,Western North,Bibiani Anhwiaso Bekwai Municipal,2025-10-17,Yam,Retail,11.38,GHS,MoFA SRID
Bibiani,Western North,Bibiani Anhwiaso Bekwai Municipal,2025-10-17,Yam (puna),Retail,9.05,GHS,MoFA SRID
Tema Community One Main Market,Greater Accra,TMA-Tema East,2025-10-19,Cowpeas (white),Wholesale,18.5,GHS,MoFA SRID
Tema Community One Main Market,Greater Accra,TMA-Tema East,2025-10-19,Eggplants,Wholesale,30.54,GHS,MoFA SRID
Tema Community One Main Market,Greater Accra,TMA-Tema East,2025-10-19,Eggs,Wholesale,66.67,GHS,MoFA SRID
Tema Community One Main Market,Greater Accra,TMA-Tema East,2025-10-19,Gari,Wholesale,20.95,GHS,MoFA SRID
Tema Community One Main Market,Greater Accra,TMA-Tema East,2025-10-19,Maize,Wholesale,8.0,GHS,MoFA SRID
Tema Community One Main Market,Greater Accra,TMA-Tema East,2025-10-19,Maize (yellow),Wholesale,9.0,GHS,MoFA SRID
Tema Community One Main Market,Greater Accra,TMA-Tema East,2025-10-19,Millet,Wholesale,16.67,GHS,MoFA SRID
Tema Community One Main Market,Greater Accra,TMA-Tema East,2025-10-19,Onions,Wholesale,25.8,GHS,MoFA SRID
Tema Community One Main Market,Greater Accra,TMA-Tema East,2025-10-19,Peppers (dried),Wholesale,65.24,GHS,MoFA SRID
Tema Community One Main Market,Greater Accra,TMA-Tema East,2025-10-19,Peppers (fresh),Wholesale,39.33,GHS,MoFA SRID
Tema Community One Main Market,Greater Accra,TMA-Tema East,2025-10-19,Plantains (apem),Wholesale,44.95,GHS,MoFA SRID
Tema Community One Main Market,Greater Accra,TMA-Tema East,2025-10-19,Plantains (apentu),Wholesale,25.18,GHS,MoFA SRID
Tema Community One Main Market,Greater Accra,TMA-Tema East,2025-10-19,Rice (imported),Wholesale,27.93,GHS,MoFA SRID
Tema Community One Main Market,Greater Accra,TMA-Tema East,2025-10-19,Rice (local),Wholesale,25.8,GHS,MoFA SRID
Tema Community One Main Market,Greater Accra,TMA-Tema East,2025-10-19,Sorghum,Wholesale,16.67,GHS,MoFA SRID
Tema Community One Main Market,Greater Accra,TMA-Tema East,2025-10-19,Soybeans,Wholesale,16.0,GHS,MoFA SRID
Tema Community One Main Market,Greater Accra,TMA-Tema East,2025-10-19,Tomatoes (navrongo),Wholesale,25.76,GHS,MoFA SRID
Tema Community One Main Market,Greater Accra,TMA-Tema East,2025-10-19,Yam (puna),Wholesale,29.61,GHS,MoFA SRID
Goaso,Ahafo,Asunafo North Municipal,2025-10-20,Cowpeas (white),Retail,12.0,GHS,MoFA SRID
Goaso,Ahafo,Asunafo North Municipal,2025-10-20,Eggplants,Retail,10.83,GHS,MoFA SRID
Goaso,Ahafo,Asunafo North Municipal,2025-10-20,Eggs,Retail,51.67,GHS,MoFA SRID
Goaso,Ahafo,Asunafo North Municipal,2025-10-20,Gari,Retail,12.5,GHS,MoFA SRID
Goaso,Ahafo,Asunafo North Municipal,2025-10-20,Maize,Retail,6.6,GHS,MoFA SRID
Goaso,Ahafo,Asunafo North Municipal,2025-10-20,Maize (yellow),Retail,6.6,GHS,MoFA SRID
Goaso,Ahafo,Asunafo North Municipal,2025-10-20,Millet,Retail,14.08,GHS,MoFA SRID
Goaso,Ahafo,Asunafo North Municipal,2025-10-20,Peppers (fresh),Retail,15.56,GHS,MoFA SRID
Goaso,Ahafo,Asunafo North Municipal,2025-10-20,Plantains (apem),Retail,9.44,GHS,MoFA SRID
Goaso,Ahafo,Asunafo North Municipal,2025-10-20,Plantains (apentu),Retail,7.32,GHS,MoFA SRID
Goaso,Ahafo,Asunafo North Municipal,2025-10-20,Rice (local),Retail,13.33,GHS,MoFA SRID
Goaso,Ahafo,Asunafo North Municipal,2025-10-20,Sorghum,Retail,12.33,GHS,MoFA SRID
Goaso,Ahafo,Asunafo North Municipal,2025-10-20,Tomatoes (local),Retail,15.28,GHS,MoFA SRID
Goaso,Ahafo,Asunafo North Municipal,2025-10-20,Tomatoes (navrongo),Retail,13.89,GHS,MoFA SRID
Goaso,Ahafo,Asunafo North Municipal,2025-10-20,Yam (puna),Retail,10.32,GHS,MoFA SRID
Gbintiri,North East,East Mamprusi Municipal,2025-10-21,Cowpeas (white),Retail,14.65,GHS,MoFA SRID
Gbintiri,North East,East Mamprusi Municipal,2025-10-21,Gari,Retail,13.98,GHS,MoFA SRID
Gbintiri,North East,East Mamprusi Municipal,2025-10-21,Maize,Retail,3.36,GHS,MoFA SRID
Gbintiri,North East,East Mamprusi Municipal,2025-10-21,Maize (yellow),Retail,3.3,GHS,MoFA SRID
Gbintiri,North East,East Mamprusi Municipal,2025-10-21,Millet,Retail,7.69,GHS,MoFA SRID
Gbintiri,North East,East Mamprusi Municipal,2025-10-21,Peppers (dried),Retail,28.81,GHS,MoFA SRID
Gbintiri,North East,East Mamprusi Municipal,2025-10-21,Rice (local),Retail,12.67,GHS,MoFA SRID
Gbintiri,North East,East Mamprusi Municipal,2025-10-21,Sorghum,Retail,7.76,GHS,MoFA SRID
Gbintiri,North East,East Mamprusi Municipal,2025-10-21,Soybeans,Retail,6.33,GHS,MoFA SRID
Gbintiri,North East,East Mamprusi Municipal,2025-10-21,Tomatoes (local),Retail,11.44,GHS,MoFA SRID
Gbintiri,North East,East Mamprusi Municipal,2025-10-21,Yam (puna),Retail,18.5,GHS,MoFA SRID
Nkwanta,Oti,Nkwanta South Municipal,2025-10-21,Cassava,Retail,5.14,GHS,MoFA SRID
Nkwanta,Oti,Nkwanta South Municipal,2025-10-21,Cowpeas (white),Retail,20.51,GHS,MoFA SRID
Nkwanta,Oti,Nkwanta South Municipal,2025-10-21,Eggplants,Retail,10.0,GHS,MoFA SRID
Nkwanta,Oti,Nkwanta South Municipal,2025-10-21,Eggs,Retail,70.0,GHS,MoFA SRID
Nkwanta,Oti,Nkwanta South Municipal,2025-10-21,Gari,Retail,10.28,GHS,MoFA SRID
Nkwanta,Oti,Nkwanta South Municipal,2025-10-21,Maize,Retail,5.43,GHS,MoFA SRID
Nkwanta,Oti,Nkwanta South Municipal,2025-10-21,Maize (yellow),Retail,7.6,GHS,MoFA SRID
Nkwanta,Oti,Nkwanta South Municipal,2025-10-21,Meat (chicken),Retail,45.0,GHS,MoFA SRID
Nkwanta,Oti,Nkwanta South Municipal,2025-10-21,Millet,Retail,11.11,GHS,MoFA SRID
Nkwanta,Oti,Nkwanta South Municipal,2025-10-21,Onions,Retail,14.29,GHS,MoFA SRID
Nkwanta,Oti,Nkwanta South Municipal,2025-10-21,Peppers (dried),Retail,60.0,GHS,MoFA SRID
Nkwanta,Oti,Nkwanta South Municipal,2025-10-21,Peppers (fresh),Retail,11.67,GHS,MoFA SRID
Nkwanta,Oti,Nkwanta South Municipal,2025-10-21,Plantains (apem),Retail,6.42,GHS,MoFA SRID
Nkwanta,Oti,Nkwanta South Municipal,2025-10-21,Plantains (apentu),Retail,9.39,GHS,MoFA SRID
Nkwanta,Oti,Nkwanta South Municipal,2025-10-21,Rice (imported),Retail,18.83,GHS,MoFA SRID
Nkwanta,Oti,Nkwanta South Municipal,2025-10-21,Rice (local),Retail,10.58,GHS,MoFA SRID
Nkwanta,Oti,Nkwanta South Municipal,2025-10-21,Sorghum,Retail,10.28,GHS,MoFA SRID
Nkwanta,Oti,Nkwanta South Municipal,2025-10-21,Soybeans,Retail,9.17,GHS,MoFA SRID
Nkwanta,Oti,Nkwanta South Municipal,2025-10-21,Tomatoes (local),Retail,10.0,GHS,MoFA SRID
Nkwanta,Oti,Nkwanta South Municipal,2025-10-21,Tomatoes (navrongo),Retail,20.0,GHS,MoFA SRID
Nkwanta,Oti,Nkwanta South Municipal,2025-10-21,Yam,Retail,6.29,GHS,MoFA SRID
Nkwanta,Oti,Nkwanta South Municipal,2025-10-21,Yam (puna),Retail,12.31,GHS,MoFA SRID
Kintampo,Bono East,Kintampo North Municipal,2025-10-22,Cowpeas (white),Wholesale,8.75,GHS,MoFA SRID
Kintampo,Bono East,Kintampo North Municipal,2025-10-22,Eggplants,Wholesale,14.52,GHS,MoFA SRID
Kintampo,Bono East,Kintampo North Municipal,2025-10-22,Maize,Wholesale,3.38,GHS,MoFA SRID
Kintampo,Bono East,Kintampo North Municipal,2025-10-22,Millet,Wholesale,5.93,GHS,MoFA SRID
Kintampo,Bono East,Kintampo North Municipal,2025-10-22,Onions,Wholesale,15.53,GHS,MoFA SRID
Kintampo,Bono East,Kintampo North Municipal,2025-10-22,Peppers (dried),Wholesale,73.33,GHS,MoFA SRID
Kintampo,Bono East,Kintampo North Municipal,2025-10-22,Peppers (fresh),Wholesale,18.43,GHS,MoFA SRID
Kintampo,Bono East,Kintampo North Municipal,2025-10-22,Rice (imported),Wholesale,15.53,GHS,MoFA SRID
Kintampo,Bono East,Kintampo North Municipal,2025-10-22,Rice (local),Wholesale,10.35,GHS,MoFA SRID
Kintampo,Bono East,Kintampo North Municipal,2025-10-22,Sorghum,Wholesale,7.05,GHS,MoFA SRID
Kintampo,Bono East,Kintampo North Municipal,2025-10-22,Soybeans,Wholesale,8.0,GHS,MoFA SRID
Kintampo,Bono East,Kintampo North Municipal,2025-10-22,Tomatoes (local),Wholesale,33.98,GHS,MoFA SRID
Mankessim,Central,Mfantsiman Municipal,2025-10-22,Cassava,Retail,5.74,GHS,MoFA SRID
Mankessim,Central,Mfantsiman Municipal,2025-10-22,Cowpeas (white),Retail,32.5,GHS,MoFA SRID
Mankessim,Central,Mfantsiman Municipal,2025-10-22,Eggplants,Retail,17.78,GHS,MoFA SRID
Mankessim,Central,Mfantsiman Municipal,2025-10-22,Eggs,Retail,57.5,GHS,MoFA SRID
Mankessim,Central,Mfantsiman Municipal,2025-10-22,Gari,Retail,13.31,GHS,MoFA SRID
Mankessim,Central,Mfantsiman Municipal,2025-10-22,Maize,Retail,4.76,GHS,MoFA SRID
Mankessim,Central,Mfantsiman Municipal,2025-10-22,Maize (yellow),Retail,5.51,GHS,MoFA SRID
Mankessim,Central,Mfantsiman Municipal,2025-10-22,Meat (chicken),Retail,42.5,GHS,MoFA SRID
Mankessim,Central,Mfantsiman Municipal,2025-10-22,Millet,Retail,20.45,GHS,MoFA SRID
Mankessim,Central,Mfantsiman Municipal,2025-10-22,Onions,Retail,15.88,GHS,MoFA SRID
Mankessim,Central,Mfantsiman Municipal,2025-10-22,Peppers (dried),Retail,89.15,GHS,MoFA SRID
Mankessim,Central,Mfantsiman Municipal,2025-10-22,Peppers (fresh),Retail,35.26,GHS,MoFA SRID
Mankessim,Central,Mfantsiman Municipal,2025-10-22,Plantains (apem),Retail,11.01,GHS,MoFA SRID
Mankessim,Central,Mfantsiman Municipal,2025-10-22,Plantains (apentu),Retail,9.68,GHS,MoFA SRID
Mankessim,Central,Mfantsiman Municipal,2025-10-22,Rice (imported),Retail,18.48,GHS,MoFA SRID
Mankessim,Central,Mfantsiman Municipal,2025-10-22,Rice (local),Retail,20.5,GHS,MoFA SRID
Mankessim,Central,Mfantsiman Municipal,2025-10-22,Soybeans,Retail,21.48,GHS,MoFA SRID
Mankessim,Central,Mfantsiman Municipal,2025-10-22,Tomatoes (local),Retail,31.75,GHS,MoFA SRID
Mankessim,Central,Mfantsiman Municipal,2025-10-22,Tomatoes (navrongo),Retail,54.04,GHS,MoFA SRID
Mankessim,Central,Mfantsiman Municipal,2025-10-22,Yam (puna),Retail,14.4,GHS,MoFA SRID
Tema Community One Main Market,Greater Accra,TMA-Tema East,2025-10-22,Cowpeas (white),Retail,23.33,GHS,MoFA SRID
Tema Community One Main Market,Greater Accra,TMA-Tema East,2025-10-22,Eggplants,Retail,33.33,GHS,MoFA SRID
Tema Community One Main Market,Greater Accra,TMA-Tema East,2025-10-22,Eggs,Retail,80.0,GHS,MoFA SRID
Tema Community One Main Market,Greater Accra,TMA-Tema East,2025-10-22,Gari,Retail,20.0,GHS,MoFA SRID
Tema Community One Main Market,Greater Accra,TMA-Tema East,2025-10-22,Maize,Retail,10.0,GHS,MoFA SRID
Tema Community One Main Market,Greater Accra,TMA-Tema East,2025-10-22,Maize (yellow),Retail,11.25,GHS,MoFA SRID
Tema Community One Main Market,Greater Accra,TMA-Tema East,2025-10-22,Meat (chicken),Retail,52.67,GHS,MoFA SRID
Tema Community One Main Market,Greater Accra,TMA-Tema East,2025-10-22,Millet,Retail,22.5,GHS,MoFA SRID
Tema Community One Main Market,Greater Accra,TMA-Tema East,2025-10-22,Onions,Retail,28.57,GHS,MoFA SRID
Tema Community One Main Market,Greater Accra,TMA-Tema East,2025-10-22,Peppers (dried),Retail,61.11,GHS,MoFA SRID
Tema Community One Main Market,Greater Accra,TMA-Tema East,2025-10-22,Peppers (fresh),Retail,40.0,GHS,MoFA SRID
Tema Community One Main Market,Greater Accra,TMA-Tema East,2025-10-22,Plantains (apem),Retail,50.0,GHS,MoFA SRID
Tema Community One Main Market,Greater Accra,TMA-Tema East,2025-10-22,Plantains (apentu),Retail,28.57,GHS,MoFA SRID
Tema Community One Main Market,Greater Accra,TMA-Tema East,2025-10-22,Rice (imported),Retail,26.44,GHS,MoFA SRID
Tema Community One Main Market,Greater Accra,TMA-Tema East,2025-10-22,Rice (local),Retail,25.33,GHS,MoFA SRID
Tema Community One Main Market,Greater Accra,TMA-Tema East,2025-10-22,Sorghum,Retail,22.5,GHS,MoFA SRID
Tema Community One Main Market,Greater Accra,TMA-Tema East,2025-10-22,Soybeans,Retail,20.0,GHS,MoFA SRID
Tema Community One Main Market,Greater Accra,TMA-Tema East,2025-10-22,Tomatoes (navrongo),Retail,46.67,GHS,MoFA SRID
Tema Community One Main Market,Greater Accra,TMA-Tema East,2025-10-22,Yam (puna),Retail,34.12,GHS,MoFA SRID
Wa,Upper West,Wa Municipal,2025-10-22,Cowpeas (white),Retail,18.52,GHS,MoFA SRID
Wa,Upper West,Wa Municipal,2025-10-22,Eggplants,Retail,5.79,GHS,MoFA SRID
Wa,Upper West,Wa Municipal,2025-10-22,Eggs,Retail,100.0,GHS,MoFA SRID
Wa,Upper West,Wa Municipal,2025-10-22,Gari,Retail,9.44,GHS,MoFA SRID
Wa,Upper West,Wa Municipal,2025-10-22,Maize,Retail,5.0,GHS,MoFA SRID
Wa,Upper West,Wa Municipal,2025-10-22,Maize (yellow),Retail,5.36,GHS,MoFA SRID
Wa,Upper West,Wa Municipal,2025-10-22,Millet,Retail,11.19,GHS,MoFA SRID
Wa,Upper West,Wa Municipal,2025-10-22,Peppers (dried),Retail,89.17,GHS,MoFA SRID
Wa,Upper West,Wa Municipal,2025-10-22,Peppers (fresh),Retail,72.56,GHS,MoFA SRID
Wa,Upper West,Wa Municipal,2025-10-22,Rice (imported),Retail,14.94,GHS,MoFA SRID
Wa,Upper West,Wa Municipal,2025-10-22,Rice (local),Retail,12.35,GHS,MoFA SRID
Wa,Upper West,Wa Municipal,2025-10-22,Sorghum,Retail,6.66,GHS,MoFA SRID
Wa,Upper West,Wa Municipal,2025-10-22,Soybeans,Retail,5.95,GHS,MoFA SRID
Wa,Upper West,Wa Municipal,2025-10-22,Tomatoes (local),Retail,9.38,GHS,MoFA SRID
Wa,Upper West,Wa Municipal,2025-10-22,Tomatoes (navrongo),Retail,10.94,GHS,MoFA SRID
Wa,Upper West,Wa Municipal,2025-10-22,Yam,Retail,13.04,GHS,MoFA SRID
Wa,Upper West,Wa Municipal,2025-10-22,Yam (puna),Retail,16.17,GHS,MoFA SRID
Bibiani,Western North,Bibiani Anhwiaso Bekwai Municipal,2025-10-23,Cowpeas (white),Wholesale,19.79,GHS,MoFA SRID
Bibiani,Western North,Bibiani Anhwiaso Bekwai Municipal,2025-10-23,Eggplants,Wholesale,11.82,GHS,MoFA SRID
Bibiani,Western North,Bibiani Anhwiaso Bekwai Municipal,2025-10-23,Eggs,Wholesale,56.0,GHS,MoFA SRID
Bibiani,Western North,Bibiani Anhwiaso Bekwai Municipal,2025-10-23,Gari,Wholesale,10.66,GHS,MoFA SRID
Bibiani,Western North,Bibiani Anhwiaso Bekwai Municipal,2025-10-23,Maize,Wholesale,6.32,GHS,MoFA SRID
Bibiani,Western North,Bibiani Anhwiaso Bekwai Municipal,2025-10-23,Maize (yellow),Wholesale,8.23,GHS,MoFA SRID
Bibiani,Western North,Bibiani Anhwiaso Bekwai Municipal,2025-10-23,Meat (chicken),Wholesale,18.08,GHS,MoFA SRID
Bibiani,Western North,Bibiani Anhwiaso Bekwai Municipal,2025-10-23,Millet,Wholesale,2.82,GHS,MoFA SRID
Bibiani,Western North,Bibiani Anhwiaso Bekwai Municipal,2025-10-23,Onions,Wholesale,20.49,GHS,MoFA SRID
Bibiani,Western North,Bibiani Anhwiaso Bekwai Municipal,2025-10-23,Peppers (dried),Wholesale,20.44,GHS,MoFA SRID
Bibiani,Western North,Bibiani Anhwiaso Bekwai Municipal,2025-10-23,Peppers (fresh),Wholesale,21.59,GHS,MoFA SRID
Bibiani,Western North,Bibiani Anhwiaso Bekwai Municipal,2025-10-23,Plantains (apentu),Wholesale,10.27,GHS,MoFA SRID
Bibiani,Western North,Bibiani Anhwiaso Bekwai Municipal,2025-10-23,Rice (imported),Wholesale,16.98,GHS,MoFA SRID
Bibiani,Western North,Bibiani Anhwiaso Bekwai Municipal,2025-10-23,Rice (local),Wholesale,14.15,GHS,MoFA SRID
Bibiani,Western North,Bibiani Anhwiaso Bekwai Municipal,2025-10-23,Soybeans,Wholesale,18.55,GHS,MoFA SRID
Bibiani,Western North,Bibiani Anhwiaso Bekwai Municipal,2025-10-23,Tomatoes (local),Wholesale,23.33,GHS,MoFA SRID
Bibiani,Western North,Bibiani Anhwiaso Bekwai Municipal,2025-10-23,Yam,Wholesale,8.4,GHS,MoFA SRID
Koforidua,Eastern,New Juaben South Municipal,2025-10-23,Eggplants,Retail,7.54,GHS,MoFA SRID
Koforidua,Eastern,New Juaben South Municipal,2025-10-23,Eggplants,Wholesale,3.89,GHS,MoFA SRID
Koforidua,Eastern,New Juaben South Municipal,2025-10-23,Eggs,Retail,71.67,GHS,MoFA SRID
Koforidua,Eastern,New Juaben South Municipal,2025-10-23,Eggs,Wholesale,56.0,GHS,MoFA SRID
Koforidua,Eastern,New Juaben South Municipal,2025-10-23,Meat (chicken),Retail,46.0,GHS,MoFA SRID
Koforidua,Eastern,New Juaben South Municipal,2025-10-23,Onions,Retail,12.84,GHS,MoFA SRID
Koforidua,Eastern,New Juaben South Municipal,2025-10-23,Onions,Wholesale,11.25,GHS,MoFA SRID
Koforidua,Eastern,New Juaben South Municipal,2025-10-23,Peppers (fresh),Retail,11.07,GHS,MoFA SRID
Koforidua,Eastern,New Juaben South Municipal,2025-10-23,Peppers (fresh),Wholesale,9.97,GHS,MoFA SRID
Koforidua,Eastern,New Juaben South Municipal,2025-10-23,Plantains (apem),Retail,36.36,GHS,MoFA SRID
Koforidua,Eastern,New Juaben South Municipal,2025-10-23,Plantains (apem),Wholesale,12.3,GHS,MoFA SRID
Koforidua,Eastern,New Juaben South Municipal,2025-10-23,Rice (imported),Wholesale,16.82,GHS,MoFA SRID
Koforidua,Eastern,New Juaben South Municipal,2025-10-23,Tomatoes (local),Retail,7.2,GHS,MoFA SRID
Koforidua,Eastern,New Juaben South Municipal,2025-10-23,Tomatoes (local),Wholesale,12.86,GHS,MoFA SRID
Koforidua,Eastern,New Juaben South Municipal,2025-10-23,Tomatoes (navrongo),Wholesale,28.33,GHS,MoFA SRID
Koforidua,Eastern,New Juaben South Municipal,2025-10-23,Yam (puna),Retail,13.81,GHS,MoFA SRID
Koforidua,Eastern,New Juaben South Municipal,2025-10-23,Yam (puna),Wholesale,10.57,GHS,MoFA SRID
Nana Bosomah,Bono,Sunyani Municipal,2025-10-23,Cassava,Retail,4.38,GHS,MoFA SRID
Nana Bosomah,Bono,Sunyani Municipal,2025-10-23,Cowpeas (white),Retail,16.67,GHS,MoFA SRID
Nana Bosomah,Bono,Sunyani Municipal,2025-10-23,Eggplants,Retail,10.07,GHS,MoFA SRID
Nana Bosomah,Bono,Sunyani Municipal,2025-10-23,Eggs,Retail,46.67,GHS,MoFA SRID
Nana Bosomah,Bono,Sunyani Municipal,2025-10-23,Gari,Retail,12.5,GHS,MoFA SRID
Nana Bosomah,Bono,Sunyani Municipal,2025-10-23,Maize,Retail,4.26,GHS,MoFA SRID
Nana Bosomah,Bono,Sunyani Municipal,2025-10-23,Maize (yellow),Retail,4.26,GHS,MoFA SRID
Nana Bosomah,Bono,Sunyani Municipal,2025-10-23,Meat (chicken),Retail,50.0,GHS,MoFA SRID
Nana Bosomah,Bono,Sunyani Municipal,2025-10-23,Millet,Retail,14.58,GHS,MoFA SRID
Nana Bosomah,Bono,Sunyani Municipal,2025-10-23,Onions,Retail,15.31,GHS,MoFA SRID
Nana Bosomah,Bono,Sunyani Municipal,2025-10-23,Peppers (dried),Retail,133.33,GHS,MoFA SRID
Nana Bosomah,Bono,Sunyani Municipal,2025-10-23,Peppers (fresh),Retail,37.5,GHS,MoFA SRID
Nana Bosomah,Bono,Sunyani Municipal,2025-10-23,Plantains (apem),Retail,9.7,GHS,MoFA SRID
Nana Bosomah,Bono,Sunyani Municipal,2025-10-23,Plantains (apentu),Retail,9.39,GHS,MoFA SRID
Nana Bosomah,Bono,Sunyani Municipal,2025-10-23,Rice (imported),Retail,18.78,GHS,MoFA SRID
Nana Bosomah,Bono,Sunyani Municipal,2025-10-23,Rice (local),Retail,11.66,GHS,MoFA SRID
Nana Bosomah,Bono,Sunyani Municipal,2025-10-23,Sorghum,Retail,12.0,GHS,MoFA SRID
Nana Bosomah,Bono,Sunyani Municipal,2025-10-23,Soybeans,Retail,12.5,GHS,MoFA SRID
Nana Bosomah,Bono,Sunyani Municipal,2025-10-23,Tomatoes (navrongo),Retail,20.2,GHS,MoFA SRID
Nana Bosomah,Bono,Sunyani Municipal,2025-10-23,Yam,Retail,8.33,GHS,MoFA SRID
Nana Bosomah,Bono,Sunyani Municipal,2025-10-23,Yam (puna),Retail,10.0,GHS,MoFA SRID
Obuasi,Ashanti,Obuasi Municipal,2025-10-23,Eggs,Retail,58.33,GHS,MoFA SRID
Obuasi,Ashanti,Obuasi Municipal,2025-10-23,Peppers (fresh),Retail,34.26,GHS,MoFA SRID
Wa,Upper West,Wa Municipal,2025-10-23,Cowpeas (white),Wholesale,40.0,GHS,MoFA SRID
Wa,Upper West,Wa Municipal,2025-10-23,Gari,Wholesale,20.0,GHS,MoFA SRID
Wa,Upper West,Wa Municipal,2025-10-23,Maize,Wholesale,11.2,GHS,MoFA SRID
Wa,Upper West,Wa Municipal,2025-10-23,Maize (yellow),Wholesale,12.0,GHS,MoFA SRID
Wa,Upper West,Wa Municipal,2025-10-23,Millet,Wholesale,24.0,GHS,MoFA SRID
Wa,Upper West,Wa Municipal,2025-10-23,Rice (imported),Wholesale,12.73,GHS,MoFA SRID
Wa,Upper West,Wa Municipal,2025-10-23,Rice (local),Wholesale,28.0,GHS,MoFA SRID
Wa,Upper West,Wa Municipal,2025-10-23,Sorghum,Wholesale,12.8,GHS,MoFA SRID
Wa,Upper West,Wa Municipal,2025-10-23,Soybeans,Wholesale,12.4,GHS,MoFA SRID
Wa,Upper West,Wa Municipal,2025-10-23,Yam,Wholesale,3.17,GHS,MoFA SRID
Wa,Upper West,Wa Municipal,2025-10-23,Yam (puna),Wholesale,3.53,GHS,MoFA SRID
Bibiani,Western North,Bibiani Anhwiaso Bekwai Municipal,2025-10-24,Cowpeas (white),Retail,26.25,GHS,MoFA SRID
Bibiani,Western North,Bibiani Anhwiaso Bekwai Municipal,2025-10-24,Eggplants,Retail,12.18,GHS,MoFA SRID
Bibiani,Western North,Bibiani Anhwiaso Bekwai Municipal,2025-10-24,Eggs,Retail,62.67,GHS,MoFA SRID
Bibiani,Western North,Bibiani Anhwiaso Bekwai Municipal,2025-10-24,Gari,Retail,16.94,GHS,MoFA SRID
Bibiani,Western North,Bibiani Anhwiaso Bekwai Municipal,2025-10-24,Maize,Retail,7.52,GHS,MoFA SRID
Bibiani,Western North,Bibiani Anhwiaso Bekwai Municipal,2025-10-24,Maize (yellow),Retail,8.21,GHS,MoFA SRID
Bibiani,Western North,Bibiani Anhwiaso Bekwai Municipal,2025-10-24,Meat (chicken),Retail,38.44,GHS,MoFA SRID
Bibiani,Western North,Bibiani Anhwiaso Bekwai Municipal,2025-10-24,Millet,Retail,15.77,GHS,MoFA SRID
Bibiani,Western North,Bibiani Anhwiaso Bekwai Municipal,2025-10-24,Onions,Retail,46.99,GHS,MoFA SRID
Bibiani,Western North,Bibiani Anhwiaso Bekwai Municipal,2025-10-24,Peppers (dried),Retail,17.3,GHS,MoFA SRID
Bibiani,Western North,Bibiani Anhwiaso Bekwai Municipal,2025-10-24,Peppers (fresh),Retail,9.71,GHS,MoFA SRID
Bibiani,Western North,Bibiani Anhwiaso Bekwai Municipal,2025-10-24,Rice (imported),Retail,25.49,GHS,MoFA SRID
Bibiani,Western North,Bibiani Anhwiaso Bekwai Municipal,2025-10-24,Rice (local),Retail,23.96,GHS,MoFA SRID
Bibiani,Western North,Bibiani Anhwiaso Bekwai Municipal,2025-10-24,Soybeans,Retail,29.44,GHS,MoFA SRID
Bibiani,Western North,Bibiani Anhwiaso Bekwai Municipal,2025-10-24,Tomatoes (local),Retail,62.57,GHS,MoFA SRID
Tema Community One Main Market,Greater Accra,TMA-Tema East,2025-10-25,Cowpeas (white),Wholesale,15.97,GHS,MoFA SRID
Tema Community One Main Market,Greater Accra,TMA-Tema East,2025-10-25,Eggplants,Wholesale,36.94,GHS,MoFA SRID
Tema Community One Main Market,Greater Accra,TMA-Tema East,2025-10-25,Eggs,Wholesale,70.0,GHS,MoFA SRID
Tema Community One Main Market,Greater Accra,TMA-Tema East,2025-10-25,Gari,Wholesale,20.48,GHS,MoFA SRID
Tema Community One Main Market,Greater Accra,TMA-Tema East,2025-10-25,Maize,Wholesale,8.0,GHS,MoFA SRID
Tema Community One Main Market,Greater Accra,TMA-Tema East,2025-10-25,Maize (yellow),Wholesale,8.67,GHS,MoFA SRID
Tema Community One Main Market,Greater Accra,TMA-Tema East,2025-10-25,Millet,Wholesale,14.58,GHS,MoFA SRID
Tema Community One Main Market,Greater Accra,TMA-Tema East,2025-10-25,Onions,Wholesale,23.77,GHS,MoFA SRID
Tema Community One Main Market,Greater Accra,TMA-Tema East,2025-10-25,Peppers (dried),Wholesale,63.65,GHS,MoFA SRID
Tema Community One Main Market,Greater Accra,TMA-Tema East,2025-10-25,Peppers (fresh),Wholesale,41.52,GHS,MoFA SRID
Tema Community One Main Market,Greater Accra,TMA-Tema East,2025-10-25,Plantains (apem),Wholesale,40.45,GHS,MoFA SRID
Tema Community One Main Market,Greater Accra,TMA-Tema East,2025-10-25,Plantains (apentu),Wholesale,21.99,GHS,MoFA SRID
Tema Community One Main Market,Greater Accra,TMA-Tema East,2025-10-25,Rice (imported),Wholesale,27.53,GHS,MoFA SRID
Tema Community One Main Market,Greater Accra,TMA-Tema East,2025-10-25,Rice (local),Wholesale,25.79,GHS,MoFA SRID
Tema Community One Main Market,Greater Accra,TMA-Tema East,2025-10-25,Sorghum,Wholesale,14.58,GHS,MoFA SRID
Tema Community One Main Market,Greater Accra,TMA-Tema East,2025-10-25,Soybeans,Wholesale,15.6,GHS,MoFA SRID
Tema Community One Main Market,Greater Accra,TMA-Tema East,2025-10-25,Tomatoes (local),Wholesale,19.65,GHS,MoFA SRID
Tema Community One Main Market,Greater Accra,TMA-Tema East,2025-10-25,Tomatoes (navrongo),Wholesale,35.65,GHS,MoFA SRID
Tema Community One Main Market,Greater Accra,TMA-Tema East,2025-10-25,Yam (puna),Wholesale,29.41,GHS,MoFA SRID
Goaso,Ahafo,Asunafo North Municipal,2025-10-26,Cowpeas (white),Retail,13.33,GHS,MoFA SRID
Goaso,Ahafo,Asunafo North Municipal,2025-10-26,Cowpeas (white),Wholesale,16.02,GHS,MoFA SRID
Goaso,Ahafo,Asunafo North Municipal,2025-10-26,Eggplants,Retail,10.0,GHS,MoFA SRID
Goaso,Ahafo,Asunafo North Municipal,2025-10-26,Eggplants,Wholesale,8.21,GHS,MoFA SRID
Goaso,Ahafo,Asunafo North Municipal,2025-10-26,Eggs,Retail,51.67,GHS,MoFA SRID
Goaso,Ahafo,Asunafo North Municipal,2025-10-26,Eggs,Wholesale,46.25,GHS,MoFA SRID
Goaso,Ahafo,Asunafo North Municipal,2025-10-26,Gari,Retail,10.83,GHS,MoFA SRID
Goaso,Ahafo,Asunafo North Municipal,2025-10-26,Gari,Wholesale,12.5,GHS,MoFA SRID
Goaso,Ahafo,Asunafo North Municipal,2025-10-26,Maize,Retail,6.9,GHS,MoFA SRID
Goaso,Ahafo,Asunafo North Municipal,2025-10-26,Maize,Wholesale,5.82,GHS,MoFA SRID
Goaso,Ahafo,Asunafo North Municipal,2025-10-26,Maize (yellow),Retail,6.9,GHS,MoFA SRID
Goaso,Ahafo,Asunafo North Municipal,2025-10-26,Maize (yellow),Wholesale,5.79,GHS,MoFA SRID
Goaso,Ahafo,Asunafo North Municipal,2025-10-26,Millet,Retail,12.67,GHS,MoFA SRID
Goaso,Ahafo,Asunafo North Municipal,2025-10-26,Millet,Wholesale,12.87,GHS,MoFA SRID
Goaso,Ahafo,Asunafo North Municipal,2025-10-26,Peppers (fresh),Retail,33.33,GHS,MoFA SRID
Goaso,Ahafo,Asunafo North Municipal,2025-10-26,Peppers (fresh),Wholesale,37.57,GHS,MoFA SRID
Goaso,Ahafo,Asunafo North Municipal,2025-10-26,Plantains (apem),Retail,9.42,GHS,MoFA SRID
Goaso,Ahafo,Asunafo North Municipal,2025-10-26,Plantains (apentu),Retail,10.07,GHS,MoFA SRID
Goaso,Ahafo,Asunafo North Municipal,2025-10-26,Plantains (apentu),Wholesale,6.56,GHS,MoFA SRID
Goaso,Ahafo,Asunafo North Municipal,2025-10-26,Rice (local),Retail,13.33,GHS,MoFA SRID
Goaso,Ahafo,Asunafo North Municipal,2025-10-26,Rice (local),Wholesale,13.27,GHS,MoFA SRID
Goaso,Ahafo,Asunafo North Municipal,2025-10-26,Sorghum,Retail,10.67,GHS,MoFA SRID
Goaso,Ahafo,Asunafo North Municipal,2025-10-26,Sorghum,Wholesale,10.97,GHS,MoFA SRID
Goaso,Ahafo,Asunafo North Municipal,2025-10-26,Tomatoes (local),Retail,15.28,GHS,MoFA SRID
Goaso,Ahafo,Asunafo North Municipal,2025-10-26,Tomatoes (local),Wholesale,14.95,GHS,MoFA SRID
Goaso,Ahafo,Asunafo North Municipal,2025-10-26,Tomatoes (navrongo),Retail,13.1,GHS,MoFA SRID
Goaso,Ahafo,Asunafo North Municipal,2025-10-26,Tomatoes (navrongo),Wholesale,10.74,GHS,MoFA SRID
Goaso,Ahafo,Asunafo North Municipal,2025-10-26,Yam (puna),Retail,8.71,GHS,MoFA SRID
Goaso,Ahafo,Asunafo North Municipal,2025-10-26,Yam (puna),Wholesale,10.87,GHS,MoFA SRID
Kintampo,Bono East,Kintampo North Municipal,2025-10-27,Cassava,Retail,3.08,GHS,MoFA SRID
Kintampo,Bono East,Kintampo North Municipal,2025-10-27,Cowpeas (white),Retail,12.27,GHS,MoFA SRID
Kintampo,Bono East,Kintampo North Municipal,2025-10-27,Eggplants,Retail,12.82,GHS,MoFA SRID
Kintampo,Bono East,Kintampo North Municipal,2025-10-27,Gari,Retail,10.3,GHS,MoFA SRID
Kintampo,Bono East,Kintampo North Municipal,2025-10-27,Maize,Retail,4.05,GHS,MoFA SRID
Kintampo,Bono East,Kintampo North Municipal,2025-10-27,Maize (yellow),Retail,4.0,GHS,MoFA SRID
Kintampo,Bono East,Kintampo North Municipal,2025-10-27,Millet,Retail,11.87,GHS,MoFA SRID
Kintampo,Bono East,Kintampo North Municipal,2025-10-27,Onions,Retail,14.1,GHS,MoFA SRID
Kintampo,Bono East,Kintampo North Municipal,2025-10-27,Peppers (dried),Retail,82.22,GHS,MoFA SRID
Kintampo,Bono East,Kintampo North Municipal,2025-10-27,Peppers (fresh),Retail,23.38,GHS,MoFA SRID
Kintampo,Bono East,Kintampo North Municipal,2025-10-27,Plantains (apem),Retail,13.37,GHS,MoFA SRID
Kintampo,Bono East,Kintampo North Municipal,2025-10-27,Plantains (apentu),Retail,29.97,GHS,MoFA SRID
Kintampo,Bono East,Kintampo North Municipal,2025-10-27,Rice (imported),Retail,16.09,GHS,MoFA SRID
Kintampo,Bono East,Kintampo North Municipal,2025-10-27,Rice (local),Retail,12.34,GHS,MoFA SRID
Kintampo,Bono East,Kintampo North Municipal,2025-10-27,Sorghum,Retail,9.63,GHS,MoFA SRID
Kintampo,Bono East,Kintampo North Municipal,2025-10-27,Tomatoes (local),Retail,20.38,GHS,MoFA SRID
Kintampo,Bono East,Kintampo North Municipal,2025-10-27,Yam,Retail,20.67,GHS,MoFA SRID
Kintampo,Bono East,Kintampo North Municipal,2025-10-27,Yam (puna),Retail,26.87,GHS,MoFA SRID
Nana Bosomah,Bono,Sunyani Municipal,2025-10-28,Maize,Wholesale,4.0,GHS,MoFA SRID
Nana Bosomah,Bono,Sunyani Municipal,2025-10-28,Maize (yellow),Wholesale,4.0,GHS,MoFA SRID
Nana Bosomah,Bono,Sunyani Municipal,2025-10-28,Plantains (apem),Wholesale,7.67,GHS,MoFA SRID
Nana Bosomah,Bono,Sunyani Municipal,2025-10-28,Plantains (apentu),Wholesale,7.61,GHS,MoFA SRID
Nana Bosomah,Bono,Sunyani Municipal,2025-10-28,Rice (imported),Wholesale,15.0,GHS,MoFA SRID
Nana Bosomah,Bono,Sunyani Municipal,2025-10-28,Rice (local),Wholesale,11.25,GHS,MoFA SRID
Mankessim,Central,Mfantsiman Municipal,2025-10-29,Cassava,Retail,7.83,GHS,MoFA SRID
Mankessim,Central,Mfantsiman Municipal,2025-10-29,Cowpeas (white),Retail,26.84,GHS,MoFA SRID
Mankessim,Central,Mfantsiman Municipal,2025-10-29,Eggplants,Retail,11.43,GHS,MoFA SRID
Mankessim,Central,Mfantsiman Municipal,2025-10-29,Eggs,Retail,58.75,GHS,MoFA SRID
Mankessim,Central,Mfantsiman Municipal,2025-10-29,Gari,Retail,13.51,GHS,MoFA SRID
Mankessim,Central,Mfantsiman Municipal,2025-10-29,Maize,Retail,4.72,GHS,MoFA SRID
Mankessim,Central,Mfantsiman Municipal,2025-10-29,Maize (yellow),Retail,5.51,GHS,MoFA SRID
Mankessim,Central,Mfantsiman Municipal,2025-10-29,Meat (chicken),Retail,43.0,GHS,MoFA SRID
Mankessim,Central,Mfantsiman Municipal,2025-10-29,Millet,Retail,20.78,GHS,MoFA SRID
Mankessim,Central,Mfantsiman Municipal,2025-10-29,Onions,Retail,13.5,GHS,MoFA SRID
Mankessim,Central,Mfantsiman Municipal,2025-10-29,Peppers (dried),Retail,92.66,GHS,MoFA SRID
Mankessim,Central,Mfantsiman Municipal,2025-10-29,Peppers (fresh),Retail,39.48,GHS,MoFA SRID
Mankessim,Central,Mfantsiman Municipal,2025-10-29,Plantains (apem),Retail,8.37,GHS,MoFA SRID
Mankessim,Central,Mfantsiman Municipal,2025-10-29,Plantains (apentu),Retail,7.78,GHS,MoFA SRID
Mankessim,Central,Mfantsiman Municipal,2025-10-29,Rice (imported),Retail,18.91,GHS,MoFA SRID
Mankessim,Central,Mfantsiman Municipal,2025-10-29,Rice (local),Retail,21.02,GHS,MoFA SRID
Mankessim,Central,Mfantsiman Municipal,2025-10-29,Soybeans,Retail,20.0,GHS,MoFA SRID
Mankessim,Central,Mfantsiman Municipal,2025-10-29,Tomatoes (local),Retail,23.21,GHS,MoFA SRID
Mankessim,Central,Mfantsiman Municipal,2025-10-29,Tomatoes (navrongo),Retail,30.75,GHS,MoFA SRID
Mankessim,Central,Mfantsiman Municipal,2025-10-29,Yam (puna),Retail,13.4,GHS,MoFA SRID
Tema Community One Main Market,Greater Accra,TMA-Tema East,2025-10-29,Cowpeas (white),Retail,23.33,GHS,MoFA SRID
Tema Community One Main Market,Greater Accra,TMA-Tema East,2025-10-29,Eggplants,Retail,61.11,GHS,MoFA SRID
Tema Community One Main Market,Greater Accra,TMA-Tema East,2025-10-29,Eggs,Retail,80.0,GHS,MoFA SRID
Tema Community One Main Market,Greater Accra,TMA-Tema East,2025-10-29,Gari,Retail,23.33,GHS,MoFA SRID
Tema Community One Main Market,Greater Accra,TMA-Tema East,2025-10-29,Maize,Retail,10.0,GHS,MoFA SRID
Tema Community One Main Market,Greater Accra,TMA-Tema East,2025-10-29,Maize (yellow),Retail,11.25,GHS,MoFA SRID
Tema Community One Main Market,Greater Accra,TMA-Tema East,2025-10-29,Meat (chicken),Retail,52.0,GHS,MoFA SRID
Tema Community One Main Market,Greater Accra,TMA-Tema East,2025-10-29,Millet,Retail,20.0,GHS,MoFA SRID
Tema Community One Main Market,Greater Accra,TMA-Tema East,2025-10-29,Onions,Retail,28.57,GHS,MoFA SRID
Tema Community One Main Market,Greater Accra,TMA-Tema East,2025-10-29,Peppers (dried),Retail,64.45,GHS,MoFA SRID
Tema Community One Main Market,Greater Accra,TMA-Tema East,2025-10-29,Peppers (fresh),Retail,40.0,GHS,MoFA SRID
Tema Community One Main Market,Greater Accra,TMA-Tema East,2025-10-29,Plantains (apem),Retail,50.0,GHS,MoFA SRID
Tema Community One Main Market,Greater Accra,TMA-Tema East,2025-10-29,Plantains (apentu),Retail,28.57,GHS,MoFA SRID
Tema Community One Main Market,Greater Accra,TMA-Tema East,2025-10-29,Rice (imported),Retail,28.0,GHS,MoFA SRID
Tema Community One Main Market,Greater Accra,TMA-Tema East,2025-10-29,Rice (local),Retail,23.89,GHS,MoFA SRID
Tema Community One Main Market,Greater Accra,TMA-Tema East,2025-10-29,Sorghum,Retail,20.0,GHS,MoFA SRID
Tema Community One Main Market,Greater Accra,TMA-Tema East,2025-10-29,Soybeans,Retail,18.67,GHS,MoFA SRID
Tema Community One Main Market,Greater Accra,TMA-Tema East,2025-10-29,Tomatoes (local),Retail,41.67,GHS,MoFA SRID
Tema Community One Main Market,Greater Accra,TMA-Tema East,2025-10-29,Tomatoes (navrongo),Retail,75.0,GHS,MoFA SRID
Tema Community One Main Market,Greater Accra,TMA-Tema East,2025-10-29,Yam (puna),Retail,34.12,GHS,MoFA SRID
Bibiani,Western North,Bibiani Anhwiaso Bekwai Municipal,2025-10-30,Cassava,Wholesale,2.71,GHS,MoFA SRID
Bibiani,Western North,Bibiani Anhwiaso Bekwai Municipal,2025-10-30,Cowpeas (white),Wholesale,22.64,GHS,MoFA SRID
Bibiani,Western North,Bibiani Anhwiaso Bekwai Municipal,2025-10-30,Eggplants,Wholesale,10.84,GHS,MoFA SRID
Bibiani,Western North,Bibiani Anhwiaso Bekwai Municipal,2025-10-30,Eggs,Wholesale,55.0,GHS,MoFA SRID
Bibiani,Western North,Bibiani Anhwiaso Bekwai Municipal,2025-10-30,Gari,Wholesale,10.43,GHS,MoFA SRID
Bibiani,Western North,Bibiani Anhwiaso Bekwai Municipal,2025-10-30,Maize,Wholesale,7.37,GHS,MoFA SRID
Bibiani,Western North,Bibiani Anhwiaso Bekwai Municipal,2025-10-30,Maize (yellow),Wholesale,9.95,GHS,MoFA SRID
Bibiani,Western North,Bibiani Anhwiaso Bekwai Municipal,2025-10-30,Meat (chicken),Wholesale,18.33,GHS,MoFA SRID
Bibiani,Western North,Bibiani Anhwiaso Bekwai Municipal,2025-10-30,Millet,Wholesale,16.35,GHS,MoFA SRID
Bibiani,Western North,Bibiani Anhwiaso Bekwai Municipal,2025-10-30,Onions,Wholesale,27.46,GHS,MoFA SRID
Bibiani,Western North,Bibiani Anhwiaso Bekwai Municipal,2025-10-30,Peppers (dried),Wholesale,20.44,GHS,MoFA SRID
Bibiani,Western North,Bibiani Anhwiaso Bekwai Municipal,2025-10-30,Peppers (fresh),Wholesale,22.25,GHS,MoFA SRID
Bibiani,Western North,Bibiani Anhwiaso Bekwai Municipal,2025-10-30,Plantains (apentu),Wholesale,10.32,GHS,MoFA SRID
Bibiani,Western North,Bibiani Anhwiaso Bekwai Municipal,2025-10-30,Rice (imported),Wholesale,16.52,GHS,MoFA SRID
Bibiani,Western North,Bibiani Anhwiaso Bekwai Municipal,2025-10-30,Rice (local),Wholesale,11.64,GHS,MoFA SRID
Bibiani,Western North,Bibiani Anhwiaso Bekwai Municipal,2025-10-30,Soybeans,Wholesale,15.29,GHS,MoFA SRID
Bibiani,Western North,Bibiani Anhwiaso Bekwai Municipal,2025-10-30,Tomatoes (local),Wholesale,32.09,GHS,MoFA SRID
Bibiani,Western North,Bibiani Anhwiaso Bekwai Municipal,2025-10-30,Yam,Wholesale,8.01,GHS,MoFA SRID
Bibiani,Western North,Bibiani Anhwiaso Bekwai Municipal,2025-10-30,Yam (puna),Wholesale,10.02,GHS,MoFA SRID
Goaso,Ahafo,Asunafo North Municipal,2025-10-30,Cowpeas (white),Retail,13.33,GHS,MoFA SRID
Goaso,Ahafo,Asunafo North Municipal,2025-10-30,Cowpeas (white),Wholesale,14.64,GHS,MoFA SRID
Goaso,Ahafo,Asunafo North Municipal,2025-10-30,Eggplants,Retail,11.67,GHS,MoFA SRID
Goaso,Ahafo,Asunafo North Municipal,2025-10-30,Eggplants,Wholesale,8.34,GHS,MoFA SRID
Goaso,Ahafo,Asunafo North Municipal,2025-10-30,Eggs,Retail,51.67,GHS,MoFA SRID
Goaso,Ahafo,Asunafo North Municipal,2025-10-30,Eggs,Wholesale,46.67,GHS,MoFA SRID
Goaso,Ahafo,Asunafo North Municipal,2025-10-30,Gari,Retail,11.67,GHS,MoFA SRID
Goaso,Ahafo,Asunafo North Municipal,2025-10-30,Gari,Wholesale,12.5,GHS,MoFA SRID
Goaso,Ahafo,Asunafo North Municipal,2025-10-30,Maize,Retail,4.94,GHS,MoFA SRID
Goaso,Ahafo,Asunafo North Municipal,2025-10-30,Maize,Wholesale,5.43,GHS,MoFA SRID
Goaso,Ahafo,Asunafo North Municipal,2025-10-30,Maize (yellow),Retail,6.98,GHS,MoFA SRID
Goaso,Ahafo,Asunafo North Municipal,2025-10-30,Maize (yellow),Wholesale,5.41,GHS,MoFA SRID
Goaso,Ahafo,Asunafo North Municipal,2025-10-30,Millet,Retail,15.5,GHS,MoFA SRID
Goaso,Ahafo,Asunafo North Municipal,2025-10-30,Millet,Wholesale,13.24,GHS,MoFA SRID
Goaso,Ahafo,Asunafo North Municipal,2025-10-30,Peppers (fresh),Retail,31.67,GHS,MoFA SRID
Goaso,Ahafo,Asunafo North Municipal,2025-10-30,Peppers (fresh),Wholesale,38.79,GHS,MoFA SRID
Goaso,Ahafo,Asunafo North Municipal,2025-10-30,Plantains (apem),Retail,10.83,GHS,MoFA SRID
Goaso,Ahafo,Asunafo North Municipal,2025-10-30,Plantains (apentu),Retail,8.19,GHS,MoFA SRID
Goaso,Ahafo,Asunafo North Municipal,2025-10-30,Plantains (apentu),Wholesale,6.39,GHS,MoFA SRID
Goaso,Ahafo,Asunafo North Municipal,2025-10-30,Rice (local),Retail,13.33,GHS,MoFA SRID
Goaso,Ahafo,Asunafo North Municipal,2025-10-30,Rice (local),Wholesale,14.64,GHS,MoFA SRID
Goaso,Ahafo,Asunafo North Municipal,2025-10-30,Sorghum,Retail,13.17,GHS,MoFA SRID
Goaso,Ahafo,Asunafo North Municipal,2025-10-30,Sorghum,Wholesale,11.26,GHS,MoFA SRID
Goaso,Ahafo,Asunafo North Municipal,2025-10-30,Tomatoes (local),Retail,13.89,GHS,MoFA SRID
Goaso,Ahafo,Asunafo North Municipal,2025-10-30,Tomatoes (local),Wholesale,13.04,GHS,MoFA SRID
Goaso,Ahafo,Asunafo North Municipal,2025-10-30,Tomatoes (navrongo),Retail,16.2,GHS,MoFA SRID
Goaso,Ahafo,Asunafo North Municipal,2025-10-30,Tomatoes (navrongo),Wholesale,16.1,GHS,MoFA SRID
Koforidua,Eastern,New Juaben South Municipal,2025-10-30,Eggplants,Wholesale,5.0,GHS,MoFA SRID
Koforidua,Eastern,New Juaben South Municipal,2025-10-30,Eggs,Retail,70.0,GHS,MoFA SRID
Koforidua,Eastern,New Juaben South Municipal,2025-10-30,Eggs,Wholesale,58.33,GHS,MoFA SRID
Koforidua,Eastern,New Juaben South Municipal,2025-10-30,Gari,Wholesale,11.98,GHS,MoFA SRID
Koforidua,Eastern,New Juaben South Municipal,2025-10-30,Onions,Retail,9.09,GHS,MoFA SRID
Koforidua,Eastern,New Juaben South Municipal,2025-10-30,Onions,Wholesale,10.42,GHS,MoFA SRID
Koforidua,Eastern,New Juaben South Municipal,2025-10-30,Peppers (fresh),Wholesale,10.56,GHS,MoFA SRID
Koforidua,Eastern,New Juaben South Municipal,2025-10-30,Plantains (apentu),Retail,13.4,GHS,MoFA SRID
Koforidua,Eastern,New Juaben South Municipal,2025-10-30,Plantains (apentu),Wholesale,10.23,GHS,MoFA SRID
Koforidua,Eastern,New Juaben South Municipal,2025-10-30,Rice (imported),Retail,14.81,GHS,MoFA SRID
Koforidua,Eastern,New Juaben South Municipal,2025-10-30,Tomatoes (local),Retail,9.39,GHS,MoFA SRID
Koforidua,Eastern,New Juaben South Municipal,2025-10-30,Tomatoes (local),Wholesale,15.69,GHS,MoFA SRID
Koforidua,Eastern,New Juaben South Municipal,2025-10-30,Yam (puna),Retail,16.77,GHS,MoFA SRID
Koforidua,Eastern,New Juaben South Municipal,2025-10-30,Yam (puna),Wholesale,11.11,GHS,MoFA SRID
Obuasi,Ashanti,Obuasi Municipal,2025-10-30,Cassava,Retail,3.54,GHS,MoFA SRID
Obuasi,Ashanti,Obuasi Municipal,2025-10-30,Cowpeas (white),Retail,21.41,GHS,MoFA SRID
Obuasi,Ashanti,Obuasi Municipal,2025-10-30,Eggplants,Retail,11.7,GHS,MoFA SRID
Obuasi,Ashanti,Obuasi Municipal,2025-10-30,Maize,Retail,9.61,GHS,MoFA SRID
Obuasi,Ashanti,Obuasi Municipal,2025-10-30,Maize (yellow),Retail,8.56,GHS,MoFA SRID
Obuasi,Ashanti,Obuasi Municipal,2025-10-30,Millet,Retail,10.83,GHS,MoFA SRID
Obuasi,Ashanti,Obuasi Municipal,2025-10-30,Onions,Retail,30.26,GHS,MoFA SRID
Obuasi,Ashanti,Obuasi Municipal,2025-10-30,Peppers (dried),Retail,103.64,GHS,MoFA SRID
Obuasi,Ashanti,Obuasi Municipal,2025-10-30,Plantains (apentu),Retail,10.37,GHS,MoFA SRID
Obuasi,Ashanti,Obuasi Municipal,2025-10-30,Rice (local),Retail,13.81,GHS,MoFA SRID
Obuasi,Ashanti,Obuasi Municipal,2025-10-30,Soybeans,Retail,9.93,GHS,MoFA SRID
Obuasi,Ashanti,Obuasi Municipal,2025-10-30,Tomatoes (local),Retail,26.1,GHS,MoFA SRID
Obuasi,Ashanti,Obuasi Municipal,2025-10-30,Yam (puna),Retail,12.55,GHS,MoFA SRID
Wa,Upper West,Wa Municipal,2025-10-30,Cowpeas (white),Retail,21.74,GHS,MoFA SRID
Wa,Upper West,Wa Municipal,2025-10-30,Eggplants,Retail,5.56,GHS,MoFA SRID
Wa,Upper West,Wa Municipal,2025-10-30,Gari,Retail,15.0,GHS,MoFA SRID
Wa,Upper West,Wa Municipal,2025-10-30,Maize,Retail,4.94,GHS,MoFA SRID
Wa,Upper West,Wa Municipal,2025-10-30,Maize (yellow),Retail,5.06,GHS,MoFA SRID
Wa,Upper West,Wa Municipal,2025-10-30,Millet,Retail,10.45,GHS,MoFA SRID
Wa,Upper West,Wa Municipal,2025-10-30,Peppers (dried),Retail,61.54,GHS,MoFA SRID
Wa,Upper West,Wa Municipal,2025-10-30,Peppers (fresh),Retail,27.18,GHS,MoFA SRID
Wa,Upper West,Wa Municipal,2025-10-30,Rice (imported),Retail,13.79,GHS,MoFA SRID
Wa,Upper West,Wa Municipal,2025-10-30,Rice (local),Retail,12.93,GHS,MoFA SRID
Wa,Upper West,Wa Municipal,2025-10-30,Sorghum,Retail,6.67,GHS,MoFA SRID
Wa,Upper West,Wa Municipal,2025-10-30,Soybeans,Retail,6.0,GHS,MoFA SRID
Wa,Upper West,Wa Municipal,2025-10-30,Tomatoes (local),Retail,10.0,GHS,MoFA SRID
Wa,Upper West,Wa Municipal,2025-10-30,Tomatoes (navrongo),Retail,11.67,GHS,MoFA SRID
Wa,Upper West,Wa Municipal,2025-10-30,Yam,Retail,7.75,GHS,MoFA SRID
Wa,Upper West,Wa Municipal,2025-10-30,Yam (puna),Retail,12.01,GHS,MoFA SRID
Bibiani,Western North,Bibiani Anhwiaso Bekwai Municipal,2025-10-31,Cassava,Retail,2.26,GHS,MoFA SRID
Bibiani,Western North,Bibiani Anhwiaso Bekwai Municipal,2025-10-31,Cowpeas (white),Retail,20.9,GHS,MoFA SRID
Bibiani,Western North,Bibiani Anhwiaso Bekwai Municipal,2025-10-31,Eggplants,Retail,10.82,GHS,MoFA SRID
Bibiani,Western North,Bibiani Anhwiaso Bekwai Municipal,2025-10-31,Eggs,Retail,65.67,GHS,MoFA SRID
Bibiani,Western North,Bibiani Anhwiaso Bekwai Municipal,2025-10-31,Gari,Retail,17.78,GHS,MoFA SRID
Bibiani,Western North,Bibiani Anhwiaso Bekwai Municipal,2025-10-31,Maize,Retail,7.05,GHS,MoFA SRID
Bibiani,Western North,Bibiani Anhwiaso Bekwai Municipal,2025-10-31,Maize (yellow),Retail,8.1,GHS,MoFA SRID
Bibiani,Western North,Bibiani Anhwiaso Bekwai Municipal,2025-10-31,Meat (chicken),Retail,36.62,GHS,MoFA SRID
Bibiani,Western North,Bibiani Anhwiaso Bekwai Municipal,2025-10-31,Millet,Retail,20.0,GHS,MoFA SRID
Bibiani,Western North,Bibiani Anhwiaso Bekwai Municipal,2025-10-31,Onions,Retail,29.05,GHS,MoFA SRID
Bibiani,Western North,Bibiani Anhwiaso Bekwai Municipal,2025-10-31,Peppers (dried),Retail,27.36,GHS,MoFA SRID
Bibiani,Western North,Bibiani Anhwiaso Bekwai Municipal,2025-10-31,Peppers (fresh),Retail,6.44,GHS,MoFA SRID
Bibiani,Western North,Bibiani Anhwiaso Bekwai Municipal,2025-10-31,Plantains (apem),Retail,6.13,GHS,MoFA SRID
Bibiani,Western North,Bibiani Anhwiaso Bekwai Municipal,2025-10-31,Rice (imported),Retail,26.96,GHS,MoFA SRID
Bibiani,Western North,Bibiani Anhwiaso Bekwai Municipal,2025-10-31,Rice (local),Retail,28.5,GHS,MoFA SRID
Bibiani,Western North,Bibiani Anhwiaso Bekwai Municipal,2025-10-31,Soybeans,Retail,21.95,GHS,MoFA SRID
Bibiani,Western North,Bibiani Anhwiaso Bekwai Municipal,2025-10-31,Tomatoes (local),Retail,68.33,GHS,MoFA SRID
Bibiani,Western North,Bibiani Anhwiaso Bekwai Municipal,2025-10-31,Tomatoes (navrongo),Retail,110.24,GHS,MoFA SRID
Wa,Upper West,Wa Municipal,2025-10-31,Cowpeas (white),Wholesale,40.0,GHS,MoFA SRID
Wa,Upper West,Wa Municipal,2025-10-31,Gari,Wholesale,20.0,GHS,MoFA SRID
Wa,Upper West,Wa Municipal,2025-10-31,Maize,Wholesale,9.67,GHS,MoFA SRID
Wa,Upper West,Wa Municipal,2025-10-31,Maize (yellow),Wholesale,10.0,GHS,MoFA SRID
Wa,Upper West,Wa Municipal,2025-10-31,Millet,Wholesale,24.0,GHS,MoFA SRID
Wa,Upper West,Wa Municipal,2025-10-31,Peppers (dried),Wholesale,12.0,GHS,MoFA SRID
Wa,Upper West,Wa Municipal,2025-10-31,Peppers (fresh),Wholesale,10.5,GHS,MoFA SRID
Wa,Upper West,Wa Municipal,2025-10-31,Rice (imported),Wholesale,12.2,GHS,MoFA SRID
Wa,Upper West,Wa Municipal,2025-10-31,Rice (local),Wholesale,30.0,GHS,MoFA SRID
Wa,Upper West,Wa Municipal,2025-10-31,Sorghum,Wholesale,14.4,GHS,MoFA SRID
Wa,Upper West,Wa Municipal,2025-10-31,Soybeans,Wholesale,14.4,GHS,MoFA SRID
Wa,Upper West,Wa Municipal,2025-10-31,Yam,Wholesale,3.12,GHS,MoFA SRID
Wa,Upper West,Wa Municipal,2025-10-31,Yam (puna),Wholesale,3.75,GHS,MoFA SRID
